Copyright 1986-2022 Xilinx, Inc. All Rights Reserved.
----------------------------------------------------------------------------------------------------------------------------------------------------------------------------------------------------------------
| Tool Version      : Vivado v.2022.2 (lin64) Build 3671981 Fri Oct 14 04:59:54 MDT 2022
| Date              : Sat Mar 15 23:25:47 2025
| Host              : n2cn0189.ab2021.local running 64-bit Ubuntu 22.04.1 LTS
| Command           : report_timing_summary -max_paths 10 -report_unconstrained -file top_wrapper_timing_summary_routed.rpt -pb top_wrapper_timing_summary_routed.pb -rpx top_wrapper_timing_summary_routed.rpx
| Design            : top_wrapper
| Device            : xczu28dr-ffvg1517
| Speed File        : -2  PRODUCTION 1.30 05-03-2022
| Temperature Grade : E
----------------------------------------------------------------------------------------------------------------------------------------------------------------------------------------------------------------

Timing Summary Report

------------------------------------------------------------------------------------------------
| Timer Settings
| --------------
------------------------------------------------------------------------------------------------

  Enable Multi Corner Analysis               :  Yes
  Enable Pessimism Removal                   :  Yes
  Pessimism Removal Resolution               :  Nearest Common Node
  Enable Input Delay Default Clock           :  No
  Enable Preset / Clear Arcs                 :  No
  Disable Flight Delays                      :  No
  Ignore I/O Paths                           :  No
  Timing Early Launch at Borrowing Latches   :  No
  Borrow Time for Max Delay Exceptions       :  Yes
  Merge Timing Exceptions                    :  Yes

  Corner  Analyze    Analyze    
  Name    Max Paths  Min Paths  
  ------  ---------  ---------  
  Slow    Yes        Yes        
  Fast    Yes        Yes        


------------------------------------------------------------------------------------------------
| Report Methodology
| ------------------
------------------------------------------------------------------------------------------------

Rule     Severity  Description                   Violations  
-------  --------  ----------------------------  ----------  
LUTAR-1  Warning   LUT drives async reset alert  3           

Note: This report is based on the most recent report_methodology run and may not be up-to-date. Run report_methodology on the current design for the latest report.



check_timing report

Table of Contents
-----------------
1. checking no_clock (0)
2. checking constant_clock (0)
3. checking pulse_width_clock (0)
4. checking unconstrained_internal_endpoints (0)
5. checking no_input_delay (0)
6. checking no_output_delay (0)
7. checking multiple_clock (0)
8. checking generated_clocks (0)
9. checking loops (0)
10. checking partial_input_delay (0)
11. checking partial_output_delay (0)
12. checking latch_loops (0)

1. checking no_clock (0)
------------------------
 There are 0 register/latch pins with no clock.


2. checking constant_clock (0)
------------------------------
 There are 0 register/latch pins with constant_clock.


3. checking pulse_width_clock (0)
---------------------------------
 There are 0 register/latch pins which need pulse_width check


4. checking unconstrained_internal_endpoints (0)
------------------------------------------------
 There are 0 pins that are not constrained for maximum delay.

 There are 0 pins that are not constrained for maximum delay due to constant clock.


5. checking no_input_delay (0)
------------------------------
 There are 0 input ports with no input delay specified.

 There are 0 input ports with no input delay but user has a false path constraint.


6. checking no_output_delay (0)
-------------------------------
 There are 0 ports with no output delay specified.

 There are 0 ports with no output delay but user has a false path constraint

 There are 0 ports with no output delay but with a timing clock defined on it or propagating through it


7. checking multiple_clock (0)
------------------------------
 There are 0 register/latch pins with multiple clocks.


8. checking generated_clocks (0)
--------------------------------
 There are 0 generated clocks that are not connected to a clock source.


9. checking loops (0)
---------------------
 There are 0 combinational loops in the design.


10. checking partial_input_delay (0)
------------------------------------
 There are 0 input ports with partial input delay specified.


11. checking partial_output_delay (0)
-------------------------------------
 There are 0 ports with partial output delay specified.


12. checking latch_loops (0)
----------------------------
 There are 0 combinational latch loops in the design through latch input



------------------------------------------------------------------------------------------------
| Design Timing Summary
| ---------------------
------------------------------------------------------------------------------------------------

    WNS(ns)      TNS(ns)  TNS Failing Endpoints  TNS Total Endpoints      WHS(ns)      THS(ns)  THS Failing Endpoints  THS Total Endpoints     WPWS(ns)     TPWS(ns)  TPWS Failing Endpoints  TPWS Total Endpoints  
    -------      -------  ---------------------  -------------------      -------      -------  ---------------------  -------------------     --------     --------  ----------------------  --------------------  
      0.768        0.000                      0               389017        0.010        0.000                      0               389017        3.500        0.000                       0                 84189  


All user specified timing constraints are met.


------------------------------------------------------------------------------------------------
| Clock Summary
| -------------
------------------------------------------------------------------------------------------------

Clock     Waveform(ns)       Period(ns)      Frequency(MHz)
-----     ------------       ----------      --------------
clk_pl_0  {0.000 5.000}      10.000          100.000         


------------------------------------------------------------------------------------------------
| Intra Clock Table
| -----------------
------------------------------------------------------------------------------------------------

Clock             WNS(ns)      TNS(ns)  TNS Failing Endpoints  TNS Total Endpoints      WHS(ns)      THS(ns)  THS Failing Endpoints  THS Total Endpoints     WPWS(ns)     TPWS(ns)  TPWS Failing Endpoints  TPWS Total Endpoints  
-----             -------      -------  ---------------------  -------------------      -------      -------  ---------------------  -------------------     --------     --------  ----------------------  --------------------  
clk_pl_0            0.768        0.000                      0               388921        0.010        0.000                      0               388921        3.500        0.000                       0                 84189  


------------------------------------------------------------------------------------------------
| Inter Clock Table
| -----------------
------------------------------------------------------------------------------------------------

From Clock    To Clock          WNS(ns)      TNS(ns)  TNS Failing Endpoints  TNS Total Endpoints      WHS(ns)      THS(ns)  THS Failing Endpoints  THS Total Endpoints  
----------    --------          -------      -------  ---------------------  -------------------      -------      -------  ---------------------  -------------------  


------------------------------------------------------------------------------------------------
| Other Path Groups Table
| -----------------------
------------------------------------------------------------------------------------------------

Path Group         From Clock         To Clock               WNS(ns)      TNS(ns)  TNS Failing Endpoints  TNS Total Endpoints      WHS(ns)      THS(ns)  THS Failing Endpoints  THS Total Endpoints  
----------         ----------         --------               -------      -------  ---------------------  -------------------      -------      -------  ---------------------  -------------------  
**async_default**  clk_pl_0           clk_pl_0                 8.597        0.000                      0                   96        0.189        0.000                      0                   96  


------------------------------------------------------------------------------------------------
| User Ignored Path Table
| -----------------------
------------------------------------------------------------------------------------------------

Path Group    From Clock    To Clock    
----------    ----------    --------    
(none)                      clk_pl_0      
(none)        clk_pl_0      clk_pl_0      


------------------------------------------------------------------------------------------------
| Unconstrained Path Table
| ------------------------
------------------------------------------------------------------------------------------------

Path Group    From Clock    To Clock    
----------    ----------    --------    


------------------------------------------------------------------------------------------------
| Timing Details
| --------------
------------------------------------------------------------------------------------------------


---------------------------------------------------------------------------------------------------
From Clock:  clk_pl_0
  To Clock:  clk_pl_0

Setup :            0  Failing Endpoints,  Worst Slack        0.768ns,  Total Violation        0.000ns
Hold  :            0  Failing Endpoints,  Worst Slack        0.010ns,  Total Violation        0.000ns
PW    :            0  Failing Endpoints,  Worst Slack        3.500ns,  Total Violation        0.000ns
---------------------------------------------------------------------------------------------------


Max Delay Paths
--------------------------------------------------------------------------------------
Slack (MET) :             0.768ns  (required time - arrival time)
  Source:                 top_i/StreamingDataflowPartition_0/inst/StreamingDataflowPartition_0_MVAU_rtl_1/StreamingDataflowPartition_0_MVAU_rtl_1_wstrm/inst/core/mem/blkStage1.Ptr_reg[1][val][0]/C
                            (rising edge-triggered cell FDRE clocked by clk_pl_0  {rise@0.000ns fall@5.000ns period=10.000ns})
  Destination:            top_i/StreamingDataflowPartition_0/inst/StreamingDataflowPartition_0_MVAU_rtl_1/StreamingDataflowPartition_0_MVAU_rtl_1_wstrm/inst/core/mem/blkStage2.Data2_reg[1340]/D
                            (rising edge-triggered cell FDRE clocked by clk_pl_0  {rise@0.000ns fall@5.000ns period=10.000ns})
  Path Group:             clk_pl_0
  Path Type:              Setup (Max at Slow Process Corner)
  Requirement:            10.000ns  (clk_pl_0 rise@10.000ns - clk_pl_0 rise@0.000ns)
  Data Path Delay:        8.921ns  (logic 0.223ns (2.500%)  route 8.698ns (97.500%))
  Logic Levels:           1  (RAMS32=1)
  Clock Path Skew:        -0.206ns (DCD - SCD + CPR)
    Destination Clock Delay (DCD):    2.057ns = ( 12.057 - 10.000 ) 
    Source Clock Delay      (SCD):    2.372ns
    Clock Pessimism Removal (CPR):    0.109ns
  Clock Uncertainty:      0.130ns  ((TSJ^2 + DJ^2)^1/2) / 2 + PE
    Total System Jitter     (TSJ):    0.071ns
    Discrete Jitter          (DJ):    0.250ns
    Phase Error              (PE):    0.000ns
  Clock Net Delay (Source):      2.146ns (routing 0.676ns, distribution 1.470ns)
  Clock Net Delay (Destination): 1.875ns (routing 0.611ns, distribution 1.264ns)

    Location             Delay type                Incr(ns)  Path(ns)    Netlist Resource(s)
  -------------------------------------------------------------------    -------------------
                         (clock clk_pl_0 rise edge)
                                                      0.000     0.000 r  
    PS8_X0Y0             PS8                          0.000     0.000 r  top_i/zynq_ps/inst/PS8_i/PLCLK[0]
                         net (fo=1, routed)           0.198     0.198    top_i/zynq_ps/inst/pl_clk_unbuffered[0]
    BUFG_PS_X0Y58        BUFG_PS (Prop_BUFG_PS_I_O)
                                                      0.028     0.226 r  top_i/zynq_ps/inst/buffer_pl_clk_0.PL_CLK_0_BUFG/O
    X2Y3 (CLOCK_ROOT)    net (fo=89829, routed)       2.146     2.372    top_i/StreamingDataflowPartition_0/inst/StreamingDataflowPartition_0_MVAU_rtl_1/StreamingDataflowPartition_0_MVAU_rtl_1_wstrm/inst/core/mem/ap_clk
    SLICE_X24Y231        FDRE                                         r  top_i/StreamingDataflowPartition_0/inst/StreamingDataflowPartition_0_MVAU_rtl_1/StreamingDataflowPartition_0_MVAU_rtl_1_wstrm/inst/core/mem/blkStage1.Ptr_reg[1][val][0]/C
  -------------------------------------------------------------------    -------------------
    SLICE_X24Y231        FDRE (Prop_HFF2_SLICEM_C_Q)
                                                      0.078     2.450 r  top_i/StreamingDataflowPartition_0/inst/StreamingDataflowPartition_0_MVAU_rtl_1/StreamingDataflowPartition_0_MVAU_rtl_1_wstrm/inst/core/mem/blkStage1.Ptr_reg[1][val][0]/Q
                         net (fo=6144, routed)        8.632    11.083    top_i/StreamingDataflowPartition_0/inst/StreamingDataflowPartition_0_MVAU_rtl_1/StreamingDataflowPartition_0_MVAU_rtl_1_wstrm/inst/core/mem/blkStage2.Mem_reg_0_1_1340_1340/A0
    SLICE_X42Y299        RAMS32 (Prop_C6LUT_SLICEM_ADR0_O)
                                                      0.145    11.228 r  top_i/StreamingDataflowPartition_0/inst/StreamingDataflowPartition_0_MVAU_rtl_1/StreamingDataflowPartition_0_MVAU_rtl_1_wstrm/inst/core/mem/blkStage2.Mem_reg_0_1_1340_1340/SP/O
                         net (fo=1, routed)           0.066    11.294    top_i/StreamingDataflowPartition_0/inst/StreamingDataflowPartition_0_MVAU_rtl_1/StreamingDataflowPartition_0_MVAU_rtl_1_wstrm/inst/core/mem/Data20[1340]
    SLICE_X42Y299        FDRE                                         r  top_i/StreamingDataflowPartition_0/inst/StreamingDataflowPartition_0_MVAU_rtl_1/StreamingDataflowPartition_0_MVAU_rtl_1_wstrm/inst/core/mem/blkStage2.Data2_reg[1340]/D
  -------------------------------------------------------------------    -------------------

                         (clock clk_pl_0 rise edge)
                                                     10.000    10.000 r  
    PS8_X0Y0             PS8                          0.000    10.000 r  top_i/zynq_ps/inst/PS8_i/PLCLK[0]
                         net (fo=1, routed)           0.157    10.157    top_i/zynq_ps/inst/pl_clk_unbuffered[0]
    BUFG_PS_X0Y58        BUFG_PS (Prop_BUFG_PS_I_O)
                                                      0.025    10.182 r  top_i/zynq_ps/inst/buffer_pl_clk_0.PL_CLK_0_BUFG/O
    X2Y3 (CLOCK_ROOT)    net (fo=89829, routed)       1.875    12.057    top_i/StreamingDataflowPartition_0/inst/StreamingDataflowPartition_0_MVAU_rtl_1/StreamingDataflowPartition_0_MVAU_rtl_1_wstrm/inst/core/mem/ap_clk
    SLICE_X42Y299        FDRE                                         r  top_i/StreamingDataflowPartition_0/inst/StreamingDataflowPartition_0_MVAU_rtl_1/StreamingDataflowPartition_0_MVAU_rtl_1_wstrm/inst/core/mem/blkStage2.Data2_reg[1340]/C
                         clock pessimism              0.109    12.166    
                         clock uncertainty           -0.130    12.037    
    SLICE_X42Y299        FDRE (Setup_CFF_SLICEM_C_D)
                                                      0.025    12.062    top_i/StreamingDataflowPartition_0/inst/StreamingDataflowPartition_0_MVAU_rtl_1/StreamingDataflowPartition_0_MVAU_rtl_1_wstrm/inst/core/mem/blkStage2.Data2_reg[1340]
  -------------------------------------------------------------------
                         required time                         12.062    
                         arrival time                         -11.294    
  -------------------------------------------------------------------
                         slack                                  0.768    

Slack (MET) :             0.778ns  (required time - arrival time)
  Source:                 top_i/StreamingDataflowPartition_0/inst/StreamingDataflowPartition_0_MVAU_rtl_1/StreamingDataflowPartition_0_MVAU_rtl_1_wstrm/inst/core/mem/blkStage1.Ptr_reg[1][val][0]/C
                            (rising edge-triggered cell FDRE clocked by clk_pl_0  {rise@0.000ns fall@5.000ns period=10.000ns})
  Destination:            top_i/StreamingDataflowPartition_0/inst/StreamingDataflowPartition_0_MVAU_rtl_1/StreamingDataflowPartition_0_MVAU_rtl_1_wstrm/inst/core/mem/blkStage2.Data2_reg[910]/D
                            (rising edge-triggered cell FDRE clocked by clk_pl_0  {rise@0.000ns fall@5.000ns period=10.000ns})
  Path Group:             clk_pl_0
  Path Type:              Setup (Max at Slow Process Corner)
  Requirement:            10.000ns  (clk_pl_0 rise@10.000ns - clk_pl_0 rise@0.000ns)
  Data Path Delay:        8.979ns  (logic 0.227ns (2.528%)  route 8.752ns (97.472%))
  Logic Levels:           1  (RAMS32=1)
  Clock Path Skew:        -0.138ns (DCD - SCD + CPR)
    Destination Clock Delay (DCD):    2.126ns = ( 12.126 - 10.000 ) 
    Source Clock Delay      (SCD):    2.372ns
    Clock Pessimism Removal (CPR):    0.109ns
  Clock Uncertainty:      0.130ns  ((TSJ^2 + DJ^2)^1/2) / 2 + PE
    Total System Jitter     (TSJ):    0.071ns
    Discrete Jitter          (DJ):    0.250ns
    Phase Error              (PE):    0.000ns
  Clock Net Delay (Source):      2.146ns (routing 0.676ns, distribution 1.470ns)
  Clock Net Delay (Destination): 1.944ns (routing 0.611ns, distribution 1.333ns)

    Location             Delay type                Incr(ns)  Path(ns)    Netlist Resource(s)
  -------------------------------------------------------------------    -------------------
                         (clock clk_pl_0 rise edge)
                                                      0.000     0.000 r  
    PS8_X0Y0             PS8                          0.000     0.000 r  top_i/zynq_ps/inst/PS8_i/PLCLK[0]
                         net (fo=1, routed)           0.198     0.198    top_i/zynq_ps/inst/pl_clk_unbuffered[0]
    BUFG_PS_X0Y58        BUFG_PS (Prop_BUFG_PS_I_O)
                                                      0.028     0.226 r  top_i/zynq_ps/inst/buffer_pl_clk_0.PL_CLK_0_BUFG/O
    X2Y3 (CLOCK_ROOT)    net (fo=89829, routed)       2.146     2.372    top_i/StreamingDataflowPartition_0/inst/StreamingDataflowPartition_0_MVAU_rtl_1/StreamingDataflowPartition_0_MVAU_rtl_1_wstrm/inst/core/mem/ap_clk
    SLICE_X24Y231        FDRE                                         r  top_i/StreamingDataflowPartition_0/inst/StreamingDataflowPartition_0_MVAU_rtl_1/StreamingDataflowPartition_0_MVAU_rtl_1_wstrm/inst/core/mem/blkStage1.Ptr_reg[1][val][0]/C
  -------------------------------------------------------------------    -------------------
    SLICE_X24Y231        FDRE (Prop_HFF2_SLICEM_C_Q)
                                                      0.078     2.450 r  top_i/StreamingDataflowPartition_0/inst/StreamingDataflowPartition_0_MVAU_rtl_1/StreamingDataflowPartition_0_MVAU_rtl_1_wstrm/inst/core/mem/blkStage1.Ptr_reg[1][val][0]/Q
                         net (fo=6144, routed)        8.693    11.143    top_i/StreamingDataflowPartition_0/inst/StreamingDataflowPartition_0_MVAU_rtl_1/StreamingDataflowPartition_0_MVAU_rtl_1_wstrm/inst/core/mem/blkStage2.Mem_reg_0_1_910_910/A0
    SLICE_X37Y307        RAMS32 (Prop_B6LUT_SLICEM_ADR0_O)
                                                      0.149    11.292 r  top_i/StreamingDataflowPartition_0/inst/StreamingDataflowPartition_0_MVAU_rtl_1/StreamingDataflowPartition_0_MVAU_rtl_1_wstrm/inst/core/mem/blkStage2.Mem_reg_0_1_910_910/SP/O
                         net (fo=1, routed)           0.059    11.351    top_i/StreamingDataflowPartition_0/inst/StreamingDataflowPartition_0_MVAU_rtl_1/StreamingDataflowPartition_0_MVAU_rtl_1_wstrm/inst/core/mem/Data20[910]
    SLICE_X37Y307        FDRE                                         r  top_i/StreamingDataflowPartition_0/inst/StreamingDataflowPartition_0_MVAU_rtl_1/StreamingDataflowPartition_0_MVAU_rtl_1_wstrm/inst/core/mem/blkStage2.Data2_reg[910]/D
  -------------------------------------------------------------------    -------------------

                         (clock clk_pl_0 rise edge)
                                                     10.000    10.000 r  
    PS8_X0Y0             PS8                          0.000    10.000 r  top_i/zynq_ps/inst/PS8_i/PLCLK[0]
                         net (fo=1, routed)           0.157    10.157    top_i/zynq_ps/inst/pl_clk_unbuffered[0]
    BUFG_PS_X0Y58        BUFG_PS (Prop_BUFG_PS_I_O)
                                                      0.025    10.182 r  top_i/zynq_ps/inst/buffer_pl_clk_0.PL_CLK_0_BUFG/O
    X2Y3 (CLOCK_ROOT)    net (fo=89829, routed)       1.944    12.126    top_i/StreamingDataflowPartition_0/inst/StreamingDataflowPartition_0_MVAU_rtl_1/StreamingDataflowPartition_0_MVAU_rtl_1_wstrm/inst/core/mem/ap_clk
    SLICE_X37Y307        FDRE                                         r  top_i/StreamingDataflowPartition_0/inst/StreamingDataflowPartition_0_MVAU_rtl_1/StreamingDataflowPartition_0_MVAU_rtl_1_wstrm/inst/core/mem/blkStage2.Data2_reg[910]/C
                         clock pessimism              0.109    12.235    
                         clock uncertainty           -0.130    12.105    
    SLICE_X37Y307        FDRE (Setup_BFF_SLICEM_C_D)
                                                      0.025    12.130    top_i/StreamingDataflowPartition_0/inst/StreamingDataflowPartition_0_MVAU_rtl_1/StreamingDataflowPartition_0_MVAU_rtl_1_wstrm/inst/core/mem/blkStage2.Data2_reg[910]
  -------------------------------------------------------------------
                         required time                         12.130    
                         arrival time                         -11.351    
  -------------------------------------------------------------------
                         slack                                  0.778    

Slack (MET) :             0.780ns  (required time - arrival time)
  Source:                 top_i/StreamingDataflowPartition_0/inst/StreamingDataflowPartition_0_MVAU_rtl_1/StreamingDataflowPartition_0_MVAU_rtl_1_wstrm/inst/core/mem/blkStage1.Ptr_reg[1][val][0]/C
                            (rising edge-triggered cell FDRE clocked by clk_pl_0  {rise@0.000ns fall@5.000ns period=10.000ns})
  Destination:            top_i/StreamingDataflowPartition_0/inst/StreamingDataflowPartition_0_MVAU_rtl_1/StreamingDataflowPartition_0_MVAU_rtl_1_wstrm/inst/core/mem/blkStage2.Data2_reg[907]/D
                            (rising edge-triggered cell FDRE clocked by clk_pl_0  {rise@0.000ns fall@5.000ns period=10.000ns})
  Path Group:             clk_pl_0
  Path Type:              Setup (Max at Slow Process Corner)
  Requirement:            10.000ns  (clk_pl_0 rise@10.000ns - clk_pl_0 rise@0.000ns)
  Data Path Delay:        8.977ns  (logic 0.223ns (2.484%)  route 8.754ns (97.516%))
  Logic Levels:           1  (RAMS32=1)
  Clock Path Skew:        -0.138ns (DCD - SCD + CPR)
    Destination Clock Delay (DCD):    2.126ns = ( 12.126 - 10.000 ) 
    Source Clock Delay      (SCD):    2.372ns
    Clock Pessimism Removal (CPR):    0.109ns
  Clock Uncertainty:      0.130ns  ((TSJ^2 + DJ^2)^1/2) / 2 + PE
    Total System Jitter     (TSJ):    0.071ns
    Discrete Jitter          (DJ):    0.250ns
    Phase Error              (PE):    0.000ns
  Clock Net Delay (Source):      2.146ns (routing 0.676ns, distribution 1.470ns)
  Clock Net Delay (Destination): 1.944ns (routing 0.611ns, distribution 1.333ns)

    Location             Delay type                Incr(ns)  Path(ns)    Netlist Resource(s)
  -------------------------------------------------------------------    -------------------
                         (clock clk_pl_0 rise edge)
                                                      0.000     0.000 r  
    PS8_X0Y0             PS8                          0.000     0.000 r  top_i/zynq_ps/inst/PS8_i/PLCLK[0]
                         net (fo=1, routed)           0.198     0.198    top_i/zynq_ps/inst/pl_clk_unbuffered[0]
    BUFG_PS_X0Y58        BUFG_PS (Prop_BUFG_PS_I_O)
                                                      0.028     0.226 r  top_i/zynq_ps/inst/buffer_pl_clk_0.PL_CLK_0_BUFG/O
    X2Y3 (CLOCK_ROOT)    net (fo=89829, routed)       2.146     2.372    top_i/StreamingDataflowPartition_0/inst/StreamingDataflowPartition_0_MVAU_rtl_1/StreamingDataflowPartition_0_MVAU_rtl_1_wstrm/inst/core/mem/ap_clk
    SLICE_X24Y231        FDRE                                         r  top_i/StreamingDataflowPartition_0/inst/StreamingDataflowPartition_0_MVAU_rtl_1/StreamingDataflowPartition_0_MVAU_rtl_1_wstrm/inst/core/mem/blkStage1.Ptr_reg[1][val][0]/C
  -------------------------------------------------------------------    -------------------
    SLICE_X24Y231        FDRE (Prop_HFF2_SLICEM_C_Q)
                                                      0.078     2.450 r  top_i/StreamingDataflowPartition_0/inst/StreamingDataflowPartition_0_MVAU_rtl_1/StreamingDataflowPartition_0_MVAU_rtl_1_wstrm/inst/core/mem/blkStage1.Ptr_reg[1][val][0]/Q
                         net (fo=6144, routed)        8.682    11.132    top_i/StreamingDataflowPartition_0/inst/StreamingDataflowPartition_0_MVAU_rtl_1/StreamingDataflowPartition_0_MVAU_rtl_1_wstrm/inst/core/mem/blkStage2.Mem_reg_0_1_907_907/A0
    SLICE_X37Y307        RAMS32 (Prop_D6LUT_SLICEM_ADR0_O)
                                                      0.145    11.277 r  top_i/StreamingDataflowPartition_0/inst/StreamingDataflowPartition_0_MVAU_rtl_1/StreamingDataflowPartition_0_MVAU_rtl_1_wstrm/inst/core/mem/blkStage2.Mem_reg_0_1_907_907/SP/O
                         net (fo=1, routed)           0.072    11.349    top_i/StreamingDataflowPartition_0/inst/StreamingDataflowPartition_0_MVAU_rtl_1/StreamingDataflowPartition_0_MVAU_rtl_1_wstrm/inst/core/mem/Data20[907]
    SLICE_X37Y307        FDRE                                         r  top_i/StreamingDataflowPartition_0/inst/StreamingDataflowPartition_0_MVAU_rtl_1/StreamingDataflowPartition_0_MVAU_rtl_1_wstrm/inst/core/mem/blkStage2.Data2_reg[907]/D
  -------------------------------------------------------------------    -------------------

                         (clock clk_pl_0 rise edge)
                                                     10.000    10.000 r  
    PS8_X0Y0             PS8                          0.000    10.000 r  top_i/zynq_ps/inst/PS8_i/PLCLK[0]
                         net (fo=1, routed)           0.157    10.157    top_i/zynq_ps/inst/pl_clk_unbuffered[0]
    BUFG_PS_X0Y58        BUFG_PS (Prop_BUFG_PS_I_O)
                                                      0.025    10.182 r  top_i/zynq_ps/inst/buffer_pl_clk_0.PL_CLK_0_BUFG/O
    X2Y3 (CLOCK_ROOT)    net (fo=89829, routed)       1.944    12.126    top_i/StreamingDataflowPartition_0/inst/StreamingDataflowPartition_0_MVAU_rtl_1/StreamingDataflowPartition_0_MVAU_rtl_1_wstrm/inst/core/mem/ap_clk
    SLICE_X37Y307        FDRE                                         r  top_i/StreamingDataflowPartition_0/inst/StreamingDataflowPartition_0_MVAU_rtl_1/StreamingDataflowPartition_0_MVAU_rtl_1_wstrm/inst/core/mem/blkStage2.Data2_reg[907]/C
                         clock pessimism              0.109    12.235    
                         clock uncertainty           -0.130    12.105    
    SLICE_X37Y307        FDRE (Setup_DFF_SLICEM_C_D)
                                                      0.025    12.130    top_i/StreamingDataflowPartition_0/inst/StreamingDataflowPartition_0_MVAU_rtl_1/StreamingDataflowPartition_0_MVAU_rtl_1_wstrm/inst/core/mem/blkStage2.Data2_reg[907]
  -------------------------------------------------------------------
                         required time                         12.130    
                         arrival time                         -11.349    
  -------------------------------------------------------------------
                         slack                                  0.780    

Slack (MET) :             0.793ns  (required time - arrival time)
  Source:                 top_i/StreamingDataflowPartition_0/inst/StreamingDataflowPartition_0_MVAU_rtl_1/StreamingDataflowPartition_0_MVAU_rtl_1_wstrm/inst/core/mem/blkStage1.Ptr_reg[1][val][0]/C
                            (rising edge-triggered cell FDRE clocked by clk_pl_0  {rise@0.000ns fall@5.000ns period=10.000ns})
  Destination:            top_i/StreamingDataflowPartition_0/inst/StreamingDataflowPartition_0_MVAU_rtl_1/StreamingDataflowPartition_0_MVAU_rtl_1_wstrm/inst/core/mem/blkStage2.Data2_reg[1341]/D
                            (rising edge-triggered cell FDRE clocked by clk_pl_0  {rise@0.000ns fall@5.000ns period=10.000ns})
  Path Group:             clk_pl_0
  Path Type:              Setup (Max at Slow Process Corner)
  Requirement:            10.000ns  (clk_pl_0 rise@10.000ns - clk_pl_0 rise@0.000ns)
  Data Path Delay:        8.896ns  (logic 0.237ns (2.664%)  route 8.659ns (97.336%))
  Logic Levels:           1  (RAMS32=1)
  Clock Path Skew:        -0.206ns (DCD - SCD + CPR)
    Destination Clock Delay (DCD):    2.057ns = ( 12.057 - 10.000 ) 
    Source Clock Delay      (SCD):    2.372ns
    Clock Pessimism Removal (CPR):    0.109ns
  Clock Uncertainty:      0.130ns  ((TSJ^2 + DJ^2)^1/2) / 2 + PE
    Total System Jitter     (TSJ):    0.071ns
    Discrete Jitter          (DJ):    0.250ns
    Phase Error              (PE):    0.000ns
  Clock Net Delay (Source):      2.146ns (routing 0.676ns, distribution 1.470ns)
  Clock Net Delay (Destination): 1.875ns (routing 0.611ns, distribution 1.264ns)

    Location             Delay type                Incr(ns)  Path(ns)    Netlist Resource(s)
  -------------------------------------------------------------------    -------------------
                         (clock clk_pl_0 rise edge)
                                                      0.000     0.000 r  
    PS8_X0Y0             PS8                          0.000     0.000 r  top_i/zynq_ps/inst/PS8_i/PLCLK[0]
                         net (fo=1, routed)           0.198     0.198    top_i/zynq_ps/inst/pl_clk_unbuffered[0]
    BUFG_PS_X0Y58        BUFG_PS (Prop_BUFG_PS_I_O)
                                                      0.028     0.226 r  top_i/zynq_ps/inst/buffer_pl_clk_0.PL_CLK_0_BUFG/O
    X2Y3 (CLOCK_ROOT)    net (fo=89829, routed)       2.146     2.372    top_i/StreamingDataflowPartition_0/inst/StreamingDataflowPartition_0_MVAU_rtl_1/StreamingDataflowPartition_0_MVAU_rtl_1_wstrm/inst/core/mem/ap_clk
    SLICE_X24Y231        FDRE                                         r  top_i/StreamingDataflowPartition_0/inst/StreamingDataflowPartition_0_MVAU_rtl_1/StreamingDataflowPartition_0_MVAU_rtl_1_wstrm/inst/core/mem/blkStage1.Ptr_reg[1][val][0]/C
  -------------------------------------------------------------------    -------------------
    SLICE_X24Y231        FDRE (Prop_HFF2_SLICEM_C_Q)
                                                      0.078     2.450 r  top_i/StreamingDataflowPartition_0/inst/StreamingDataflowPartition_0_MVAU_rtl_1/StreamingDataflowPartition_0_MVAU_rtl_1_wstrm/inst/core/mem/blkStage1.Ptr_reg[1][val][0]/Q
                         net (fo=6144, routed)        8.632    11.083    top_i/StreamingDataflowPartition_0/inst/StreamingDataflowPartition_0_MVAU_rtl_1/StreamingDataflowPartition_0_MVAU_rtl_1_wstrm/inst/core/mem/blkStage2.Mem_reg_0_1_1341_1341/A0
    SLICE_X42Y299        RAMS32 (Prop_C5LUT_SLICEM_ADR0_O)
                                                      0.159    11.242 r  top_i/StreamingDataflowPartition_0/inst/StreamingDataflowPartition_0_MVAU_rtl_1/StreamingDataflowPartition_0_MVAU_rtl_1_wstrm/inst/core/mem/blkStage2.Mem_reg_0_1_1341_1341/SP/O
                         net (fo=1, routed)           0.027    11.269    top_i/StreamingDataflowPartition_0/inst/StreamingDataflowPartition_0_MVAU_rtl_1/StreamingDataflowPartition_0_MVAU_rtl_1_wstrm/inst/core/mem/Data20[1341]
    SLICE_X42Y299        FDRE                                         r  top_i/StreamingDataflowPartition_0/inst/StreamingDataflowPartition_0_MVAU_rtl_1/StreamingDataflowPartition_0_MVAU_rtl_1_wstrm/inst/core/mem/blkStage2.Data2_reg[1341]/D
  -------------------------------------------------------------------    -------------------

                         (clock clk_pl_0 rise edge)
                                                     10.000    10.000 r  
    PS8_X0Y0             PS8                          0.000    10.000 r  top_i/zynq_ps/inst/PS8_i/PLCLK[0]
                         net (fo=1, routed)           0.157    10.157    top_i/zynq_ps/inst/pl_clk_unbuffered[0]
    BUFG_PS_X0Y58        BUFG_PS (Prop_BUFG_PS_I_O)
                                                      0.025    10.182 r  top_i/zynq_ps/inst/buffer_pl_clk_0.PL_CLK_0_BUFG/O
    X2Y3 (CLOCK_ROOT)    net (fo=89829, routed)       1.875    12.057    top_i/StreamingDataflowPartition_0/inst/StreamingDataflowPartition_0_MVAU_rtl_1/StreamingDataflowPartition_0_MVAU_rtl_1_wstrm/inst/core/mem/ap_clk
    SLICE_X42Y299        FDRE                                         r  top_i/StreamingDataflowPartition_0/inst/StreamingDataflowPartition_0_MVAU_rtl_1/StreamingDataflowPartition_0_MVAU_rtl_1_wstrm/inst/core/mem/blkStage2.Data2_reg[1341]/C
                         clock pessimism              0.109    12.166    
                         clock uncertainty           -0.130    12.037    
    SLICE_X42Y299        FDRE (Setup_CFF2_SLICEM_C_D)
                                                      0.025    12.062    top_i/StreamingDataflowPartition_0/inst/StreamingDataflowPartition_0_MVAU_rtl_1/StreamingDataflowPartition_0_MVAU_rtl_1_wstrm/inst/core/mem/blkStage2.Data2_reg[1341]
  -------------------------------------------------------------------
                         required time                         12.062    
                         arrival time                         -11.269    
  -------------------------------------------------------------------
                         slack                                  0.793    

Slack (MET) :             0.793ns  (required time - arrival time)
  Source:                 top_i/StreamingDataflowPartition_0/inst/StreamingDataflowPartition_0_MVAU_rtl_1/StreamingDataflowPartition_0_MVAU_rtl_1_wstrm/inst/core/mem/blkStage1.Ptr_reg[1][val][0]/C
                            (rising edge-triggered cell FDRE clocked by clk_pl_0  {rise@0.000ns fall@5.000ns period=10.000ns})
  Destination:            top_i/StreamingDataflowPartition_0/inst/StreamingDataflowPartition_0_MVAU_rtl_1/StreamingDataflowPartition_0_MVAU_rtl_1_wstrm/inst/core/mem/blkStage2.Data2_reg[911]/D
                            (rising edge-triggered cell FDRE clocked by clk_pl_0  {rise@0.000ns fall@5.000ns period=10.000ns})
  Path Group:             clk_pl_0
  Path Type:              Setup (Max at Slow Process Corner)
  Requirement:            10.000ns  (clk_pl_0 rise@10.000ns - clk_pl_0 rise@0.000ns)
  Data Path Delay:        8.964ns  (logic 0.245ns (2.733%)  route 8.719ns (97.267%))
  Logic Levels:           1  (RAMS32=1)
  Clock Path Skew:        -0.138ns (DCD - SCD + CPR)
    Destination Clock Delay (DCD):    2.126ns = ( 12.126 - 10.000 ) 
    Source Clock Delay      (SCD):    2.372ns
    Clock Pessimism Removal (CPR):    0.109ns
  Clock Uncertainty:      0.130ns  ((TSJ^2 + DJ^2)^1/2) / 2 + PE
    Total System Jitter     (TSJ):    0.071ns
    Discrete Jitter          (DJ):    0.250ns
    Phase Error              (PE):    0.000ns
  Clock Net Delay (Source):      2.146ns (routing 0.676ns, distribution 1.470ns)
  Clock Net Delay (Destination): 1.944ns (routing 0.611ns, distribution 1.333ns)

    Location             Delay type                Incr(ns)  Path(ns)    Netlist Resource(s)
  -------------------------------------------------------------------    -------------------
                         (clock clk_pl_0 rise edge)
                                                      0.000     0.000 r  
    PS8_X0Y0             PS8                          0.000     0.000 r  top_i/zynq_ps/inst/PS8_i/PLCLK[0]
                         net (fo=1, routed)           0.198     0.198    top_i/zynq_ps/inst/pl_clk_unbuffered[0]
    BUFG_PS_X0Y58        BUFG_PS (Prop_BUFG_PS_I_O)
                                                      0.028     0.226 r  top_i/zynq_ps/inst/buffer_pl_clk_0.PL_CLK_0_BUFG/O
    X2Y3 (CLOCK_ROOT)    net (fo=89829, routed)       2.146     2.372    top_i/StreamingDataflowPartition_0/inst/StreamingDataflowPartition_0_MVAU_rtl_1/StreamingDataflowPartition_0_MVAU_rtl_1_wstrm/inst/core/mem/ap_clk
    SLICE_X24Y231        FDRE                                         r  top_i/StreamingDataflowPartition_0/inst/StreamingDataflowPartition_0_MVAU_rtl_1/StreamingDataflowPartition_0_MVAU_rtl_1_wstrm/inst/core/mem/blkStage1.Ptr_reg[1][val][0]/C
  -------------------------------------------------------------------    -------------------
    SLICE_X24Y231        FDRE (Prop_HFF2_SLICEM_C_Q)
                                                      0.078     2.450 r  top_i/StreamingDataflowPartition_0/inst/StreamingDataflowPartition_0_MVAU_rtl_1/StreamingDataflowPartition_0_MVAU_rtl_1_wstrm/inst/core/mem/blkStage1.Ptr_reg[1][val][0]/Q
                         net (fo=6144, routed)        8.693    11.143    top_i/StreamingDataflowPartition_0/inst/StreamingDataflowPartition_0_MVAU_rtl_1/StreamingDataflowPartition_0_MVAU_rtl_1_wstrm/inst/core/mem/blkStage2.Mem_reg_0_1_911_911/A0
    SLICE_X37Y307        RAMS32 (Prop_B5LUT_SLICEM_ADR0_O)
                                                      0.167    11.310 r  top_i/StreamingDataflowPartition_0/inst/StreamingDataflowPartition_0_MVAU_rtl_1/StreamingDataflowPartition_0_MVAU_rtl_1_wstrm/inst/core/mem/blkStage2.Mem_reg_0_1_911_911/SP/O
                         net (fo=1, routed)           0.026    11.336    top_i/StreamingDataflowPartition_0/inst/StreamingDataflowPartition_0_MVAU_rtl_1/StreamingDataflowPartition_0_MVAU_rtl_1_wstrm/inst/core/mem/Data20[911]
    SLICE_X37Y307        FDRE                                         r  top_i/StreamingDataflowPartition_0/inst/StreamingDataflowPartition_0_MVAU_rtl_1/StreamingDataflowPartition_0_MVAU_rtl_1_wstrm/inst/core/mem/blkStage2.Data2_reg[911]/D
  -------------------------------------------------------------------    -------------------

                         (clock clk_pl_0 rise edge)
                                                     10.000    10.000 r  
    PS8_X0Y0             PS8                          0.000    10.000 r  top_i/zynq_ps/inst/PS8_i/PLCLK[0]
                         net (fo=1, routed)           0.157    10.157    top_i/zynq_ps/inst/pl_clk_unbuffered[0]
    BUFG_PS_X0Y58        BUFG_PS (Prop_BUFG_PS_I_O)
                                                      0.025    10.182 r  top_i/zynq_ps/inst/buffer_pl_clk_0.PL_CLK_0_BUFG/O
    X2Y3 (CLOCK_ROOT)    net (fo=89829, routed)       1.944    12.126    top_i/StreamingDataflowPartition_0/inst/StreamingDataflowPartition_0_MVAU_rtl_1/StreamingDataflowPartition_0_MVAU_rtl_1_wstrm/inst/core/mem/ap_clk
    SLICE_X37Y307        FDRE                                         r  top_i/StreamingDataflowPartition_0/inst/StreamingDataflowPartition_0_MVAU_rtl_1/StreamingDataflowPartition_0_MVAU_rtl_1_wstrm/inst/core/mem/blkStage2.Data2_reg[911]/C
                         clock pessimism              0.109    12.235    
                         clock uncertainty           -0.130    12.105    
    SLICE_X37Y307        FDRE (Setup_BFF2_SLICEM_C_D)
                                                      0.025    12.130    top_i/StreamingDataflowPartition_0/inst/StreamingDataflowPartition_0_MVAU_rtl_1/StreamingDataflowPartition_0_MVAU_rtl_1_wstrm/inst/core/mem/blkStage2.Data2_reg[911]
  -------------------------------------------------------------------
                         required time                         12.130    
                         arrival time                         -11.336    
  -------------------------------------------------------------------
                         slack                                  0.793    

Slack (MET) :             0.807ns  (required time - arrival time)
  Source:                 top_i/StreamingDataflowPartition_0/inst/StreamingDataflowPartition_0_MVAU_rtl_1/StreamingDataflowPartition_0_MVAU_rtl_1_wstrm/inst/core/mem/blkStage1.Ptr_reg[1][val][0]/C
                            (rising edge-triggered cell FDRE clocked by clk_pl_0  {rise@0.000ns fall@5.000ns period=10.000ns})
  Destination:            top_i/StreamingDataflowPartition_0/inst/StreamingDataflowPartition_0_MVAU_rtl_1/StreamingDataflowPartition_0_MVAU_rtl_1_wstrm/inst/core/mem/blkStage2.Data2_reg[1335]/D
                            (rising edge-triggered cell FDRE clocked by clk_pl_0  {rise@0.000ns fall@5.000ns period=10.000ns})
  Path Group:             clk_pl_0
  Path Type:              Setup (Max at Slow Process Corner)
  Requirement:            10.000ns  (clk_pl_0 rise@10.000ns - clk_pl_0 rise@0.000ns)
  Data Path Delay:        8.881ns  (logic 0.226ns (2.545%)  route 8.655ns (97.455%))
  Logic Levels:           1  (RAMS32=1)
  Clock Path Skew:        -0.207ns (DCD - SCD + CPR)
    Destination Clock Delay (DCD):    2.056ns = ( 12.056 - 10.000 ) 
    Source Clock Delay      (SCD):    2.372ns
    Clock Pessimism Removal (CPR):    0.109ns
  Clock Uncertainty:      0.130ns  ((TSJ^2 + DJ^2)^1/2) / 2 + PE
    Total System Jitter     (TSJ):    0.071ns
    Discrete Jitter          (DJ):    0.250ns
    Phase Error              (PE):    0.000ns
  Clock Net Delay (Source):      2.146ns (routing 0.676ns, distribution 1.470ns)
  Clock Net Delay (Destination): 1.874ns (routing 0.611ns, distribution 1.263ns)

    Location             Delay type                Incr(ns)  Path(ns)    Netlist Resource(s)
  -------------------------------------------------------------------    -------------------
                         (clock clk_pl_0 rise edge)
                                                      0.000     0.000 r  
    PS8_X0Y0             PS8                          0.000     0.000 r  top_i/zynq_ps/inst/PS8_i/PLCLK[0]
                         net (fo=1, routed)           0.198     0.198    top_i/zynq_ps/inst/pl_clk_unbuffered[0]
    BUFG_PS_X0Y58        BUFG_PS (Prop_BUFG_PS_I_O)
                                                      0.028     0.226 r  top_i/zynq_ps/inst/buffer_pl_clk_0.PL_CLK_0_BUFG/O
    X2Y3 (CLOCK_ROOT)    net (fo=89829, routed)       2.146     2.372    top_i/StreamingDataflowPartition_0/inst/StreamingDataflowPartition_0_MVAU_rtl_1/StreamingDataflowPartition_0_MVAU_rtl_1_wstrm/inst/core/mem/ap_clk
    SLICE_X24Y231        FDRE                                         r  top_i/StreamingDataflowPartition_0/inst/StreamingDataflowPartition_0_MVAU_rtl_1/StreamingDataflowPartition_0_MVAU_rtl_1_wstrm/inst/core/mem/blkStage1.Ptr_reg[1][val][0]/C
  -------------------------------------------------------------------    -------------------
    SLICE_X24Y231        FDRE (Prop_HFF2_SLICEM_C_Q)
                                                      0.078     2.450 r  top_i/StreamingDataflowPartition_0/inst/StreamingDataflowPartition_0_MVAU_rtl_1/StreamingDataflowPartition_0_MVAU_rtl_1_wstrm/inst/core/mem/blkStage1.Ptr_reg[1][val][0]/Q
                         net (fo=6144, routed)        8.588    11.039    top_i/StreamingDataflowPartition_0/inst/StreamingDataflowPartition_0_MVAU_rtl_1/StreamingDataflowPartition_0_MVAU_rtl_1_wstrm/inst/core/mem/blkStage2.Mem_reg_0_1_1335_1335/A0
    SLICE_X42Y299        RAMS32 (Prop_F6LUT_SLICEM_ADR0_O)
                                                      0.148    11.187 r  top_i/StreamingDataflowPartition_0/inst/StreamingDataflowPartition_0_MVAU_rtl_1/StreamingDataflowPartition_0_MVAU_rtl_1_wstrm/inst/core/mem/blkStage2.Mem_reg_0_1_1335_1335/SP/O
                         net (fo=1, routed)           0.067    11.254    top_i/StreamingDataflowPartition_0/inst/StreamingDataflowPartition_0_MVAU_rtl_1/StreamingDataflowPartition_0_MVAU_rtl_1_wstrm/inst/core/mem/Data20[1335]
    SLICE_X42Y299        FDRE                                         r  top_i/StreamingDataflowPartition_0/inst/StreamingDataflowPartition_0_MVAU_rtl_1/StreamingDataflowPartition_0_MVAU_rtl_1_wstrm/inst/core/mem/blkStage2.Data2_reg[1335]/D
  -------------------------------------------------------------------    -------------------

                         (clock clk_pl_0 rise edge)
                                                     10.000    10.000 r  
    PS8_X0Y0             PS8                          0.000    10.000 r  top_i/zynq_ps/inst/PS8_i/PLCLK[0]
                         net (fo=1, routed)           0.157    10.157    top_i/zynq_ps/inst/pl_clk_unbuffered[0]
    BUFG_PS_X0Y58        BUFG_PS (Prop_BUFG_PS_I_O)
                                                      0.025    10.182 r  top_i/zynq_ps/inst/buffer_pl_clk_0.PL_CLK_0_BUFG/O
    X2Y3 (CLOCK_ROOT)    net (fo=89829, routed)       1.874    12.056    top_i/StreamingDataflowPartition_0/inst/StreamingDataflowPartition_0_MVAU_rtl_1/StreamingDataflowPartition_0_MVAU_rtl_1_wstrm/inst/core/mem/ap_clk
    SLICE_X42Y299        FDRE                                         r  top_i/StreamingDataflowPartition_0/inst/StreamingDataflowPartition_0_MVAU_rtl_1/StreamingDataflowPartition_0_MVAU_rtl_1_wstrm/inst/core/mem/blkStage2.Data2_reg[1335]/C
                         clock pessimism              0.109    12.165    
                         clock uncertainty           -0.130    12.036    
    SLICE_X42Y299        FDRE (Setup_FFF_SLICEM_C_D)
                                                      0.025    12.061    top_i/StreamingDataflowPartition_0/inst/StreamingDataflowPartition_0_MVAU_rtl_1/StreamingDataflowPartition_0_MVAU_rtl_1_wstrm/inst/core/mem/blkStage2.Data2_reg[1335]
  -------------------------------------------------------------------
                         required time                         12.061    
                         arrival time                         -11.254    
  -------------------------------------------------------------------
                         slack                                  0.807    

Slack (MET) :             0.809ns  (required time - arrival time)
  Source:                 top_i/StreamingDataflowPartition_0/inst/StreamingDataflowPartition_0_MVAU_rtl_1/StreamingDataflowPartition_0_MVAU_rtl_1_wstrm/inst/core/mem/blkStage1.Ptr_reg[1][val][0]/C
                            (rising edge-triggered cell FDRE clocked by clk_pl_0  {rise@0.000ns fall@5.000ns period=10.000ns})
  Destination:            top_i/StreamingDataflowPartition_0/inst/StreamingDataflowPartition_0_MVAU_rtl_1/StreamingDataflowPartition_0_MVAU_rtl_1_wstrm/inst/core/mem/blkStage2.Data2_reg[908]/D
                            (rising edge-triggered cell FDRE clocked by clk_pl_0  {rise@0.000ns fall@5.000ns period=10.000ns})
  Path Group:             clk_pl_0
  Path Type:              Setup (Max at Slow Process Corner)
  Requirement:            10.000ns  (clk_pl_0 rise@10.000ns - clk_pl_0 rise@0.000ns)
  Data Path Delay:        8.948ns  (logic 0.236ns (2.637%)  route 8.712ns (97.363%))
  Logic Levels:           1  (RAMS32=1)
  Clock Path Skew:        -0.138ns (DCD - SCD + CPR)
    Destination Clock Delay (DCD):    2.126ns = ( 12.126 - 10.000 ) 
    Source Clock Delay      (SCD):    2.372ns
    Clock Pessimism Removal (CPR):    0.109ns
  Clock Uncertainty:      0.130ns  ((TSJ^2 + DJ^2)^1/2) / 2 + PE
    Total System Jitter     (TSJ):    0.071ns
    Discrete Jitter          (DJ):    0.250ns
    Phase Error              (PE):    0.000ns
  Clock Net Delay (Source):      2.146ns (routing 0.676ns, distribution 1.470ns)
  Clock Net Delay (Destination): 1.944ns (routing 0.611ns, distribution 1.333ns)

    Location             Delay type                Incr(ns)  Path(ns)    Netlist Resource(s)
  -------------------------------------------------------------------    -------------------
                         (clock clk_pl_0 rise edge)
                                                      0.000     0.000 r  
    PS8_X0Y0             PS8                          0.000     0.000 r  top_i/zynq_ps/inst/PS8_i/PLCLK[0]
                         net (fo=1, routed)           0.198     0.198    top_i/zynq_ps/inst/pl_clk_unbuffered[0]
    BUFG_PS_X0Y58        BUFG_PS (Prop_BUFG_PS_I_O)
                                                      0.028     0.226 r  top_i/zynq_ps/inst/buffer_pl_clk_0.PL_CLK_0_BUFG/O
    X2Y3 (CLOCK_ROOT)    net (fo=89829, routed)       2.146     2.372    top_i/StreamingDataflowPartition_0/inst/StreamingDataflowPartition_0_MVAU_rtl_1/StreamingDataflowPartition_0_MVAU_rtl_1_wstrm/inst/core/mem/ap_clk
    SLICE_X24Y231        FDRE                                         r  top_i/StreamingDataflowPartition_0/inst/StreamingDataflowPartition_0_MVAU_rtl_1/StreamingDataflowPartition_0_MVAU_rtl_1_wstrm/inst/core/mem/blkStage1.Ptr_reg[1][val][0]/C
  -------------------------------------------------------------------    -------------------
    SLICE_X24Y231        FDRE (Prop_HFF2_SLICEM_C_Q)
                                                      0.078     2.450 r  top_i/StreamingDataflowPartition_0/inst/StreamingDataflowPartition_0_MVAU_rtl_1/StreamingDataflowPartition_0_MVAU_rtl_1_wstrm/inst/core/mem/blkStage1.Ptr_reg[1][val][0]/Q
                         net (fo=6144, routed)        8.682    11.132    top_i/StreamingDataflowPartition_0/inst/StreamingDataflowPartition_0_MVAU_rtl_1/StreamingDataflowPartition_0_MVAU_rtl_1_wstrm/inst/core/mem/blkStage2.Mem_reg_0_1_908_908/A0
    SLICE_X37Y307        RAMS32 (Prop_D5LUT_SLICEM_ADR0_O)
                                                      0.158    11.290 r  top_i/StreamingDataflowPartition_0/inst/StreamingDataflowPartition_0_MVAU_rtl_1/StreamingDataflowPartition_0_MVAU_rtl_1_wstrm/inst/core/mem/blkStage2.Mem_reg_0_1_908_908/SP/O
                         net (fo=1, routed)           0.030    11.320    top_i/StreamingDataflowPartition_0/inst/StreamingDataflowPartition_0_MVAU_rtl_1/StreamingDataflowPartition_0_MVAU_rtl_1_wstrm/inst/core/mem/Data20[908]
    SLICE_X37Y307        FDRE                                         r  top_i/StreamingDataflowPartition_0/inst/StreamingDataflowPartition_0_MVAU_rtl_1/StreamingDataflowPartition_0_MVAU_rtl_1_wstrm/inst/core/mem/blkStage2.Data2_reg[908]/D
  -------------------------------------------------------------------    -------------------

                         (clock clk_pl_0 rise edge)
                                                     10.000    10.000 r  
    PS8_X0Y0             PS8                          0.000    10.000 r  top_i/zynq_ps/inst/PS8_i/PLCLK[0]
                         net (fo=1, routed)           0.157    10.157    top_i/zynq_ps/inst/pl_clk_unbuffered[0]
    BUFG_PS_X0Y58        BUFG_PS (Prop_BUFG_PS_I_O)
                                                      0.025    10.182 r  top_i/zynq_ps/inst/buffer_pl_clk_0.PL_CLK_0_BUFG/O
    X2Y3 (CLOCK_ROOT)    net (fo=89829, routed)       1.944    12.126    top_i/StreamingDataflowPartition_0/inst/StreamingDataflowPartition_0_MVAU_rtl_1/StreamingDataflowPartition_0_MVAU_rtl_1_wstrm/inst/core/mem/ap_clk
    SLICE_X37Y307        FDRE                                         r  top_i/StreamingDataflowPartition_0/inst/StreamingDataflowPartition_0_MVAU_rtl_1/StreamingDataflowPartition_0_MVAU_rtl_1_wstrm/inst/core/mem/blkStage2.Data2_reg[908]/C
                         clock pessimism              0.109    12.235    
                         clock uncertainty           -0.130    12.105    
    SLICE_X37Y307        FDRE (Setup_DFF2_SLICEM_C_D)
                                                      0.025    12.130    top_i/StreamingDataflowPartition_0/inst/StreamingDataflowPartition_0_MVAU_rtl_1/StreamingDataflowPartition_0_MVAU_rtl_1_wstrm/inst/core/mem/blkStage2.Data2_reg[908]
  -------------------------------------------------------------------
                         required time                         12.130    
                         arrival time                         -11.320    
  -------------------------------------------------------------------
                         slack                                  0.809    

Slack (MET) :             0.822ns  (required time - arrival time)
  Source:                 top_i/StreamingDataflowPartition_0/inst/StreamingDataflowPartition_0_MVAU_rtl_1/StreamingDataflowPartition_0_MVAU_rtl_1_wstrm/inst/core/mem/blkStage1.Ptr_reg[1][val][0]/C
                            (rising edge-triggered cell FDRE clocked by clk_pl_0  {rise@0.000ns fall@5.000ns period=10.000ns})
  Destination:            top_i/StreamingDataflowPartition_0/inst/StreamingDataflowPartition_0_MVAU_rtl_1/StreamingDataflowPartition_0_MVAU_rtl_1_wstrm/inst/core/mem/blkStage2.Data2_reg[1336]/D
                            (rising edge-triggered cell FDRE clocked by clk_pl_0  {rise@0.000ns fall@5.000ns period=10.000ns})
  Path Group:             clk_pl_0
  Path Type:              Setup (Max at Slow Process Corner)
  Requirement:            10.000ns  (clk_pl_0 rise@10.000ns - clk_pl_0 rise@0.000ns)
  Data Path Delay:        8.866ns  (logic 0.244ns (2.752%)  route 8.622ns (97.248%))
  Logic Levels:           1  (RAMS32=1)
  Clock Path Skew:        -0.207ns (DCD - SCD + CPR)
    Destination Clock Delay (DCD):    2.056ns = ( 12.056 - 10.000 ) 
    Source Clock Delay      (SCD):    2.372ns
    Clock Pessimism Removal (CPR):    0.109ns
  Clock Uncertainty:      0.130ns  ((TSJ^2 + DJ^2)^1/2) / 2 + PE
    Total System Jitter     (TSJ):    0.071ns
    Discrete Jitter          (DJ):    0.250ns
    Phase Error              (PE):    0.000ns
  Clock Net Delay (Source):      2.146ns (routing 0.676ns, distribution 1.470ns)
  Clock Net Delay (Destination): 1.874ns (routing 0.611ns, distribution 1.263ns)

    Location             Delay type                Incr(ns)  Path(ns)    Netlist Resource(s)
  -------------------------------------------------------------------    -------------------
                         (clock clk_pl_0 rise edge)
                                                      0.000     0.000 r  
    PS8_X0Y0             PS8                          0.000     0.000 r  top_i/zynq_ps/inst/PS8_i/PLCLK[0]
                         net (fo=1, routed)           0.198     0.198    top_i/zynq_ps/inst/pl_clk_unbuffered[0]
    BUFG_PS_X0Y58        BUFG_PS (Prop_BUFG_PS_I_O)
                                                      0.028     0.226 r  top_i/zynq_ps/inst/buffer_pl_clk_0.PL_CLK_0_BUFG/O
    X2Y3 (CLOCK_ROOT)    net (fo=89829, routed)       2.146     2.372    top_i/StreamingDataflowPartition_0/inst/StreamingDataflowPartition_0_MVAU_rtl_1/StreamingDataflowPartition_0_MVAU_rtl_1_wstrm/inst/core/mem/ap_clk
    SLICE_X24Y231        FDRE                                         r  top_i/StreamingDataflowPartition_0/inst/StreamingDataflowPartition_0_MVAU_rtl_1/StreamingDataflowPartition_0_MVAU_rtl_1_wstrm/inst/core/mem/blkStage1.Ptr_reg[1][val][0]/C
  -------------------------------------------------------------------    -------------------
    SLICE_X24Y231        FDRE (Prop_HFF2_SLICEM_C_Q)
                                                      0.078     2.450 r  top_i/StreamingDataflowPartition_0/inst/StreamingDataflowPartition_0_MVAU_rtl_1/StreamingDataflowPartition_0_MVAU_rtl_1_wstrm/inst/core/mem/blkStage1.Ptr_reg[1][val][0]/Q
                         net (fo=6144, routed)        8.588    11.039    top_i/StreamingDataflowPartition_0/inst/StreamingDataflowPartition_0_MVAU_rtl_1/StreamingDataflowPartition_0_MVAU_rtl_1_wstrm/inst/core/mem/blkStage2.Mem_reg_0_1_1336_1336/A0
    SLICE_X42Y299        RAMS32 (Prop_F5LUT_SLICEM_ADR0_O)
                                                      0.166    11.205 r  top_i/StreamingDataflowPartition_0/inst/StreamingDataflowPartition_0_MVAU_rtl_1/StreamingDataflowPartition_0_MVAU_rtl_1_wstrm/inst/core/mem/blkStage2.Mem_reg_0_1_1336_1336/SP/O
                         net (fo=1, routed)           0.034    11.239    top_i/StreamingDataflowPartition_0/inst/StreamingDataflowPartition_0_MVAU_rtl_1/StreamingDataflowPartition_0_MVAU_rtl_1_wstrm/inst/core/mem/Data20[1336]
    SLICE_X42Y299        FDRE                                         r  top_i/StreamingDataflowPartition_0/inst/StreamingDataflowPartition_0_MVAU_rtl_1/StreamingDataflowPartition_0_MVAU_rtl_1_wstrm/inst/core/mem/blkStage2.Data2_reg[1336]/D
  -------------------------------------------------------------------    -------------------

                         (clock clk_pl_0 rise edge)
                                                     10.000    10.000 r  
    PS8_X0Y0             PS8                          0.000    10.000 r  top_i/zynq_ps/inst/PS8_i/PLCLK[0]
                         net (fo=1, routed)           0.157    10.157    top_i/zynq_ps/inst/pl_clk_unbuffered[0]
    BUFG_PS_X0Y58        BUFG_PS (Prop_BUFG_PS_I_O)
                                                      0.025    10.182 r  top_i/zynq_ps/inst/buffer_pl_clk_0.PL_CLK_0_BUFG/O
    X2Y3 (CLOCK_ROOT)    net (fo=89829, routed)       1.874    12.056    top_i/StreamingDataflowPartition_0/inst/StreamingDataflowPartition_0_MVAU_rtl_1/StreamingDataflowPartition_0_MVAU_rtl_1_wstrm/inst/core/mem/ap_clk
    SLICE_X42Y299        FDRE                                         r  top_i/StreamingDataflowPartition_0/inst/StreamingDataflowPartition_0_MVAU_rtl_1/StreamingDataflowPartition_0_MVAU_rtl_1_wstrm/inst/core/mem/blkStage2.Data2_reg[1336]/C
                         clock pessimism              0.109    12.165    
                         clock uncertainty           -0.130    12.036    
    SLICE_X42Y299        FDRE (Setup_FFF2_SLICEM_C_D)
                                                      0.025    12.061    top_i/StreamingDataflowPartition_0/inst/StreamingDataflowPartition_0_MVAU_rtl_1/StreamingDataflowPartition_0_MVAU_rtl_1_wstrm/inst/core/mem/blkStage2.Data2_reg[1336]
  -------------------------------------------------------------------
                         required time                         12.061    
                         arrival time                         -11.239    
  -------------------------------------------------------------------
                         slack                                  0.822    

Slack (MET) :             0.828ns  (required time - arrival time)
  Source:                 top_i/StreamingDataflowPartition_0/inst/StreamingDataflowPartition_0_MVAU_rtl_1/StreamingDataflowPartition_0_MVAU_rtl_1_wstrm/inst/core/mem/blkStage1.Ptr_reg[1][val][0]/C
                            (rising edge-triggered cell FDRE clocked by clk_pl_0  {rise@0.000ns fall@5.000ns period=10.000ns})
  Destination:            top_i/StreamingDataflowPartition_0/inst/StreamingDataflowPartition_0_MVAU_rtl_1/StreamingDataflowPartition_0_MVAU_rtl_1_wstrm/inst/core/mem/blkStage2.Data2_reg[1337]/D
                            (rising edge-triggered cell FDRE clocked by clk_pl_0  {rise@0.000ns fall@5.000ns period=10.000ns})
  Path Group:             clk_pl_0
  Path Type:              Setup (Max at Slow Process Corner)
  Requirement:            10.000ns  (clk_pl_0 rise@10.000ns - clk_pl_0 rise@0.000ns)
  Data Path Delay:        8.860ns  (logic 0.226ns (2.551%)  route 8.634ns (97.449%))
  Logic Levels:           1  (RAMS32=1)
  Clock Path Skew:        -0.207ns (DCD - SCD + CPR)
    Destination Clock Delay (DCD):    2.056ns = ( 12.056 - 10.000 ) 
    Source Clock Delay      (SCD):    2.372ns
    Clock Pessimism Removal (CPR):    0.109ns
  Clock Uncertainty:      0.130ns  ((TSJ^2 + DJ^2)^1/2) / 2 + PE
    Total System Jitter     (TSJ):    0.071ns
    Discrete Jitter          (DJ):    0.250ns
    Phase Error              (PE):    0.000ns
  Clock Net Delay (Source):      2.146ns (routing 0.676ns, distribution 1.470ns)
  Clock Net Delay (Destination): 1.874ns (routing 0.611ns, distribution 1.263ns)

    Location             Delay type                Incr(ns)  Path(ns)    Netlist Resource(s)
  -------------------------------------------------------------------    -------------------
                         (clock clk_pl_0 rise edge)
                                                      0.000     0.000 r  
    PS8_X0Y0             PS8                          0.000     0.000 r  top_i/zynq_ps/inst/PS8_i/PLCLK[0]
                         net (fo=1, routed)           0.198     0.198    top_i/zynq_ps/inst/pl_clk_unbuffered[0]
    BUFG_PS_X0Y58        BUFG_PS (Prop_BUFG_PS_I_O)
                                                      0.028     0.226 r  top_i/zynq_ps/inst/buffer_pl_clk_0.PL_CLK_0_BUFG/O
    X2Y3 (CLOCK_ROOT)    net (fo=89829, routed)       2.146     2.372    top_i/StreamingDataflowPartition_0/inst/StreamingDataflowPartition_0_MVAU_rtl_1/StreamingDataflowPartition_0_MVAU_rtl_1_wstrm/inst/core/mem/ap_clk
    SLICE_X24Y231        FDRE                                         r  top_i/StreamingDataflowPartition_0/inst/StreamingDataflowPartition_0_MVAU_rtl_1/StreamingDataflowPartition_0_MVAU_rtl_1_wstrm/inst/core/mem/blkStage1.Ptr_reg[1][val][0]/C
  -------------------------------------------------------------------    -------------------
    SLICE_X24Y231        FDRE (Prop_HFF2_SLICEM_C_Q)
                                                      0.078     2.450 r  top_i/StreamingDataflowPartition_0/inst/StreamingDataflowPartition_0_MVAU_rtl_1/StreamingDataflowPartition_0_MVAU_rtl_1_wstrm/inst/core/mem/blkStage1.Ptr_reg[1][val][0]/Q
                         net (fo=6144, routed)        8.579    11.029    top_i/StreamingDataflowPartition_0/inst/StreamingDataflowPartition_0_MVAU_rtl_1/StreamingDataflowPartition_0_MVAU_rtl_1_wstrm/inst/core/mem/blkStage2.Mem_reg_0_1_1337_1337/A0
    SLICE_X42Y299        RAMS32 (Prop_E6LUT_SLICEM_ADR0_O)
                                                      0.148    11.177 r  top_i/StreamingDataflowPartition_0/inst/StreamingDataflowPartition_0_MVAU_rtl_1/StreamingDataflowPartition_0_MVAU_rtl_1_wstrm/inst/core/mem/blkStage2.Mem_reg_0_1_1337_1337/SP/O
                         net (fo=1, routed)           0.055    11.232    top_i/StreamingDataflowPartition_0/inst/StreamingDataflowPartition_0_MVAU_rtl_1/StreamingDataflowPartition_0_MVAU_rtl_1_wstrm/inst/core/mem/Data20[1337]
    SLICE_X42Y299        FDRE                                         r  top_i/StreamingDataflowPartition_0/inst/StreamingDataflowPartition_0_MVAU_rtl_1/StreamingDataflowPartition_0_MVAU_rtl_1_wstrm/inst/core/mem/blkStage2.Data2_reg[1337]/D
  -------------------------------------------------------------------    -------------------

                         (clock clk_pl_0 rise edge)
                                                     10.000    10.000 r  
    PS8_X0Y0             PS8                          0.000    10.000 r  top_i/zynq_ps/inst/PS8_i/PLCLK[0]
                         net (fo=1, routed)           0.157    10.157    top_i/zynq_ps/inst/pl_clk_unbuffered[0]
    BUFG_PS_X0Y58        BUFG_PS (Prop_BUFG_PS_I_O)
                                                      0.025    10.182 r  top_i/zynq_ps/inst/buffer_pl_clk_0.PL_CLK_0_BUFG/O
    X2Y3 (CLOCK_ROOT)    net (fo=89829, routed)       1.874    12.056    top_i/StreamingDataflowPartition_0/inst/StreamingDataflowPartition_0_MVAU_rtl_1/StreamingDataflowPartition_0_MVAU_rtl_1_wstrm/inst/core/mem/ap_clk
    SLICE_X42Y299        FDRE                                         r  top_i/StreamingDataflowPartition_0/inst/StreamingDataflowPartition_0_MVAU_rtl_1/StreamingDataflowPartition_0_MVAU_rtl_1_wstrm/inst/core/mem/blkStage2.Data2_reg[1337]/C
                         clock pessimism              0.109    12.165    
                         clock uncertainty           -0.130    12.036    
    SLICE_X42Y299        FDRE (Setup_EFF_SLICEM_C_D)
                                                      0.025    12.061    top_i/StreamingDataflowPartition_0/inst/StreamingDataflowPartition_0_MVAU_rtl_1/StreamingDataflowPartition_0_MVAU_rtl_1_wstrm/inst/core/mem/blkStage2.Data2_reg[1337]
  -------------------------------------------------------------------
                         required time                         12.061    
                         arrival time                         -11.232    
  -------------------------------------------------------------------
                         slack                                  0.828    

Slack (MET) :             0.842ns  (required time - arrival time)
  Source:                 top_i/StreamingDataflowPartition_0/inst/StreamingDataflowPartition_0_MVAU_rtl_1/StreamingDataflowPartition_0_MVAU_rtl_1_wstrm/inst/core/mem/blkStage1.Ptr_reg[1][val][0]/C
                            (rising edge-triggered cell FDRE clocked by clk_pl_0  {rise@0.000ns fall@5.000ns period=10.000ns})
  Destination:            top_i/StreamingDataflowPartition_0/inst/StreamingDataflowPartition_0_MVAU_rtl_1/StreamingDataflowPartition_0_MVAU_rtl_1_wstrm/inst/core/mem/blkStage2.Data2_reg[1338]/D
                            (rising edge-triggered cell FDRE clocked by clk_pl_0  {rise@0.000ns fall@5.000ns period=10.000ns})
  Path Group:             clk_pl_0
  Path Type:              Setup (Max at Slow Process Corner)
  Requirement:            10.000ns  (clk_pl_0 rise@10.000ns - clk_pl_0 rise@0.000ns)
  Data Path Delay:        8.846ns  (logic 0.242ns (2.736%)  route 8.604ns (97.264%))
  Logic Levels:           1  (RAMS32=1)
  Clock Path Skew:        -0.207ns (DCD - SCD + CPR)
    Destination Clock Delay (DCD):    2.056ns = ( 12.056 - 10.000 ) 
    Source Clock Delay      (SCD):    2.372ns
    Clock Pessimism Removal (CPR):    0.109ns
  Clock Uncertainty:      0.130ns  ((TSJ^2 + DJ^2)^1/2) / 2 + PE
    Total System Jitter     (TSJ):    0.071ns
    Discrete Jitter          (DJ):    0.250ns
    Phase Error              (PE):    0.000ns
  Clock Net Delay (Source):      2.146ns (routing 0.676ns, distribution 1.470ns)
  Clock Net Delay (Destination): 1.874ns (routing 0.611ns, distribution 1.263ns)

    Location             Delay type                Incr(ns)  Path(ns)    Netlist Resource(s)
  -------------------------------------------------------------------    -------------------
                         (clock clk_pl_0 rise edge)
                                                      0.000     0.000 r  
    PS8_X0Y0             PS8                          0.000     0.000 r  top_i/zynq_ps/inst/PS8_i/PLCLK[0]
                         net (fo=1, routed)           0.198     0.198    top_i/zynq_ps/inst/pl_clk_unbuffered[0]
    BUFG_PS_X0Y58        BUFG_PS (Prop_BUFG_PS_I_O)
                                                      0.028     0.226 r  top_i/zynq_ps/inst/buffer_pl_clk_0.PL_CLK_0_BUFG/O
    X2Y3 (CLOCK_ROOT)    net (fo=89829, routed)       2.146     2.372    top_i/StreamingDataflowPartition_0/inst/StreamingDataflowPartition_0_MVAU_rtl_1/StreamingDataflowPartition_0_MVAU_rtl_1_wstrm/inst/core/mem/ap_clk
    SLICE_X24Y231        FDRE                                         r  top_i/StreamingDataflowPartition_0/inst/StreamingDataflowPartition_0_MVAU_rtl_1/StreamingDataflowPartition_0_MVAU_rtl_1_wstrm/inst/core/mem/blkStage1.Ptr_reg[1][val][0]/C
  -------------------------------------------------------------------    -------------------
    SLICE_X24Y231        FDRE (Prop_HFF2_SLICEM_C_Q)
                                                      0.078     2.450 r  top_i/StreamingDataflowPartition_0/inst/StreamingDataflowPartition_0_MVAU_rtl_1/StreamingDataflowPartition_0_MVAU_rtl_1_wstrm/inst/core/mem/blkStage1.Ptr_reg[1][val][0]/Q
                         net (fo=6144, routed)        8.579    11.029    top_i/StreamingDataflowPartition_0/inst/StreamingDataflowPartition_0_MVAU_rtl_1/StreamingDataflowPartition_0_MVAU_rtl_1_wstrm/inst/core/mem/blkStage2.Mem_reg_0_1_1338_1338/A0
    SLICE_X42Y299        RAMS32 (Prop_E5LUT_SLICEM_ADR0_O)
                                                      0.164    11.193 r  top_i/StreamingDataflowPartition_0/inst/StreamingDataflowPartition_0_MVAU_rtl_1/StreamingDataflowPartition_0_MVAU_rtl_1_wstrm/inst/core/mem/blkStage2.Mem_reg_0_1_1338_1338/SP/O
                         net (fo=1, routed)           0.025    11.218    top_i/StreamingDataflowPartition_0/inst/StreamingDataflowPartition_0_MVAU_rtl_1/StreamingDataflowPartition_0_MVAU_rtl_1_wstrm/inst/core/mem/Data20[1338]
    SLICE_X42Y299        FDRE                                         r  top_i/StreamingDataflowPartition_0/inst/StreamingDataflowPartition_0_MVAU_rtl_1/StreamingDataflowPartition_0_MVAU_rtl_1_wstrm/inst/core/mem/blkStage2.Data2_reg[1338]/D
  -------------------------------------------------------------------    -------------------

                         (clock clk_pl_0 rise edge)
                                                     10.000    10.000 r  
    PS8_X0Y0             PS8                          0.000    10.000 r  top_i/zynq_ps/inst/PS8_i/PLCLK[0]
                         net (fo=1, routed)           0.157    10.157    top_i/zynq_ps/inst/pl_clk_unbuffered[0]
    BUFG_PS_X0Y58        BUFG_PS (Prop_BUFG_PS_I_O)
                                                      0.025    10.182 r  top_i/zynq_ps/inst/buffer_pl_clk_0.PL_CLK_0_BUFG/O
    X2Y3 (CLOCK_ROOT)    net (fo=89829, routed)       1.874    12.056    top_i/StreamingDataflowPartition_0/inst/StreamingDataflowPartition_0_MVAU_rtl_1/StreamingDataflowPartition_0_MVAU_rtl_1_wstrm/inst/core/mem/ap_clk
    SLICE_X42Y299        FDRE                                         r  top_i/StreamingDataflowPartition_0/inst/StreamingDataflowPartition_0_MVAU_rtl_1/StreamingDataflowPartition_0_MVAU_rtl_1_wstrm/inst/core/mem/blkStage2.Data2_reg[1338]/C
                         clock pessimism              0.109    12.165    
                         clock uncertainty           -0.130    12.036    
    SLICE_X42Y299        FDRE (Setup_EFF2_SLICEM_C_D)
                                                      0.025    12.061    top_i/StreamingDataflowPartition_0/inst/StreamingDataflowPartition_0_MVAU_rtl_1/StreamingDataflowPartition_0_MVAU_rtl_1_wstrm/inst/core/mem/blkStage2.Data2_reg[1338]
  -------------------------------------------------------------------
                         required time                         12.061    
                         arrival time                         -11.218    
  -------------------------------------------------------------------
                         slack                                  0.842    





Min Delay Paths
--------------------------------------------------------------------------------------
Slack (MET) :             0.010ns  (arrival time - required time)
  Source:                 top_i/StreamingDataflowPartition_0/inst/StreamingDataflowPartition_0_MVAU_rtl_1/StreamingDataflowPartition_0_MVAU_rtl_1/inst/inst/blkDsp.genblk2_1.core/genPipes[2].genSIMD[47].X1_reg[3][0]/C
                            (rising edge-triggered cell FDRE clocked by clk_pl_0  {rise@0.000ns fall@5.000ns period=10.000ns})
  Destination:            top_i/StreamingDataflowPartition_0/inst/StreamingDataflowPartition_0_MVAU_rtl_1/StreamingDataflowPartition_0_MVAU_rtl_1/inst/inst/blkDsp.genblk2_1.core/genPipes[2].genSIMD[47].X2_reg[3][0]/D
                            (rising edge-triggered cell FDRE clocked by clk_pl_0  {rise@0.000ns fall@5.000ns period=10.000ns})
  Path Group:             clk_pl_0
  Path Type:              Hold (Min at Slow Process Corner)
  Requirement:            0.000ns  (clk_pl_0 rise@0.000ns - clk_pl_0 rise@0.000ns)
  Data Path Delay:        0.128ns  (logic 0.059ns (46.094%)  route 0.069ns (53.906%))
  Logic Levels:           0  
  Clock Path Skew:        0.056ns (DCD - SCD - CPR)
    Destination Clock Delay (DCD):    2.276ns
    Source Clock Delay      (SCD):    1.987ns
    Clock Pessimism Removal (CPR):    0.233ns
  Clock Net Delay (Source):      1.805ns (routing 0.611ns, distribution 1.194ns)
  Clock Net Delay (Destination): 2.050ns (routing 0.676ns, distribution 1.374ns)

    Location             Delay type                Incr(ns)  Path(ns)    Netlist Resource(s)
  -------------------------------------------------------------------    -------------------
                         (clock clk_pl_0 rise edge)
                                                      0.000     0.000 r  
    PS8_X0Y0             PS8                          0.000     0.000 r  top_i/zynq_ps/inst/PS8_i/PLCLK[0]
                         net (fo=1, routed)           0.157     0.157    top_i/zynq_ps/inst/pl_clk_unbuffered[0]
    BUFG_PS_X0Y58        BUFG_PS (Prop_BUFG_PS_I_O)
                                                      0.025     0.182 r  top_i/zynq_ps/inst/buffer_pl_clk_0.PL_CLK_0_BUFG/O
    X2Y3 (CLOCK_ROOT)    net (fo=89829, routed)       1.805     1.987    top_i/StreamingDataflowPartition_0/inst/StreamingDataflowPartition_0_MVAU_rtl_1/StreamingDataflowPartition_0_MVAU_rtl_1/inst/inst/blkDsp.genblk2_1.core/ap_clk
    SLICE_X58Y215        FDRE                                         r  top_i/StreamingDataflowPartition_0/inst/StreamingDataflowPartition_0_MVAU_rtl_1/StreamingDataflowPartition_0_MVAU_rtl_1/inst/inst/blkDsp.genblk2_1.core/genPipes[2].genSIMD[47].X1_reg[3][0]/C
  -------------------------------------------------------------------    -------------------
    SLICE_X58Y215        FDRE (Prop_EFF_SLICEL_C_Q)
                                                      0.059     2.046 r  top_i/StreamingDataflowPartition_0/inst/StreamingDataflowPartition_0_MVAU_rtl_1/StreamingDataflowPartition_0_MVAU_rtl_1/inst/inst/blkDsp.genblk2_1.core/genPipes[2].genSIMD[47].X1_reg[3][0]/Q
                         net (fo=1, routed)           0.069     2.115    top_i/StreamingDataflowPartition_0/inst/StreamingDataflowPartition_0_MVAU_rtl_1/StreamingDataflowPartition_0_MVAU_rtl_1/inst/inst/blkDsp.genblk2_1.core/genPipes[2].genSIMD[47].X1_reg[3]_2386[0]
    SLICE_X58Y214        FDRE                                         r  top_i/StreamingDataflowPartition_0/inst/StreamingDataflowPartition_0_MVAU_rtl_1/StreamingDataflowPartition_0_MVAU_rtl_1/inst/inst/blkDsp.genblk2_1.core/genPipes[2].genSIMD[47].X2_reg[3][0]/D
  -------------------------------------------------------------------    -------------------

                         (clock clk_pl_0 rise edge)
                                                      0.000     0.000 r  
    PS8_X0Y0             PS8                          0.000     0.000 r  top_i/zynq_ps/inst/PS8_i/PLCLK[0]
                         net (fo=1, routed)           0.198     0.198    top_i/zynq_ps/inst/pl_clk_unbuffered[0]
    BUFG_PS_X0Y58        BUFG_PS (Prop_BUFG_PS_I_O)
                                                      0.028     0.226 r  top_i/zynq_ps/inst/buffer_pl_clk_0.PL_CLK_0_BUFG/O
    X2Y3 (CLOCK_ROOT)    net (fo=89829, routed)       2.050     2.276    top_i/StreamingDataflowPartition_0/inst/StreamingDataflowPartition_0_MVAU_rtl_1/StreamingDataflowPartition_0_MVAU_rtl_1/inst/inst/blkDsp.genblk2_1.core/ap_clk
    SLICE_X58Y214        FDRE                                         r  top_i/StreamingDataflowPartition_0/inst/StreamingDataflowPartition_0_MVAU_rtl_1/StreamingDataflowPartition_0_MVAU_rtl_1/inst/inst/blkDsp.genblk2_1.core/genPipes[2].genSIMD[47].X2_reg[3][0]/C
                         clock pessimism             -0.233     2.043    
    SLICE_X58Y214        FDRE (Hold_EFF2_SLICEL_C_D)
                                                      0.062     2.105    top_i/StreamingDataflowPartition_0/inst/StreamingDataflowPartition_0_MVAU_rtl_1/StreamingDataflowPartition_0_MVAU_rtl_1/inst/inst/blkDsp.genblk2_1.core/genPipes[2].genSIMD[47].X2_reg[3][0]
  -------------------------------------------------------------------
                         required time                         -2.105    
                         arrival time                           2.115    
  -------------------------------------------------------------------
                         slack                                  0.010    

Slack (MET) :             0.010ns  (arrival time - required time)
  Source:                 top_i/StreamingDataflowPartition_0/inst/StreamingDataflowPartition_0_StreamingFIFO_rtl_44/inst/genblk1_0.impl/srlo_reg[82]/C
                            (rising edge-triggered cell FDRE clocked by clk_pl_0  {rise@0.000ns fall@5.000ns period=10.000ns})
  Destination:            top_i/StreamingDataflowPartition_0/inst/StreamingDataflowPartition_0_MVAU_rtl_8/StreamingDataflowPartition_0_MVAU_rtl_8/inst/inst/activation_replay/Mem_reg_0_3_70_83/RAMG/I
                            (rising edge-triggered cell RAMD32 clocked by clk_pl_0  {rise@0.000ns fall@5.000ns period=10.000ns})
  Path Group:             clk_pl_0
  Path Type:              Hold (Min at Slow Process Corner)
  Requirement:            0.000ns  (clk_pl_0 rise@0.000ns - clk_pl_0 rise@0.000ns)
  Data Path Delay:        0.260ns  (logic 0.058ns (22.308%)  route 0.202ns (77.692%))
  Logic Levels:           0  
  Clock Path Skew:        0.172ns (DCD - SCD - CPR)
    Destination Clock Delay (DCD):    2.413ns
    Source Clock Delay      (SCD):    2.090ns
    Clock Pessimism Removal (CPR):    0.151ns
  Clock Net Delay (Source):      1.908ns (routing 0.611ns, distribution 1.297ns)
  Clock Net Delay (Destination): 2.187ns (routing 0.676ns, distribution 1.511ns)

    Location             Delay type                Incr(ns)  Path(ns)    Netlist Resource(s)
  -------------------------------------------------------------------    -------------------
                         (clock clk_pl_0 rise edge)
                                                      0.000     0.000 r  
    PS8_X0Y0             PS8                          0.000     0.000 r  top_i/zynq_ps/inst/PS8_i/PLCLK[0]
                         net (fo=1, routed)           0.157     0.157    top_i/zynq_ps/inst/pl_clk_unbuffered[0]
    BUFG_PS_X0Y58        BUFG_PS (Prop_BUFG_PS_I_O)
                                                      0.025     0.182 r  top_i/zynq_ps/inst/buffer_pl_clk_0.PL_CLK_0_BUFG/O
    X2Y3 (CLOCK_ROOT)    net (fo=89829, routed)       1.908     2.090    top_i/StreamingDataflowPartition_0/inst/StreamingDataflowPartition_0_StreamingFIFO_rtl_44/inst/genblk1_0.impl/ap_clk
    SLICE_X36Y60         FDRE                                         r  top_i/StreamingDataflowPartition_0/inst/StreamingDataflowPartition_0_StreamingFIFO_rtl_44/inst/genblk1_0.impl/srlo_reg[82]/C
  -------------------------------------------------------------------    -------------------
    SLICE_X36Y60         FDRE (Prop_CFF_SLICEL_C_Q)
                                                      0.058     2.148 r  top_i/StreamingDataflowPartition_0/inst/StreamingDataflowPartition_0_StreamingFIFO_rtl_44/inst/genblk1_0.impl/srlo_reg[82]/Q
                         net (fo=1, routed)           0.202     2.350    top_i/StreamingDataflowPartition_0/inst/StreamingDataflowPartition_0_MVAU_rtl_8/StreamingDataflowPartition_0_MVAU_rtl_8/inst/inst/activation_replay/Mem_reg_0_3_70_83/DIG0
    SLICE_X37Y59         RAMD32                                       r  top_i/StreamingDataflowPartition_0/inst/StreamingDataflowPartition_0_MVAU_rtl_8/StreamingDataflowPartition_0_MVAU_rtl_8/inst/inst/activation_replay/Mem_reg_0_3_70_83/RAMG/I
  -------------------------------------------------------------------    -------------------

                         (clock clk_pl_0 rise edge)
                                                      0.000     0.000 r  
    PS8_X0Y0             PS8                          0.000     0.000 r  top_i/zynq_ps/inst/PS8_i/PLCLK[0]
                         net (fo=1, routed)           0.198     0.198    top_i/zynq_ps/inst/pl_clk_unbuffered[0]
    BUFG_PS_X0Y58        BUFG_PS (Prop_BUFG_PS_I_O)
                                                      0.028     0.226 r  top_i/zynq_ps/inst/buffer_pl_clk_0.PL_CLK_0_BUFG/O
    X2Y3 (CLOCK_ROOT)    net (fo=89829, routed)       2.187     2.413    top_i/StreamingDataflowPartition_0/inst/StreamingDataflowPartition_0_MVAU_rtl_8/StreamingDataflowPartition_0_MVAU_rtl_8/inst/inst/activation_replay/Mem_reg_0_3_70_83/WCLK
    SLICE_X37Y59         RAMD32                                       r  top_i/StreamingDataflowPartition_0/inst/StreamingDataflowPartition_0_MVAU_rtl_8/StreamingDataflowPartition_0_MVAU_rtl_8/inst/inst/activation_replay/Mem_reg_0_3_70_83/RAMG/CLK
                         clock pessimism             -0.151     2.262    
    SLICE_X37Y59         RAMD32 (Hold_G5LUT_SLICEM_CLK_I)
                                                      0.078     2.340    top_i/StreamingDataflowPartition_0/inst/StreamingDataflowPartition_0_MVAU_rtl_8/StreamingDataflowPartition_0_MVAU_rtl_8/inst/inst/activation_replay/Mem_reg_0_3_70_83/RAMG
  -------------------------------------------------------------------
                         required time                         -2.340    
                         arrival time                           2.350    
  -------------------------------------------------------------------
                         slack                                  0.010    

Slack (MET) :             0.010ns  (arrival time - required time)
  Source:                 top_i/StreamingDataflowPartition_0/inst/StreamingDataflowPartition_0_StreamingFIFO_rtl_37/inst/genblk1_0.impl/srlo_reg[231]/C
                            (rising edge-triggered cell FDRE clocked by clk_pl_0  {rise@0.000ns fall@5.000ns period=10.000ns})
  Destination:            top_i/StreamingDataflowPartition_0/inst/StreamingDataflowPartition_0_MVAU_rtl_6/StreamingDataflowPartition_0_MVAU_rtl_6/inst/inst/activation_replay/Mem_reg_0_1_224_237/RAMD_D1/I
                            (rising edge-triggered cell RAMD32 clocked by clk_pl_0  {rise@0.000ns fall@5.000ns period=10.000ns})
  Path Group:             clk_pl_0
  Path Type:              Hold (Min at Slow Process Corner)
  Requirement:            0.000ns  (clk_pl_0 rise@0.000ns - clk_pl_0 rise@0.000ns)
  Data Path Delay:        0.205ns  (logic 0.059ns (28.780%)  route 0.146ns (71.220%))
  Logic Levels:           0  
  Clock Path Skew:        0.136ns (DCD - SCD - CPR)
    Destination Clock Delay (DCD):    2.361ns
    Source Clock Delay      (SCD):    2.028ns
    Clock Pessimism Removal (CPR):    0.196ns
  Clock Net Delay (Source):      1.846ns (routing 0.611ns, distribution 1.235ns)
  Clock Net Delay (Destination): 2.135ns (routing 0.676ns, distribution 1.459ns)

    Location             Delay type                Incr(ns)  Path(ns)    Netlist Resource(s)
  -------------------------------------------------------------------    -------------------
                         (clock clk_pl_0 rise edge)
                                                      0.000     0.000 r  
    PS8_X0Y0             PS8                          0.000     0.000 r  top_i/zynq_ps/inst/PS8_i/PLCLK[0]
                         net (fo=1, routed)           0.157     0.157    top_i/zynq_ps/inst/pl_clk_unbuffered[0]
    BUFG_PS_X0Y58        BUFG_PS (Prop_BUFG_PS_I_O)
                                                      0.025     0.182 r  top_i/zynq_ps/inst/buffer_pl_clk_0.PL_CLK_0_BUFG/O
    X2Y3 (CLOCK_ROOT)    net (fo=89829, routed)       1.846     2.028    top_i/StreamingDataflowPartition_0/inst/StreamingDataflowPartition_0_StreamingFIFO_rtl_37/inst/genblk1_0.impl/ap_clk
    SLICE_X59Y83         FDRE                                         r  top_i/StreamingDataflowPartition_0/inst/StreamingDataflowPartition_0_StreamingFIFO_rtl_37/inst/genblk1_0.impl/srlo_reg[231]/C
  -------------------------------------------------------------------    -------------------
    SLICE_X59Y83         FDRE (Prop_BFF_SLICEL_C_Q)
                                                      0.059     2.087 r  top_i/StreamingDataflowPartition_0/inst/StreamingDataflowPartition_0_StreamingFIFO_rtl_37/inst/genblk1_0.impl/srlo_reg[231]/Q
                         net (fo=1, routed)           0.146     2.233    top_i/StreamingDataflowPartition_0/inst/StreamingDataflowPartition_0_MVAU_rtl_6/StreamingDataflowPartition_0_MVAU_rtl_6/inst/inst/activation_replay/Mem_reg_0_1_224_237/DID1
    SLICE_X60Y83         RAMD32                                       r  top_i/StreamingDataflowPartition_0/inst/StreamingDataflowPartition_0_MVAU_rtl_6/StreamingDataflowPartition_0_MVAU_rtl_6/inst/inst/activation_replay/Mem_reg_0_1_224_237/RAMD_D1/I
  -------------------------------------------------------------------    -------------------

                         (clock clk_pl_0 rise edge)
                                                      0.000     0.000 r  
    PS8_X0Y0             PS8                          0.000     0.000 r  top_i/zynq_ps/inst/PS8_i/PLCLK[0]
                         net (fo=1, routed)           0.198     0.198    top_i/zynq_ps/inst/pl_clk_unbuffered[0]
    BUFG_PS_X0Y58        BUFG_PS (Prop_BUFG_PS_I_O)
                                                      0.028     0.226 r  top_i/zynq_ps/inst/buffer_pl_clk_0.PL_CLK_0_BUFG/O
    X2Y3 (CLOCK_ROOT)    net (fo=89829, routed)       2.135     2.361    top_i/StreamingDataflowPartition_0/inst/StreamingDataflowPartition_0_MVAU_rtl_6/StreamingDataflowPartition_0_MVAU_rtl_6/inst/inst/activation_replay/Mem_reg_0_1_224_237/WCLK
    SLICE_X60Y83         RAMD32                                       r  top_i/StreamingDataflowPartition_0/inst/StreamingDataflowPartition_0_MVAU_rtl_6/StreamingDataflowPartition_0_MVAU_rtl_6/inst/inst/activation_replay/Mem_reg_0_1_224_237/RAMD_D1/CLK
                         clock pessimism             -0.196     2.165    
    SLICE_X60Y83         RAMD32 (Hold_D6LUT_SLICEM_CLK_I)
                                                      0.059     2.224    top_i/StreamingDataflowPartition_0/inst/StreamingDataflowPartition_0_MVAU_rtl_6/StreamingDataflowPartition_0_MVAU_rtl_6/inst/inst/activation_replay/Mem_reg_0_1_224_237/RAMD_D1
  -------------------------------------------------------------------
                         required time                         -2.224    
                         arrival time                           2.233    
  -------------------------------------------------------------------
                         slack                                  0.010    

Slack (MET) :             0.010ns  (arrival time - required time)
  Source:                 top_i/StreamingDataflowPartition_0/inst/StreamingDataflowPartition_0_StreamingFIFO_rtl_31/inst/genblk1_0.impl/srlo_reg[346]/C
                            (rising edge-triggered cell FDRE clocked by clk_pl_0  {rise@0.000ns fall@5.000ns period=10.000ns})
  Destination:            top_i/StreamingDataflowPartition_0/inst/StreamingDataflowPartition_0_MVAU_rtl_5/StreamingDataflowPartition_0_MVAU_rtl_5/inst/inst/activation_replay/Mem_reg_0_1_336_349/RAMF/I
                            (rising edge-triggered cell RAMD32 clocked by clk_pl_0  {rise@0.000ns fall@5.000ns period=10.000ns})
  Path Group:             clk_pl_0
  Path Type:              Hold (Min at Slow Process Corner)
  Requirement:            0.000ns  (clk_pl_0 rise@0.000ns - clk_pl_0 rise@0.000ns)
  Data Path Delay:        0.215ns  (logic 0.059ns (27.442%)  route 0.156ns (72.558%))
  Logic Levels:           0  
  Clock Path Skew:        0.127ns (DCD - SCD - CPR)
    Destination Clock Delay (DCD):    2.559ns
    Source Clock Delay      (SCD):    2.226ns
    Clock Pessimism Removal (CPR):    0.205ns
  Clock Net Delay (Source):      2.044ns (routing 0.611ns, distribution 1.433ns)
  Clock Net Delay (Destination): 2.333ns (routing 0.676ns, distribution 1.657ns)

    Location             Delay type                Incr(ns)  Path(ns)    Netlist Resource(s)
  -------------------------------------------------------------------    -------------------
                         (clock clk_pl_0 rise edge)
                                                      0.000     0.000 r  
    PS8_X0Y0             PS8                          0.000     0.000 r  top_i/zynq_ps/inst/PS8_i/PLCLK[0]
                         net (fo=1, routed)           0.157     0.157    top_i/zynq_ps/inst/pl_clk_unbuffered[0]
    BUFG_PS_X0Y58        BUFG_PS (Prop_BUFG_PS_I_O)
                                                      0.025     0.182 r  top_i/zynq_ps/inst/buffer_pl_clk_0.PL_CLK_0_BUFG/O
    X2Y3 (CLOCK_ROOT)    net (fo=89829, routed)       2.044     2.226    top_i/StreamingDataflowPartition_0/inst/StreamingDataflowPartition_0_StreamingFIFO_rtl_31/inst/genblk1_0.impl/ap_clk
    SLICE_X88Y200        FDRE                                         r  top_i/StreamingDataflowPartition_0/inst/StreamingDataflowPartition_0_StreamingFIFO_rtl_31/inst/genblk1_0.impl/srlo_reg[346]/C
  -------------------------------------------------------------------    -------------------
    SLICE_X88Y200        FDRE (Prop_BFF_SLICEL_C_Q)
                                                      0.059     2.285 r  top_i/StreamingDataflowPartition_0/inst/StreamingDataflowPartition_0_StreamingFIFO_rtl_31/inst/genblk1_0.impl/srlo_reg[346]/Q
                         net (fo=1, routed)           0.156     2.441    top_i/StreamingDataflowPartition_0/inst/StreamingDataflowPartition_0_MVAU_rtl_5/StreamingDataflowPartition_0_MVAU_rtl_5/inst/inst/activation_replay/Mem_reg_0_1_336_349/DIF0
    SLICE_X89Y200        RAMD32                                       r  top_i/StreamingDataflowPartition_0/inst/StreamingDataflowPartition_0_MVAU_rtl_5/StreamingDataflowPartition_0_MVAU_rtl_5/inst/inst/activation_replay/Mem_reg_0_1_336_349/RAMF/I
  -------------------------------------------------------------------    -------------------

                         (clock clk_pl_0 rise edge)
                                                      0.000     0.000 r  
    PS8_X0Y0             PS8                          0.000     0.000 r  top_i/zynq_ps/inst/PS8_i/PLCLK[0]
                         net (fo=1, routed)           0.198     0.198    top_i/zynq_ps/inst/pl_clk_unbuffered[0]
    BUFG_PS_X0Y58        BUFG_PS (Prop_BUFG_PS_I_O)
                                                      0.028     0.226 r  top_i/zynq_ps/inst/buffer_pl_clk_0.PL_CLK_0_BUFG/O
    X2Y3 (CLOCK_ROOT)    net (fo=89829, routed)       2.333     2.559    top_i/StreamingDataflowPartition_0/inst/StreamingDataflowPartition_0_MVAU_rtl_5/StreamingDataflowPartition_0_MVAU_rtl_5/inst/inst/activation_replay/Mem_reg_0_1_336_349/WCLK
    SLICE_X89Y200        RAMD32                                       r  top_i/StreamingDataflowPartition_0/inst/StreamingDataflowPartition_0_MVAU_rtl_5/StreamingDataflowPartition_0_MVAU_rtl_5/inst/inst/activation_replay/Mem_reg_0_1_336_349/RAMF/CLK
                         clock pessimism             -0.205     2.354    
    SLICE_X89Y200        RAMD32 (Hold_F5LUT_SLICEM_CLK_I)
                                                      0.078     2.432    top_i/StreamingDataflowPartition_0/inst/StreamingDataflowPartition_0_MVAU_rtl_5/StreamingDataflowPartition_0_MVAU_rtl_5/inst/inst/activation_replay/Mem_reg_0_1_336_349/RAMF
  -------------------------------------------------------------------
                         required time                         -2.432    
                         arrival time                           2.441    
  -------------------------------------------------------------------
                         slack                                  0.010    

Slack (MET) :             0.010ns  (arrival time - required time)
  Source:                 top_i/StreamingDataflowPartition_0/inst/StreamingDataflowPartition_0_StreamingFIFO_rtl_13/inst/genblk1_0.impl/srlo_reg[30]/C
                            (rising edge-triggered cell FDRE clocked by clk_pl_0  {rise@0.000ns fall@5.000ns period=10.000ns})
  Destination:            top_i/StreamingDataflowPartition_0/inst/StreamingDataflowPartition_0_MVAU_rtl_2/StreamingDataflowPartition_0_MVAU_rtl_2/inst/inst/activation_replay/Mem_reg_0_1_28_41/RAMB/I
                            (rising edge-triggered cell RAMD32 clocked by clk_pl_0  {rise@0.000ns fall@5.000ns period=10.000ns})
  Path Group:             clk_pl_0
  Path Type:              Hold (Min at Slow Process Corner)
  Requirement:            0.000ns  (clk_pl_0 rise@0.000ns - clk_pl_0 rise@0.000ns)
  Data Path Delay:        0.253ns  (logic 0.058ns (22.925%)  route 0.195ns (77.075%))
  Logic Levels:           0  
  Clock Path Skew:        0.165ns (DCD - SCD - CPR)
    Destination Clock Delay (DCD):    2.404ns
    Source Clock Delay      (SCD):    2.046ns
    Clock Pessimism Removal (CPR):    0.193ns
  Clock Net Delay (Source):      1.864ns (routing 0.611ns, distribution 1.253ns)
  Clock Net Delay (Destination): 2.178ns (routing 0.676ns, distribution 1.502ns)

    Location             Delay type                Incr(ns)  Path(ns)    Netlist Resource(s)
  -------------------------------------------------------------------    -------------------
                         (clock clk_pl_0 rise edge)
                                                      0.000     0.000 r  
    PS8_X0Y0             PS8                          0.000     0.000 r  top_i/zynq_ps/inst/PS8_i/PLCLK[0]
                         net (fo=1, routed)           0.157     0.157    top_i/zynq_ps/inst/pl_clk_unbuffered[0]
    BUFG_PS_X0Y58        BUFG_PS (Prop_BUFG_PS_I_O)
                                                      0.025     0.182 r  top_i/zynq_ps/inst/buffer_pl_clk_0.PL_CLK_0_BUFG/O
    X2Y3 (CLOCK_ROOT)    net (fo=89829, routed)       1.864     2.046    top_i/StreamingDataflowPartition_0/inst/StreamingDataflowPartition_0_StreamingFIFO_rtl_13/inst/genblk1_0.impl/ap_clk
    SLICE_X44Y350        FDRE                                         r  top_i/StreamingDataflowPartition_0/inst/StreamingDataflowPartition_0_StreamingFIFO_rtl_13/inst/genblk1_0.impl/srlo_reg[30]/C
  -------------------------------------------------------------------    -------------------
    SLICE_X44Y350        FDRE (Prop_CFF_SLICEL_C_Q)
                                                      0.058     2.104 r  top_i/StreamingDataflowPartition_0/inst/StreamingDataflowPartition_0_StreamingFIFO_rtl_13/inst/genblk1_0.impl/srlo_reg[30]/Q
                         net (fo=1, routed)           0.195     2.299    top_i/StreamingDataflowPartition_0/inst/StreamingDataflowPartition_0_MVAU_rtl_2/StreamingDataflowPartition_0_MVAU_rtl_2/inst/inst/activation_replay/Mem_reg_0_1_28_41/DIB0
    SLICE_X42Y350        RAMD32                                       r  top_i/StreamingDataflowPartition_0/inst/StreamingDataflowPartition_0_MVAU_rtl_2/StreamingDataflowPartition_0_MVAU_rtl_2/inst/inst/activation_replay/Mem_reg_0_1_28_41/RAMB/I
  -------------------------------------------------------------------    -------------------

                         (clock clk_pl_0 rise edge)
                                                      0.000     0.000 r  
    PS8_X0Y0             PS8                          0.000     0.000 r  top_i/zynq_ps/inst/PS8_i/PLCLK[0]
                         net (fo=1, routed)           0.198     0.198    top_i/zynq_ps/inst/pl_clk_unbuffered[0]
    BUFG_PS_X0Y58        BUFG_PS (Prop_BUFG_PS_I_O)
                                                      0.028     0.226 r  top_i/zynq_ps/inst/buffer_pl_clk_0.PL_CLK_0_BUFG/O
    X2Y3 (CLOCK_ROOT)    net (fo=89829, routed)       2.178     2.404    top_i/StreamingDataflowPartition_0/inst/StreamingDataflowPartition_0_MVAU_rtl_2/StreamingDataflowPartition_0_MVAU_rtl_2/inst/inst/activation_replay/Mem_reg_0_1_28_41/WCLK
    SLICE_X42Y350        RAMD32                                       r  top_i/StreamingDataflowPartition_0/inst/StreamingDataflowPartition_0_MVAU_rtl_2/StreamingDataflowPartition_0_MVAU_rtl_2/inst/inst/activation_replay/Mem_reg_0_1_28_41/RAMB/CLK
                         clock pessimism             -0.193     2.211    
    SLICE_X42Y350        RAMD32 (Hold_B5LUT_SLICEM_CLK_I)
                                                      0.078     2.289    top_i/StreamingDataflowPartition_0/inst/StreamingDataflowPartition_0_MVAU_rtl_2/StreamingDataflowPartition_0_MVAU_rtl_2/inst/inst/activation_replay/Mem_reg_0_1_28_41/RAMB
  -------------------------------------------------------------------
                         required time                         -2.289    
                         arrival time                           2.299    
  -------------------------------------------------------------------
                         slack                                  0.010    

Slack (MET) :             0.010ns  (arrival time - required time)
  Source:                 top_i/StreamingDataflowPartition_0/inst/StreamingDataflowPartition_0_StreamingFIFO_rtl_22/inst/genblk1_0.impl/srlo_reg[124]/C
                            (rising edge-triggered cell FDRE clocked by clk_pl_0  {rise@0.000ns fall@5.000ns period=10.000ns})
  Destination:            top_i/StreamingDataflowPartition_0/inst/StreamingDataflowPartition_0_StreamingMaxPool_hls_3/inst/regslice_both_in0_V_U/B_V_data_1_payload_A_reg[124]/D
                            (rising edge-triggered cell FDRE clocked by clk_pl_0  {rise@0.000ns fall@5.000ns period=10.000ns})
  Path Group:             clk_pl_0
  Path Type:              Hold (Min at Slow Process Corner)
  Requirement:            0.000ns  (clk_pl_0 rise@0.000ns - clk_pl_0 rise@0.000ns)
  Data Path Delay:        0.167ns  (logic 0.059ns (35.299%)  route 0.108ns (64.701%))
  Logic Levels:           0  
  Clock Path Skew:        0.095ns (DCD - SCD - CPR)
    Destination Clock Delay (DCD):    2.581ns
    Source Clock Delay      (SCD):    2.266ns
    Clock Pessimism Removal (CPR):    0.220ns
  Clock Net Delay (Source):      2.084ns (routing 0.611ns, distribution 1.473ns)
  Clock Net Delay (Destination): 2.355ns (routing 0.676ns, distribution 1.679ns)

    Location             Delay type                Incr(ns)  Path(ns)    Netlist Resource(s)
  -------------------------------------------------------------------    -------------------
                         (clock clk_pl_0 rise edge)
                                                      0.000     0.000 r  
    PS8_X0Y0             PS8                          0.000     0.000 r  top_i/zynq_ps/inst/PS8_i/PLCLK[0]
                         net (fo=1, routed)           0.157     0.157    top_i/zynq_ps/inst/pl_clk_unbuffered[0]
    BUFG_PS_X0Y58        BUFG_PS (Prop_BUFG_PS_I_O)
                                                      0.025     0.182 r  top_i/zynq_ps/inst/buffer_pl_clk_0.PL_CLK_0_BUFG/O
    X2Y3 (CLOCK_ROOT)    net (fo=89829, routed)       2.084     2.266    top_i/StreamingDataflowPartition_0/inst/StreamingDataflowPartition_0_StreamingFIFO_rtl_22/inst/genblk1_0.impl/ap_clk
    SLICE_X81Y413        FDRE                                         r  top_i/StreamingDataflowPartition_0/inst/StreamingDataflowPartition_0_StreamingFIFO_rtl_22/inst/genblk1_0.impl/srlo_reg[124]/C
  -------------------------------------------------------------------    -------------------
    SLICE_X81Y413        FDRE (Prop_DFF_SLICEL_C_Q)
                                                      0.059     2.325 r  top_i/StreamingDataflowPartition_0/inst/StreamingDataflowPartition_0_StreamingFIFO_rtl_22/inst/genblk1_0.impl/srlo_reg[124]/Q
                         net (fo=2, routed)           0.108     2.433    top_i/StreamingDataflowPartition_0/inst/StreamingDataflowPartition_0_StreamingMaxPool_hls_3/inst/regslice_both_in0_V_U/in0_V_TDATA[124]
    SLICE_X82Y412        FDRE                                         r  top_i/StreamingDataflowPartition_0/inst/StreamingDataflowPartition_0_StreamingMaxPool_hls_3/inst/regslice_both_in0_V_U/B_V_data_1_payload_A_reg[124]/D
  -------------------------------------------------------------------    -------------------

                         (clock clk_pl_0 rise edge)
                                                      0.000     0.000 r  
    PS8_X0Y0             PS8                          0.000     0.000 r  top_i/zynq_ps/inst/PS8_i/PLCLK[0]
                         net (fo=1, routed)           0.198     0.198    top_i/zynq_ps/inst/pl_clk_unbuffered[0]
    BUFG_PS_X0Y58        BUFG_PS (Prop_BUFG_PS_I_O)
                                                      0.028     0.226 r  top_i/zynq_ps/inst/buffer_pl_clk_0.PL_CLK_0_BUFG/O
    X2Y3 (CLOCK_ROOT)    net (fo=89829, routed)       2.355     2.581    top_i/StreamingDataflowPartition_0/inst/StreamingDataflowPartition_0_StreamingMaxPool_hls_3/inst/regslice_both_in0_V_U/ap_clk
    SLICE_X82Y412        FDRE                                         r  top_i/StreamingDataflowPartition_0/inst/StreamingDataflowPartition_0_StreamingMaxPool_hls_3/inst/regslice_both_in0_V_U/B_V_data_1_payload_A_reg[124]/C
                         clock pessimism             -0.220     2.361    
    SLICE_X82Y412        FDRE (Hold_HFF2_SLICEM_C_D)
                                                      0.062     2.423    top_i/StreamingDataflowPartition_0/inst/StreamingDataflowPartition_0_StreamingMaxPool_hls_3/inst/regslice_both_in0_V_U/B_V_data_1_payload_A_reg[124]
  -------------------------------------------------------------------
                         required time                         -2.423    
                         arrival time                           2.433    
  -------------------------------------------------------------------
                         slack                                  0.010    

Slack (MET) :             0.010ns  (arrival time - required time)
  Source:                 top_i/StreamingDataflowPartition_0/inst/StreamingDataflowPartition_0_MVAU_rtl_1/StreamingDataflowPartition_0_MVAU_rtl_1/inst/inst/blkDsp.genblk2_1.core/genPipes[2].genSIMD[20].X1_reg[1][1]/C
                            (rising edge-triggered cell FDRE clocked by clk_pl_0  {rise@0.000ns fall@5.000ns period=10.000ns})
  Destination:            top_i/StreamingDataflowPartition_0/inst/StreamingDataflowPartition_0_MVAU_rtl_1/StreamingDataflowPartition_0_MVAU_rtl_1/inst/inst/blkDsp.genblk2_1.core/genPipes[2].genSIMD[20].X2_reg[1][1]/D
                            (rising edge-triggered cell FDRE clocked by clk_pl_0  {rise@0.000ns fall@5.000ns period=10.000ns})
  Path Group:             clk_pl_0
  Path Type:              Hold (Min at Slow Process Corner)
  Requirement:            0.000ns  (clk_pl_0 rise@0.000ns - clk_pl_0 rise@0.000ns)
  Data Path Delay:        0.176ns  (logic 0.058ns (32.955%)  route 0.118ns (67.045%))
  Logic Levels:           0  
  Clock Path Skew:        0.106ns (DCD - SCD - CPR)
    Destination Clock Delay (DCD):    2.293ns
    Source Clock Delay      (SCD):    2.002ns
    Clock Pessimism Removal (CPR):    0.185ns
  Clock Net Delay (Source):      1.820ns (routing 0.611ns, distribution 1.209ns)
  Clock Net Delay (Destination): 2.067ns (routing 0.676ns, distribution 1.391ns)

    Location             Delay type                Incr(ns)  Path(ns)    Netlist Resource(s)
  -------------------------------------------------------------------    -------------------
                         (clock clk_pl_0 rise edge)
                                                      0.000     0.000 r  
    PS8_X0Y0             PS8                          0.000     0.000 r  top_i/zynq_ps/inst/PS8_i/PLCLK[0]
                         net (fo=1, routed)           0.157     0.157    top_i/zynq_ps/inst/pl_clk_unbuffered[0]
    BUFG_PS_X0Y58        BUFG_PS (Prop_BUFG_PS_I_O)
                                                      0.025     0.182 r  top_i/zynq_ps/inst/buffer_pl_clk_0.PL_CLK_0_BUFG/O
    X2Y3 (CLOCK_ROOT)    net (fo=89829, routed)       1.820     2.002    top_i/StreamingDataflowPartition_0/inst/StreamingDataflowPartition_0_MVAU_rtl_1/StreamingDataflowPartition_0_MVAU_rtl_1/inst/inst/blkDsp.genblk2_1.core/ap_clk
    SLICE_X41Y225        FDRE                                         r  top_i/StreamingDataflowPartition_0/inst/StreamingDataflowPartition_0_MVAU_rtl_1/StreamingDataflowPartition_0_MVAU_rtl_1/inst/inst/blkDsp.genblk2_1.core/genPipes[2].genSIMD[20].X1_reg[1][1]/C
  -------------------------------------------------------------------    -------------------
    SLICE_X41Y225        FDRE (Prop_CFF_SLICEM_C_Q)
                                                      0.058     2.060 r  top_i/StreamingDataflowPartition_0/inst/StreamingDataflowPartition_0_MVAU_rtl_1/StreamingDataflowPartition_0_MVAU_rtl_1/inst/inst/blkDsp.genblk2_1.core/genPipes[2].genSIMD[20].X1_reg[1][1]/Q
                         net (fo=1, routed)           0.118     2.178    top_i/StreamingDataflowPartition_0/inst/StreamingDataflowPartition_0_MVAU_rtl_1/StreamingDataflowPartition_0_MVAU_rtl_1/inst/inst/blkDsp.genblk2_1.core/genPipes[2].genSIMD[20].X1_reg[1]_1699[1]
    SLICE_X40Y224        FDRE                                         r  top_i/StreamingDataflowPartition_0/inst/StreamingDataflowPartition_0_MVAU_rtl_1/StreamingDataflowPartition_0_MVAU_rtl_1/inst/inst/blkDsp.genblk2_1.core/genPipes[2].genSIMD[20].X2_reg[1][1]/D
  -------------------------------------------------------------------    -------------------

                         (clock clk_pl_0 rise edge)
                                                      0.000     0.000 r  
    PS8_X0Y0             PS8                          0.000     0.000 r  top_i/zynq_ps/inst/PS8_i/PLCLK[0]
                         net (fo=1, routed)           0.198     0.198    top_i/zynq_ps/inst/pl_clk_unbuffered[0]
    BUFG_PS_X0Y58        BUFG_PS (Prop_BUFG_PS_I_O)
                                                      0.028     0.226 r  top_i/zynq_ps/inst/buffer_pl_clk_0.PL_CLK_0_BUFG/O
    X2Y3 (CLOCK_ROOT)    net (fo=89829, routed)       2.067     2.293    top_i/StreamingDataflowPartition_0/inst/StreamingDataflowPartition_0_MVAU_rtl_1/StreamingDataflowPartition_0_MVAU_rtl_1/inst/inst/blkDsp.genblk2_1.core/ap_clk
    SLICE_X40Y224        FDRE                                         r  top_i/StreamingDataflowPartition_0/inst/StreamingDataflowPartition_0_MVAU_rtl_1/StreamingDataflowPartition_0_MVAU_rtl_1/inst/inst/blkDsp.genblk2_1.core/genPipes[2].genSIMD[20].X2_reg[1][1]/C
                         clock pessimism             -0.185     2.108    
    SLICE_X40Y224        FDRE (Hold_GFF_SLICEL_C_D)
                                                      0.060     2.168    top_i/StreamingDataflowPartition_0/inst/StreamingDataflowPartition_0_MVAU_rtl_1/StreamingDataflowPartition_0_MVAU_rtl_1/inst/inst/blkDsp.genblk2_1.core/genPipes[2].genSIMD[20].X2_reg[1][1]
  -------------------------------------------------------------------
                         required time                         -2.168    
                         arrival time                           2.178    
  -------------------------------------------------------------------
                         slack                                  0.010    

Slack (MET) :             0.010ns  (arrival time - required time)
  Source:                 top_i/StreamingDataflowPartition_0/inst/StreamingDataflowPartition_0_Thresholding_rtl_1/inst/core/impl/genStages[0].genPE[5].P_reg[val][11]/C
                            (rising edge-triggered cell FDRE clocked by clk_pl_0  {rise@0.000ns fall@5.000ns period=10.000ns})
  Destination:            top_i/StreamingDataflowPartition_0/inst/StreamingDataflowPartition_0_Thresholding_rtl_1/inst/core/impl/genStages[0].genPE[5].Pf_reg[val][11]/D
                            (rising edge-triggered cell FDRE clocked by clk_pl_0  {rise@0.000ns fall@5.000ns period=10.000ns})
  Path Group:             clk_pl_0
  Path Type:              Hold (Min at Slow Process Corner)
  Requirement:            0.000ns  (clk_pl_0 rise@0.000ns - clk_pl_0 rise@0.000ns)
  Data Path Delay:        0.155ns  (logic 0.059ns (38.086%)  route 0.096ns (61.914%))
  Logic Levels:           0  
  Clock Path Skew:        0.085ns (DCD - SCD - CPR)
    Destination Clock Delay (DCD):    2.458ns
    Source Clock Delay      (SCD):    2.172ns
    Clock Pessimism Removal (CPR):    0.201ns
  Clock Net Delay (Source):      1.990ns (routing 0.611ns, distribution 1.379ns)
  Clock Net Delay (Destination): 2.232ns (routing 0.676ns, distribution 1.556ns)

    Location             Delay type                Incr(ns)  Path(ns)    Netlist Resource(s)
  -------------------------------------------------------------------    -------------------
                         (clock clk_pl_0 rise edge)
                                                      0.000     0.000 r  
    PS8_X0Y0             PS8                          0.000     0.000 r  top_i/zynq_ps/inst/PS8_i/PLCLK[0]
                         net (fo=1, routed)           0.157     0.157    top_i/zynq_ps/inst/pl_clk_unbuffered[0]
    BUFG_PS_X0Y58        BUFG_PS (Prop_BUFG_PS_I_O)
                                                      0.025     0.182 r  top_i/zynq_ps/inst/buffer_pl_clk_0.PL_CLK_0_BUFG/O
    X2Y3 (CLOCK_ROOT)    net (fo=89829, routed)       1.990     2.172    top_i/StreamingDataflowPartition_0/inst/StreamingDataflowPartition_0_Thresholding_rtl_1/inst/core/impl/ap_clk
    SLICE_X77Y324        FDRE                                         r  top_i/StreamingDataflowPartition_0/inst/StreamingDataflowPartition_0_Thresholding_rtl_1/inst/core/impl/genStages[0].genPE[5].P_reg[val][11]/C
  -------------------------------------------------------------------    -------------------
    SLICE_X77Y324        FDRE (Prop_GFF_SLICEL_C_Q)
                                                      0.059     2.231 r  top_i/StreamingDataflowPartition_0/inst/StreamingDataflowPartition_0_Thresholding_rtl_1/inst/core/impl/genStages[0].genPE[5].P_reg[val][11]/Q
                         net (fo=2, routed)           0.096     2.327    top_i/StreamingDataflowPartition_0/inst/StreamingDataflowPartition_0_Thresholding_rtl_1/inst/core/impl/genStages[0].genPE[5].P_reg[val][11]
    SLICE_X78Y324        FDRE                                         r  top_i/StreamingDataflowPartition_0/inst/StreamingDataflowPartition_0_Thresholding_rtl_1/inst/core/impl/genStages[0].genPE[5].Pf_reg[val][11]/D
  -------------------------------------------------------------------    -------------------

                         (clock clk_pl_0 rise edge)
                                                      0.000     0.000 r  
    PS8_X0Y0             PS8                          0.000     0.000 r  top_i/zynq_ps/inst/PS8_i/PLCLK[0]
                         net (fo=1, routed)           0.198     0.198    top_i/zynq_ps/inst/pl_clk_unbuffered[0]
    BUFG_PS_X0Y58        BUFG_PS (Prop_BUFG_PS_I_O)
                                                      0.028     0.226 r  top_i/zynq_ps/inst/buffer_pl_clk_0.PL_CLK_0_BUFG/O
    X2Y3 (CLOCK_ROOT)    net (fo=89829, routed)       2.232     2.458    top_i/StreamingDataflowPartition_0/inst/StreamingDataflowPartition_0_Thresholding_rtl_1/inst/core/impl/ap_clk
    SLICE_X78Y324        FDRE                                         r  top_i/StreamingDataflowPartition_0/inst/StreamingDataflowPartition_0_Thresholding_rtl_1/inst/core/impl/genStages[0].genPE[5].Pf_reg[val][11]/C
                         clock pessimism             -0.201     2.257    
    SLICE_X78Y324        FDRE (Hold_EFF_SLICEM_C_D)
                                                      0.060     2.317    top_i/StreamingDataflowPartition_0/inst/StreamingDataflowPartition_0_Thresholding_rtl_1/inst/core/impl/genStages[0].genPE[5].Pf_reg[val][11]
  -------------------------------------------------------------------
                         required time                         -2.317    
                         arrival time                           2.327    
  -------------------------------------------------------------------
                         slack                                  0.010    

Slack (MET) :             0.010ns  (arrival time - required time)
  Source:                 top_i/StreamingDataflowPartition_0/inst/StreamingDataflowPartition_0_StreamingFIFO_rtl_31/inst/genblk1_0.impl/srlo_reg[305]/C
                            (rising edge-triggered cell FDRE clocked by clk_pl_0  {rise@0.000ns fall@5.000ns period=10.000ns})
  Destination:            top_i/StreamingDataflowPartition_0/inst/StreamingDataflowPartition_0_MVAU_rtl_5/StreamingDataflowPartition_0_MVAU_rtl_5/inst/inst/activation_replay/Mem_reg_0_1_294_307/RAMF_D1/I
                            (rising edge-triggered cell RAMD32 clocked by clk_pl_0  {rise@0.000ns fall@5.000ns period=10.000ns})
  Path Group:             clk_pl_0
  Path Type:              Hold (Min at Slow Process Corner)
  Requirement:            0.000ns  (clk_pl_0 rise@0.000ns - clk_pl_0 rise@0.000ns)
  Data Path Delay:        0.272ns  (logic 0.058ns (21.324%)  route 0.214ns (78.676%))
  Logic Levels:           0  
  Clock Path Skew:        0.202ns (DCD - SCD - CPR)
    Destination Clock Delay (DCD):    2.652ns
    Source Clock Delay      (SCD):    2.243ns
    Clock Pessimism Removal (CPR):    0.208ns
  Clock Net Delay (Source):      2.061ns (routing 0.611ns, distribution 1.450ns)
  Clock Net Delay (Destination): 2.426ns (routing 0.676ns, distribution 1.750ns)

    Location             Delay type                Incr(ns)  Path(ns)    Netlist Resource(s)
  -------------------------------------------------------------------    -------------------
                         (clock clk_pl_0 rise edge)
                                                      0.000     0.000 r  
    PS8_X0Y0             PS8                          0.000     0.000 r  top_i/zynq_ps/inst/PS8_i/PLCLK[0]
                         net (fo=1, routed)           0.157     0.157    top_i/zynq_ps/inst/pl_clk_unbuffered[0]
    BUFG_PS_X0Y58        BUFG_PS (Prop_BUFG_PS_I_O)
                                                      0.025     0.182 r  top_i/zynq_ps/inst/buffer_pl_clk_0.PL_CLK_0_BUFG/O
    X2Y3 (CLOCK_ROOT)    net (fo=89829, routed)       2.061     2.243    top_i/StreamingDataflowPartition_0/inst/StreamingDataflowPartition_0_StreamingFIFO_rtl_31/inst/genblk1_0.impl/ap_clk
    SLICE_X96Y193        FDRE                                         r  top_i/StreamingDataflowPartition_0/inst/StreamingDataflowPartition_0_StreamingFIFO_rtl_31/inst/genblk1_0.impl/srlo_reg[305]/C
  -------------------------------------------------------------------    -------------------
    SLICE_X96Y193        FDRE (Prop_AFF_SLICEM_C_Q)
                                                      0.058     2.301 r  top_i/StreamingDataflowPartition_0/inst/StreamingDataflowPartition_0_StreamingFIFO_rtl_31/inst/genblk1_0.impl/srlo_reg[305]/Q
                         net (fo=1, routed)           0.214     2.515    top_i/StreamingDataflowPartition_0/inst/StreamingDataflowPartition_0_MVAU_rtl_5/StreamingDataflowPartition_0_MVAU_rtl_5/inst/inst/activation_replay/Mem_reg_0_1_294_307/DIF1
    SLICE_X97Y196        RAMD32                                       r  top_i/StreamingDataflowPartition_0/inst/StreamingDataflowPartition_0_MVAU_rtl_5/StreamingDataflowPartition_0_MVAU_rtl_5/inst/inst/activation_replay/Mem_reg_0_1_294_307/RAMF_D1/I
  -------------------------------------------------------------------    -------------------

                         (clock clk_pl_0 rise edge)
                                                      0.000     0.000 r  
    PS8_X0Y0             PS8                          0.000     0.000 r  top_i/zynq_ps/inst/PS8_i/PLCLK[0]
                         net (fo=1, routed)           0.198     0.198    top_i/zynq_ps/inst/pl_clk_unbuffered[0]
    BUFG_PS_X0Y58        BUFG_PS (Prop_BUFG_PS_I_O)
                                                      0.028     0.226 r  top_i/zynq_ps/inst/buffer_pl_clk_0.PL_CLK_0_BUFG/O
    X2Y3 (CLOCK_ROOT)    net (fo=89829, routed)       2.426     2.652    top_i/StreamingDataflowPartition_0/inst/StreamingDataflowPartition_0_MVAU_rtl_5/StreamingDataflowPartition_0_MVAU_rtl_5/inst/inst/activation_replay/Mem_reg_0_1_294_307/WCLK
    SLICE_X97Y196        RAMD32                                       r  top_i/StreamingDataflowPartition_0/inst/StreamingDataflowPartition_0_MVAU_rtl_5/StreamingDataflowPartition_0_MVAU_rtl_5/inst/inst/activation_replay/Mem_reg_0_1_294_307/RAMF_D1/CLK
                         clock pessimism             -0.208     2.445    
    SLICE_X97Y196        RAMD32 (Hold_F6LUT_SLICEM_CLK_I)
                                                      0.060     2.505    top_i/StreamingDataflowPartition_0/inst/StreamingDataflowPartition_0_MVAU_rtl_5/StreamingDataflowPartition_0_MVAU_rtl_5/inst/inst/activation_replay/Mem_reg_0_1_294_307/RAMF_D1
  -------------------------------------------------------------------
                         required time                         -2.505    
                         arrival time                           2.515    
  -------------------------------------------------------------------
                         slack                                  0.010    

Slack (MET) :             0.010ns  (arrival time - required time)
  Source:                 top_i/StreamingDataflowPartition_0/inst/StreamingDataflowPartition_0_StreamingFIFO_rtl_31/inst/genblk1_0.impl/srlo_reg[54]/C
                            (rising edge-triggered cell FDRE clocked by clk_pl_0  {rise@0.000ns fall@5.000ns period=10.000ns})
  Destination:            top_i/StreamingDataflowPartition_0/inst/StreamingDataflowPartition_0_MVAU_rtl_5/StreamingDataflowPartition_0_MVAU_rtl_5/inst/inst/activation_replay/Mem_reg_0_1_42_55/RAMG/I
                            (rising edge-triggered cell RAMD32 clocked by clk_pl_0  {rise@0.000ns fall@5.000ns period=10.000ns})
  Path Group:             clk_pl_0
  Path Type:              Hold (Min at Slow Process Corner)
  Requirement:            0.000ns  (clk_pl_0 rise@0.000ns - clk_pl_0 rise@0.000ns)
  Data Path Delay:        0.227ns  (logic 0.059ns (25.991%)  route 0.168ns (74.009%))
  Logic Levels:           0  
  Clock Path Skew:        0.139ns (DCD - SCD - CPR)
    Destination Clock Delay (DCD):    2.576ns
    Source Clock Delay      (SCD):    2.232ns
    Clock Pessimism Removal (CPR):    0.205ns
  Clock Net Delay (Source):      2.050ns (routing 0.611ns, distribution 1.439ns)
  Clock Net Delay (Destination): 2.350ns (routing 0.676ns, distribution 1.674ns)

    Location             Delay type                Incr(ns)  Path(ns)    Netlist Resource(s)
  -------------------------------------------------------------------    -------------------
                         (clock clk_pl_0 rise edge)
                                                      0.000     0.000 r  
    PS8_X0Y0             PS8                          0.000     0.000 r  top_i/zynq_ps/inst/PS8_i/PLCLK[0]
                         net (fo=1, routed)           0.157     0.157    top_i/zynq_ps/inst/pl_clk_unbuffered[0]
    BUFG_PS_X0Y58        BUFG_PS (Prop_BUFG_PS_I_O)
                                                      0.025     0.182 r  top_i/zynq_ps/inst/buffer_pl_clk_0.PL_CLK_0_BUFG/O
    X2Y3 (CLOCK_ROOT)    net (fo=89829, routed)       2.050     2.232    top_i/StreamingDataflowPartition_0/inst/StreamingDataflowPartition_0_StreamingFIFO_rtl_31/inst/genblk1_0.impl/ap_clk
    SLICE_X92Y185        FDRE                                         r  top_i/StreamingDataflowPartition_0/inst/StreamingDataflowPartition_0_StreamingFIFO_rtl_31/inst/genblk1_0.impl/srlo_reg[54]/C
  -------------------------------------------------------------------    -------------------
    SLICE_X92Y185        FDRE (Prop_BFF_SLICEL_C_Q)
                                                      0.059     2.291 r  top_i/StreamingDataflowPartition_0/inst/StreamingDataflowPartition_0_StreamingFIFO_rtl_31/inst/genblk1_0.impl/srlo_reg[54]/Q
                         net (fo=1, routed)           0.168     2.459    top_i/StreamingDataflowPartition_0/inst/StreamingDataflowPartition_0_MVAU_rtl_5/StreamingDataflowPartition_0_MVAU_rtl_5/inst/inst/activation_replay/Mem_reg_0_1_42_55/DIG0
    SLICE_X93Y180        RAMD32                                       r  top_i/StreamingDataflowPartition_0/inst/StreamingDataflowPartition_0_MVAU_rtl_5/StreamingDataflowPartition_0_MVAU_rtl_5/inst/inst/activation_replay/Mem_reg_0_1_42_55/RAMG/I
  -------------------------------------------------------------------    -------------------

                         (clock clk_pl_0 rise edge)
                                                      0.000     0.000 r  
    PS8_X0Y0             PS8                          0.000     0.000 r  top_i/zynq_ps/inst/PS8_i/PLCLK[0]
                         net (fo=1, routed)           0.198     0.198    top_i/zynq_ps/inst/pl_clk_unbuffered[0]
    BUFG_PS_X0Y58        BUFG_PS (Prop_BUFG_PS_I_O)
                                                      0.028     0.226 r  top_i/zynq_ps/inst/buffer_pl_clk_0.PL_CLK_0_BUFG/O
    X2Y3 (CLOCK_ROOT)    net (fo=89829, routed)       2.350     2.576    top_i/StreamingDataflowPartition_0/inst/StreamingDataflowPartition_0_MVAU_rtl_5/StreamingDataflowPartition_0_MVAU_rtl_5/inst/inst/activation_replay/Mem_reg_0_1_42_55/WCLK
    SLICE_X93Y180        RAMD32                                       r  top_i/StreamingDataflowPartition_0/inst/StreamingDataflowPartition_0_MVAU_rtl_5/StreamingDataflowPartition_0_MVAU_rtl_5/inst/inst/activation_replay/Mem_reg_0_1_42_55/RAMG/CLK
                         clock pessimism             -0.205     2.371    
    SLICE_X93Y180        RAMD32 (Hold_G5LUT_SLICEM_CLK_I)
                                                      0.078     2.449    top_i/StreamingDataflowPartition_0/inst/StreamingDataflowPartition_0_MVAU_rtl_5/StreamingDataflowPartition_0_MVAU_rtl_5/inst/inst/activation_replay/Mem_reg_0_1_42_55/RAMG
  -------------------------------------------------------------------
                         required time                         -2.449    
                         arrival time                           2.459    
  -------------------------------------------------------------------
                         slack                                  0.010    





Pulse Width Checks
--------------------------------------------------------------------------------------
Clock Name:         clk_pl_0
Waveform(ns):       { 0.000 5.000 }
Period(ns):         10.000
Sources:            { top_i/zynq_ps/inst/PS8_i/PLCLK[0] }

Check Type        Corner  Lib Pin             Reference Pin  Required(ns)  Actual(ns)  Slack(ns)  Location     Pin
Min Period        n/a     PS8/MAXIGP0ACLK     n/a            3.000         10.000      7.000      PS8_X0Y0     top_i/zynq_ps/inst/PS8_i/MAXIGP0ACLK
Min Period        n/a     PS8/SAXIGP2RCLK     n/a            3.000         10.000      7.000      PS8_X0Y0     top_i/zynq_ps/inst/PS8_i/SAXIGP2RCLK
Min Period        n/a     PS8/SAXIGP2WCLK     n/a            3.000         10.000      7.000      PS8_X0Y0     top_i/zynq_ps/inst/PS8_i/SAXIGP2WCLK
Min Period        n/a     RAMB36E2/CLKARDCLK  n/a            1.569         10.000      8.431      RAMB36_X3Y4  top_i/StreamingDataflowPartition_0/inst/StreamingDataflowPartition_0_MVAU_rtl_7/StreamingDataflowPartition_0_MVAU_rtl_7_wstrm/inst/core/mem/blkStage2.Mem_reg_0/CLKARDCLK
Min Period        n/a     RAMB36E2/CLKBWRCLK  n/a            1.569         10.000      8.431      RAMB36_X3Y4  top_i/StreamingDataflowPartition_0/inst/StreamingDataflowPartition_0_MVAU_rtl_7/StreamingDataflowPartition_0_MVAU_rtl_7_wstrm/inst/core/mem/blkStage2.Mem_reg_0/CLKBWRCLK
Min Period        n/a     RAMB36E2/CLKARDCLK  n/a            1.569         10.000      8.431      RAMB36_X3Y6  top_i/StreamingDataflowPartition_0/inst/StreamingDataflowPartition_0_MVAU_rtl_7/StreamingDataflowPartition_0_MVAU_rtl_7_wstrm/inst/core/mem/blkStage2.Mem_reg_1/CLKARDCLK
Min Period        n/a     RAMB36E2/CLKBWRCLK  n/a            1.569         10.000      8.431      RAMB36_X3Y6  top_i/StreamingDataflowPartition_0/inst/StreamingDataflowPartition_0_MVAU_rtl_7/StreamingDataflowPartition_0_MVAU_rtl_7_wstrm/inst/core/mem/blkStage2.Mem_reg_1/CLKBWRCLK
Min Period        n/a     RAMB36E2/CLKARDCLK  n/a            1.569         10.000      8.431      RAMB36_X3Y5  top_i/StreamingDataflowPartition_0/inst/StreamingDataflowPartition_0_MVAU_rtl_7/StreamingDataflowPartition_0_MVAU_rtl_7_wstrm/inst/core/mem/blkStage2.Mem_reg_2/CLKARDCLK
Min Period        n/a     RAMB36E2/CLKBWRCLK  n/a            1.569         10.000      8.431      RAMB36_X3Y5  top_i/StreamingDataflowPartition_0/inst/StreamingDataflowPartition_0_MVAU_rtl_7/StreamingDataflowPartition_0_MVAU_rtl_7_wstrm/inst/core/mem/blkStage2.Mem_reg_2/CLKBWRCLK
Min Period        n/a     RAMB36E2/CLKARDCLK  n/a            1.569         10.000      8.431      RAMB36_X3Y7  top_i/StreamingDataflowPartition_0/inst/StreamingDataflowPartition_0_MVAU_rtl_7/StreamingDataflowPartition_0_MVAU_rtl_7_wstrm/inst/core/mem/blkStage2.Mem_reg_3/CLKARDCLK
Low Pulse Width   Slow    PS8/MAXIGP0ACLK     n/a            1.500         5.000       3.500      PS8_X0Y0     top_i/zynq_ps/inst/PS8_i/MAXIGP0ACLK
Low Pulse Width   Fast    PS8/MAXIGP0ACLK     n/a            1.500         5.000       3.500      PS8_X0Y0     top_i/zynq_ps/inst/PS8_i/MAXIGP0ACLK
Low Pulse Width   Slow    PS8/SAXIGP2RCLK     n/a            1.500         5.000       3.500      PS8_X0Y0     top_i/zynq_ps/inst/PS8_i/SAXIGP2RCLK
Low Pulse Width   Fast    PS8/SAXIGP2RCLK     n/a            1.500         5.000       3.500      PS8_X0Y0     top_i/zynq_ps/inst/PS8_i/SAXIGP2RCLK
Low Pulse Width   Slow    PS8/SAXIGP2WCLK     n/a            1.500         5.000       3.500      PS8_X0Y0     top_i/zynq_ps/inst/PS8_i/SAXIGP2WCLK
Low Pulse Width   Fast    PS8/SAXIGP2WCLK     n/a            1.500         5.000       3.500      PS8_X0Y0     top_i/zynq_ps/inst/PS8_i/SAXIGP2WCLK
Low Pulse Width   Slow    RAMB36E2/CLKARDCLK  n/a            0.542         5.000       4.458      RAMB36_X3Y4  top_i/StreamingDataflowPartition_0/inst/StreamingDataflowPartition_0_MVAU_rtl_7/StreamingDataflowPartition_0_MVAU_rtl_7_wstrm/inst/core/mem/blkStage2.Mem_reg_0/CLKARDCLK
Low Pulse Width   Fast    RAMB36E2/CLKARDCLK  n/a            0.542         5.000       4.458      RAMB36_X3Y4  top_i/StreamingDataflowPartition_0/inst/StreamingDataflowPartition_0_MVAU_rtl_7/StreamingDataflowPartition_0_MVAU_rtl_7_wstrm/inst/core/mem/blkStage2.Mem_reg_0/CLKARDCLK
Low Pulse Width   Slow    RAMB36E2/CLKBWRCLK  n/a            0.542         5.000       4.458      RAMB36_X3Y4  top_i/StreamingDataflowPartition_0/inst/StreamingDataflowPartition_0_MVAU_rtl_7/StreamingDataflowPartition_0_MVAU_rtl_7_wstrm/inst/core/mem/blkStage2.Mem_reg_0/CLKBWRCLK
Low Pulse Width   Fast    RAMB36E2/CLKBWRCLK  n/a            0.542         5.000       4.458      RAMB36_X3Y4  top_i/StreamingDataflowPartition_0/inst/StreamingDataflowPartition_0_MVAU_rtl_7/StreamingDataflowPartition_0_MVAU_rtl_7_wstrm/inst/core/mem/blkStage2.Mem_reg_0/CLKBWRCLK
High Pulse Width  Slow    PS8/MAXIGP0ACLK     n/a            1.500         5.000       3.500      PS8_X0Y0     top_i/zynq_ps/inst/PS8_i/MAXIGP0ACLK
High Pulse Width  Fast    PS8/MAXIGP0ACLK     n/a            1.500         5.000       3.500      PS8_X0Y0     top_i/zynq_ps/inst/PS8_i/MAXIGP0ACLK
High Pulse Width  Slow    PS8/SAXIGP2RCLK     n/a            1.500         5.000       3.500      PS8_X0Y0     top_i/zynq_ps/inst/PS8_i/SAXIGP2RCLK
High Pulse Width  Fast    PS8/SAXIGP2RCLK     n/a            1.500         5.000       3.500      PS8_X0Y0     top_i/zynq_ps/inst/PS8_i/SAXIGP2RCLK
High Pulse Width  Slow    PS8/SAXIGP2WCLK     n/a            1.500         5.000       3.500      PS8_X0Y0     top_i/zynq_ps/inst/PS8_i/SAXIGP2WCLK
High Pulse Width  Fast    PS8/SAXIGP2WCLK     n/a            1.500         5.000       3.500      PS8_X0Y0     top_i/zynq_ps/inst/PS8_i/SAXIGP2WCLK
High Pulse Width  Slow    RAMB36E2/CLKARDCLK  n/a            0.542         5.000       4.458      RAMB36_X3Y4  top_i/StreamingDataflowPartition_0/inst/StreamingDataflowPartition_0_MVAU_rtl_7/StreamingDataflowPartition_0_MVAU_rtl_7_wstrm/inst/core/mem/blkStage2.Mem_reg_0/CLKARDCLK
High Pulse Width  Fast    RAMB36E2/CLKARDCLK  n/a            0.542         5.000       4.458      RAMB36_X3Y4  top_i/StreamingDataflowPartition_0/inst/StreamingDataflowPartition_0_MVAU_rtl_7/StreamingDataflowPartition_0_MVAU_rtl_7_wstrm/inst/core/mem/blkStage2.Mem_reg_0/CLKARDCLK
High Pulse Width  Slow    RAMB36E2/CLKBWRCLK  n/a            0.542         5.000       4.458      RAMB36_X3Y4  top_i/StreamingDataflowPartition_0/inst/StreamingDataflowPartition_0_MVAU_rtl_7/StreamingDataflowPartition_0_MVAU_rtl_7_wstrm/inst/core/mem/blkStage2.Mem_reg_0/CLKBWRCLK
High Pulse Width  Fast    RAMB36E2/CLKBWRCLK  n/a            0.542         5.000       4.458      RAMB36_X3Y4  top_i/StreamingDataflowPartition_0/inst/StreamingDataflowPartition_0_MVAU_rtl_7/StreamingDataflowPartition_0_MVAU_rtl_7_wstrm/inst/core/mem/blkStage2.Mem_reg_0/CLKBWRCLK



---------------------------------------------------------------------------------------------------
Path Group:  **async_default**
From Clock:  clk_pl_0
  To Clock:  clk_pl_0

Setup :            0  Failing Endpoints,  Worst Slack        8.597ns,  Total Violation        0.000ns
Hold  :            0  Failing Endpoints,  Worst Slack        0.189ns,  Total Violation        0.000ns
---------------------------------------------------------------------------------------------------


Max Delay Paths
--------------------------------------------------------------------------------------
Slack (MET) :             8.597ns  (required time - arrival time)
  Source:                 top_i/axi_interconnect_0/s00_couplers/auto_ds/inst/gen_downsizer.gen_simple_downsizer.axi_downsizer_inst/USE_READ.read_addr_inst/cmd_queue/inst/fifo_gen_inst/inst_fifo_gen/gconvfifo.rf/grf.rf/rstblk/ngwrdrst.grst.g7serrst.gnsckt_wrst.gcc_rst.sckt_wr_rst_cc_reg[0]/C
                            (rising edge-triggered cell FDRE clocked by clk_pl_0  {rise@0.000ns fall@5.000ns period=10.000ns})
  Destination:            top_i/axi_interconnect_0/s00_couplers/auto_ds/inst/gen_downsizer.gen_simple_downsizer.axi_downsizer_inst/USE_READ.read_addr_inst/cmd_queue/inst/fifo_gen_inst/inst_fifo_gen/gconvfifo.rf/grf.rf/gntv_or_sync_fifo.gl0.wr/wpntr/gcc0.gc0.count_reg[2]/CLR
                            (recovery check against rising-edge clock clk_pl_0  {rise@0.000ns fall@5.000ns period=10.000ns})
  Path Group:             **async_default**
  Path Type:              Recovery (Max at Slow Process Corner)
  Requirement:            10.000ns  (clk_pl_0 rise@10.000ns - clk_pl_0 rise@0.000ns)
  Data Path Delay:        1.097ns  (logic 0.177ns (16.131%)  route 0.920ns (83.869%))
  Logic Levels:           1  (LUT3=1)
  Clock Path Skew:        -0.110ns (DCD - SCD + CPR)
    Destination Clock Delay (DCD):    2.119ns = ( 12.119 - 10.000 ) 
    Source Clock Delay      (SCD):    2.439ns
    Clock Pessimism Removal (CPR):    0.210ns
  Clock Uncertainty:      0.130ns  ((TSJ^2 + DJ^2)^1/2) / 2 + PE
    Total System Jitter     (TSJ):    0.071ns
    Discrete Jitter          (DJ):    0.250ns
    Phase Error              (PE):    0.000ns
  Clock Net Delay (Source):      2.213ns (routing 0.676ns, distribution 1.537ns)
  Clock Net Delay (Destination): 1.937ns (routing 0.611ns, distribution 1.326ns)

    Location             Delay type                Incr(ns)  Path(ns)    Netlist Resource(s)
  -------------------------------------------------------------------    -------------------
                         (clock clk_pl_0 rise edge)
                                                      0.000     0.000 r  
    PS8_X0Y0             PS8                          0.000     0.000 r  top_i/zynq_ps/inst/PS8_i/PLCLK[0]
                         net (fo=1, routed)           0.198     0.198    top_i/zynq_ps/inst/pl_clk_unbuffered[0]
    BUFG_PS_X0Y58        BUFG_PS (Prop_BUFG_PS_I_O)
                                                      0.028     0.226 r  top_i/zynq_ps/inst/buffer_pl_clk_0.PL_CLK_0_BUFG/O
    X2Y3 (CLOCK_ROOT)    net (fo=89829, routed)       2.213     2.439    top_i/axi_interconnect_0/s00_couplers/auto_ds/inst/gen_downsizer.gen_simple_downsizer.axi_downsizer_inst/USE_READ.read_addr_inst/cmd_queue/inst/fifo_gen_inst/inst_fifo_gen/gconvfifo.rf/grf.rf/rstblk/clk
    SLICE_X25Y56         FDRE                                         r  top_i/axi_interconnect_0/s00_couplers/auto_ds/inst/gen_downsizer.gen_simple_downsizer.axi_downsizer_inst/USE_READ.read_addr_inst/cmd_queue/inst/fifo_gen_inst/inst_fifo_gen/gconvfifo.rf/grf.rf/rstblk/ngwrdrst.grst.g7serrst.gnsckt_wrst.gcc_rst.sckt_wr_rst_cc_reg[0]/C
  -------------------------------------------------------------------    -------------------
    SLICE_X25Y56         FDRE (Prop_HFF2_SLICEL_C_Q)
                                                      0.080     2.519 f  top_i/axi_interconnect_0/s00_couplers/auto_ds/inst/gen_downsizer.gen_simple_downsizer.axi_downsizer_inst/USE_READ.read_addr_inst/cmd_queue/inst/fifo_gen_inst/inst_fifo_gen/gconvfifo.rf/grf.rf/rstblk/ngwrdrst.grst.g7serrst.gnsckt_wrst.gcc_rst.sckt_wr_rst_cc_reg[0]/Q
                         net (fo=3, routed)           0.244     2.763    top_i/axi_interconnect_0/s00_couplers/auto_ds/inst/gen_downsizer.gen_simple_downsizer.axi_downsizer_inst/USE_READ.read_addr_inst/cmd_queue/inst/fifo_gen_inst/inst_fifo_gen/gconvfifo.rf/grf.rf/rstblk/ngwrdrst.grst.g7serrst.gnsckt_wrst.gcc_rst.sckt_wr_rst_cc[0]
    SLICE_X25Y56         LUT3 (Prop_G6LUT_SLICEL_I1_O)
                                                      0.097     2.860 f  top_i/axi_interconnect_0/s00_couplers/auto_ds/inst/gen_downsizer.gen_simple_downsizer.axi_downsizer_inst/USE_READ.read_addr_inst/cmd_queue/inst/fifo_gen_inst/inst_fifo_gen/gconvfifo.rf/grf.rf/rstblk/gpregsm1.curr_fwft_state[1]_i_2/O
                         net (fo=32, routed)          0.676     3.536    top_i/axi_interconnect_0/s00_couplers/auto_ds/inst/gen_downsizer.gen_simple_downsizer.axi_downsizer_inst/USE_READ.read_addr_inst/cmd_queue/inst/fifo_gen_inst/inst_fifo_gen/gconvfifo.rf/grf.rf/gntv_or_sync_fifo.gl0.wr/wpntr/AR[0]
    SLICE_X26Y59         FDCE                                         f  top_i/axi_interconnect_0/s00_couplers/auto_ds/inst/gen_downsizer.gen_simple_downsizer.axi_downsizer_inst/USE_READ.read_addr_inst/cmd_queue/inst/fifo_gen_inst/inst_fifo_gen/gconvfifo.rf/grf.rf/gntv_or_sync_fifo.gl0.wr/wpntr/gcc0.gc0.count_reg[2]/CLR
  -------------------------------------------------------------------    -------------------

                         (clock clk_pl_0 rise edge)
                                                     10.000    10.000 r  
    PS8_X0Y0             PS8                          0.000    10.000 r  top_i/zynq_ps/inst/PS8_i/PLCLK[0]
                         net (fo=1, routed)           0.157    10.157    top_i/zynq_ps/inst/pl_clk_unbuffered[0]
    BUFG_PS_X0Y58        BUFG_PS (Prop_BUFG_PS_I_O)
                                                      0.025    10.182 r  top_i/zynq_ps/inst/buffer_pl_clk_0.PL_CLK_0_BUFG/O
    X2Y3 (CLOCK_ROOT)    net (fo=89829, routed)       1.937    12.119    top_i/axi_interconnect_0/s00_couplers/auto_ds/inst/gen_downsizer.gen_simple_downsizer.axi_downsizer_inst/USE_READ.read_addr_inst/cmd_queue/inst/fifo_gen_inst/inst_fifo_gen/gconvfifo.rf/grf.rf/gntv_or_sync_fifo.gl0.wr/wpntr/clk
    SLICE_X26Y59         FDCE                                         r  top_i/axi_interconnect_0/s00_couplers/auto_ds/inst/gen_downsizer.gen_simple_downsizer.axi_downsizer_inst/USE_READ.read_addr_inst/cmd_queue/inst/fifo_gen_inst/inst_fifo_gen/gconvfifo.rf/grf.rf/gntv_or_sync_fifo.gl0.wr/wpntr/gcc0.gc0.count_reg[2]/C
                         clock pessimism              0.210    12.329    
                         clock uncertainty           -0.130    12.199    
    SLICE_X26Y59         FDCE (Recov_CFF2_SLICEL_C_CLR)
                                                     -0.066    12.133    top_i/axi_interconnect_0/s00_couplers/auto_ds/inst/gen_downsizer.gen_simple_downsizer.axi_downsizer_inst/USE_READ.read_addr_inst/cmd_queue/inst/fifo_gen_inst/inst_fifo_gen/gconvfifo.rf/grf.rf/gntv_or_sync_fifo.gl0.wr/wpntr/gcc0.gc0.count_reg[2]
  -------------------------------------------------------------------
                         required time                         12.133    
                         arrival time                          -3.536    
  -------------------------------------------------------------------
                         slack                                  8.597    

Slack (MET) :             8.597ns  (required time - arrival time)
  Source:                 top_i/axi_interconnect_0/s00_couplers/auto_ds/inst/gen_downsizer.gen_simple_downsizer.axi_downsizer_inst/USE_READ.read_addr_inst/cmd_queue/inst/fifo_gen_inst/inst_fifo_gen/gconvfifo.rf/grf.rf/rstblk/ngwrdrst.grst.g7serrst.gnsckt_wrst.gcc_rst.sckt_wr_rst_cc_reg[0]/C
                            (rising edge-triggered cell FDRE clocked by clk_pl_0  {rise@0.000ns fall@5.000ns period=10.000ns})
  Destination:            top_i/axi_interconnect_0/s00_couplers/auto_ds/inst/gen_downsizer.gen_simple_downsizer.axi_downsizer_inst/USE_READ.read_addr_inst/cmd_queue/inst/fifo_gen_inst/inst_fifo_gen/gconvfifo.rf/grf.rf/gntv_or_sync_fifo.gl0.wr/wpntr/gcc0.gc0.count_reg[3]/CLR
                            (recovery check against rising-edge clock clk_pl_0  {rise@0.000ns fall@5.000ns period=10.000ns})
  Path Group:             **async_default**
  Path Type:              Recovery (Max at Slow Process Corner)
  Requirement:            10.000ns  (clk_pl_0 rise@10.000ns - clk_pl_0 rise@0.000ns)
  Data Path Delay:        1.097ns  (logic 0.177ns (16.131%)  route 0.920ns (83.869%))
  Logic Levels:           1  (LUT3=1)
  Clock Path Skew:        -0.110ns (DCD - SCD + CPR)
    Destination Clock Delay (DCD):    2.119ns = ( 12.119 - 10.000 ) 
    Source Clock Delay      (SCD):    2.439ns
    Clock Pessimism Removal (CPR):    0.210ns
  Clock Uncertainty:      0.130ns  ((TSJ^2 + DJ^2)^1/2) / 2 + PE
    Total System Jitter     (TSJ):    0.071ns
    Discrete Jitter          (DJ):    0.250ns
    Phase Error              (PE):    0.000ns
  Clock Net Delay (Source):      2.213ns (routing 0.676ns, distribution 1.537ns)
  Clock Net Delay (Destination): 1.937ns (routing 0.611ns, distribution 1.326ns)

    Location             Delay type                Incr(ns)  Path(ns)    Netlist Resource(s)
  -------------------------------------------------------------------    -------------------
                         (clock clk_pl_0 rise edge)
                                                      0.000     0.000 r  
    PS8_X0Y0             PS8                          0.000     0.000 r  top_i/zynq_ps/inst/PS8_i/PLCLK[0]
                         net (fo=1, routed)           0.198     0.198    top_i/zynq_ps/inst/pl_clk_unbuffered[0]
    BUFG_PS_X0Y58        BUFG_PS (Prop_BUFG_PS_I_O)
                                                      0.028     0.226 r  top_i/zynq_ps/inst/buffer_pl_clk_0.PL_CLK_0_BUFG/O
    X2Y3 (CLOCK_ROOT)    net (fo=89829, routed)       2.213     2.439    top_i/axi_interconnect_0/s00_couplers/auto_ds/inst/gen_downsizer.gen_simple_downsizer.axi_downsizer_inst/USE_READ.read_addr_inst/cmd_queue/inst/fifo_gen_inst/inst_fifo_gen/gconvfifo.rf/grf.rf/rstblk/clk
    SLICE_X25Y56         FDRE                                         r  top_i/axi_interconnect_0/s00_couplers/auto_ds/inst/gen_downsizer.gen_simple_downsizer.axi_downsizer_inst/USE_READ.read_addr_inst/cmd_queue/inst/fifo_gen_inst/inst_fifo_gen/gconvfifo.rf/grf.rf/rstblk/ngwrdrst.grst.g7serrst.gnsckt_wrst.gcc_rst.sckt_wr_rst_cc_reg[0]/C
  -------------------------------------------------------------------    -------------------
    SLICE_X25Y56         FDRE (Prop_HFF2_SLICEL_C_Q)
                                                      0.080     2.519 f  top_i/axi_interconnect_0/s00_couplers/auto_ds/inst/gen_downsizer.gen_simple_downsizer.axi_downsizer_inst/USE_READ.read_addr_inst/cmd_queue/inst/fifo_gen_inst/inst_fifo_gen/gconvfifo.rf/grf.rf/rstblk/ngwrdrst.grst.g7serrst.gnsckt_wrst.gcc_rst.sckt_wr_rst_cc_reg[0]/Q
                         net (fo=3, routed)           0.244     2.763    top_i/axi_interconnect_0/s00_couplers/auto_ds/inst/gen_downsizer.gen_simple_downsizer.axi_downsizer_inst/USE_READ.read_addr_inst/cmd_queue/inst/fifo_gen_inst/inst_fifo_gen/gconvfifo.rf/grf.rf/rstblk/ngwrdrst.grst.g7serrst.gnsckt_wrst.gcc_rst.sckt_wr_rst_cc[0]
    SLICE_X25Y56         LUT3 (Prop_G6LUT_SLICEL_I1_O)
                                                      0.097     2.860 f  top_i/axi_interconnect_0/s00_couplers/auto_ds/inst/gen_downsizer.gen_simple_downsizer.axi_downsizer_inst/USE_READ.read_addr_inst/cmd_queue/inst/fifo_gen_inst/inst_fifo_gen/gconvfifo.rf/grf.rf/rstblk/gpregsm1.curr_fwft_state[1]_i_2/O
                         net (fo=32, routed)          0.676     3.536    top_i/axi_interconnect_0/s00_couplers/auto_ds/inst/gen_downsizer.gen_simple_downsizer.axi_downsizer_inst/USE_READ.read_addr_inst/cmd_queue/inst/fifo_gen_inst/inst_fifo_gen/gconvfifo.rf/grf.rf/gntv_or_sync_fifo.gl0.wr/wpntr/AR[0]
    SLICE_X26Y59         FDCE                                         f  top_i/axi_interconnect_0/s00_couplers/auto_ds/inst/gen_downsizer.gen_simple_downsizer.axi_downsizer_inst/USE_READ.read_addr_inst/cmd_queue/inst/fifo_gen_inst/inst_fifo_gen/gconvfifo.rf/grf.rf/gntv_or_sync_fifo.gl0.wr/wpntr/gcc0.gc0.count_reg[3]/CLR
  -------------------------------------------------------------------    -------------------

                         (clock clk_pl_0 rise edge)
                                                     10.000    10.000 r  
    PS8_X0Y0             PS8                          0.000    10.000 r  top_i/zynq_ps/inst/PS8_i/PLCLK[0]
                         net (fo=1, routed)           0.157    10.157    top_i/zynq_ps/inst/pl_clk_unbuffered[0]
    BUFG_PS_X0Y58        BUFG_PS (Prop_BUFG_PS_I_O)
                                                      0.025    10.182 r  top_i/zynq_ps/inst/buffer_pl_clk_0.PL_CLK_0_BUFG/O
    X2Y3 (CLOCK_ROOT)    net (fo=89829, routed)       1.937    12.119    top_i/axi_interconnect_0/s00_couplers/auto_ds/inst/gen_downsizer.gen_simple_downsizer.axi_downsizer_inst/USE_READ.read_addr_inst/cmd_queue/inst/fifo_gen_inst/inst_fifo_gen/gconvfifo.rf/grf.rf/gntv_or_sync_fifo.gl0.wr/wpntr/clk
    SLICE_X26Y59         FDCE                                         r  top_i/axi_interconnect_0/s00_couplers/auto_ds/inst/gen_downsizer.gen_simple_downsizer.axi_downsizer_inst/USE_READ.read_addr_inst/cmd_queue/inst/fifo_gen_inst/inst_fifo_gen/gconvfifo.rf/grf.rf/gntv_or_sync_fifo.gl0.wr/wpntr/gcc0.gc0.count_reg[3]/C
                         clock pessimism              0.210    12.329    
                         clock uncertainty           -0.130    12.199    
    SLICE_X26Y59         FDCE (Recov_DFF_SLICEL_C_CLR)
                                                     -0.066    12.133    top_i/axi_interconnect_0/s00_couplers/auto_ds/inst/gen_downsizer.gen_simple_downsizer.axi_downsizer_inst/USE_READ.read_addr_inst/cmd_queue/inst/fifo_gen_inst/inst_fifo_gen/gconvfifo.rf/grf.rf/gntv_or_sync_fifo.gl0.wr/wpntr/gcc0.gc0.count_reg[3]
  -------------------------------------------------------------------
                         required time                         12.133    
                         arrival time                          -3.536    
  -------------------------------------------------------------------
                         slack                                  8.597    

Slack (MET) :             8.597ns  (required time - arrival time)
  Source:                 top_i/axi_interconnect_0/s00_couplers/auto_ds/inst/gen_downsizer.gen_simple_downsizer.axi_downsizer_inst/USE_READ.read_addr_inst/cmd_queue/inst/fifo_gen_inst/inst_fifo_gen/gconvfifo.rf/grf.rf/rstblk/ngwrdrst.grst.g7serrst.gnsckt_wrst.gcc_rst.sckt_wr_rst_cc_reg[0]/C
                            (rising edge-triggered cell FDRE clocked by clk_pl_0  {rise@0.000ns fall@5.000ns period=10.000ns})
  Destination:            top_i/axi_interconnect_0/s00_couplers/auto_ds/inst/gen_downsizer.gen_simple_downsizer.axi_downsizer_inst/USE_READ.read_addr_inst/cmd_queue/inst/fifo_gen_inst/inst_fifo_gen/gconvfifo.rf/grf.rf/gntv_or_sync_fifo.gl0.wr/wpntr/gcc0.gc0.count_reg[4]/CLR
                            (recovery check against rising-edge clock clk_pl_0  {rise@0.000ns fall@5.000ns period=10.000ns})
  Path Group:             **async_default**
  Path Type:              Recovery (Max at Slow Process Corner)
  Requirement:            10.000ns  (clk_pl_0 rise@10.000ns - clk_pl_0 rise@0.000ns)
  Data Path Delay:        1.097ns  (logic 0.177ns (16.131%)  route 0.920ns (83.869%))
  Logic Levels:           1  (LUT3=1)
  Clock Path Skew:        -0.110ns (DCD - SCD + CPR)
    Destination Clock Delay (DCD):    2.119ns = ( 12.119 - 10.000 ) 
    Source Clock Delay      (SCD):    2.439ns
    Clock Pessimism Removal (CPR):    0.210ns
  Clock Uncertainty:      0.130ns  ((TSJ^2 + DJ^2)^1/2) / 2 + PE
    Total System Jitter     (TSJ):    0.071ns
    Discrete Jitter          (DJ):    0.250ns
    Phase Error              (PE):    0.000ns
  Clock Net Delay (Source):      2.213ns (routing 0.676ns, distribution 1.537ns)
  Clock Net Delay (Destination): 1.937ns (routing 0.611ns, distribution 1.326ns)

    Location             Delay type                Incr(ns)  Path(ns)    Netlist Resource(s)
  -------------------------------------------------------------------    -------------------
                         (clock clk_pl_0 rise edge)
                                                      0.000     0.000 r  
    PS8_X0Y0             PS8                          0.000     0.000 r  top_i/zynq_ps/inst/PS8_i/PLCLK[0]
                         net (fo=1, routed)           0.198     0.198    top_i/zynq_ps/inst/pl_clk_unbuffered[0]
    BUFG_PS_X0Y58        BUFG_PS (Prop_BUFG_PS_I_O)
                                                      0.028     0.226 r  top_i/zynq_ps/inst/buffer_pl_clk_0.PL_CLK_0_BUFG/O
    X2Y3 (CLOCK_ROOT)    net (fo=89829, routed)       2.213     2.439    top_i/axi_interconnect_0/s00_couplers/auto_ds/inst/gen_downsizer.gen_simple_downsizer.axi_downsizer_inst/USE_READ.read_addr_inst/cmd_queue/inst/fifo_gen_inst/inst_fifo_gen/gconvfifo.rf/grf.rf/rstblk/clk
    SLICE_X25Y56         FDRE                                         r  top_i/axi_interconnect_0/s00_couplers/auto_ds/inst/gen_downsizer.gen_simple_downsizer.axi_downsizer_inst/USE_READ.read_addr_inst/cmd_queue/inst/fifo_gen_inst/inst_fifo_gen/gconvfifo.rf/grf.rf/rstblk/ngwrdrst.grst.g7serrst.gnsckt_wrst.gcc_rst.sckt_wr_rst_cc_reg[0]/C
  -------------------------------------------------------------------    -------------------
    SLICE_X25Y56         FDRE (Prop_HFF2_SLICEL_C_Q)
                                                      0.080     2.519 f  top_i/axi_interconnect_0/s00_couplers/auto_ds/inst/gen_downsizer.gen_simple_downsizer.axi_downsizer_inst/USE_READ.read_addr_inst/cmd_queue/inst/fifo_gen_inst/inst_fifo_gen/gconvfifo.rf/grf.rf/rstblk/ngwrdrst.grst.g7serrst.gnsckt_wrst.gcc_rst.sckt_wr_rst_cc_reg[0]/Q
                         net (fo=3, routed)           0.244     2.763    top_i/axi_interconnect_0/s00_couplers/auto_ds/inst/gen_downsizer.gen_simple_downsizer.axi_downsizer_inst/USE_READ.read_addr_inst/cmd_queue/inst/fifo_gen_inst/inst_fifo_gen/gconvfifo.rf/grf.rf/rstblk/ngwrdrst.grst.g7serrst.gnsckt_wrst.gcc_rst.sckt_wr_rst_cc[0]
    SLICE_X25Y56         LUT3 (Prop_G6LUT_SLICEL_I1_O)
                                                      0.097     2.860 f  top_i/axi_interconnect_0/s00_couplers/auto_ds/inst/gen_downsizer.gen_simple_downsizer.axi_downsizer_inst/USE_READ.read_addr_inst/cmd_queue/inst/fifo_gen_inst/inst_fifo_gen/gconvfifo.rf/grf.rf/rstblk/gpregsm1.curr_fwft_state[1]_i_2/O
                         net (fo=32, routed)          0.676     3.536    top_i/axi_interconnect_0/s00_couplers/auto_ds/inst/gen_downsizer.gen_simple_downsizer.axi_downsizer_inst/USE_READ.read_addr_inst/cmd_queue/inst/fifo_gen_inst/inst_fifo_gen/gconvfifo.rf/grf.rf/gntv_or_sync_fifo.gl0.wr/wpntr/AR[0]
    SLICE_X26Y59         FDCE                                         f  top_i/axi_interconnect_0/s00_couplers/auto_ds/inst/gen_downsizer.gen_simple_downsizer.axi_downsizer_inst/USE_READ.read_addr_inst/cmd_queue/inst/fifo_gen_inst/inst_fifo_gen/gconvfifo.rf/grf.rf/gntv_or_sync_fifo.gl0.wr/wpntr/gcc0.gc0.count_reg[4]/CLR
  -------------------------------------------------------------------    -------------------

                         (clock clk_pl_0 rise edge)
                                                     10.000    10.000 r  
    PS8_X0Y0             PS8                          0.000    10.000 r  top_i/zynq_ps/inst/PS8_i/PLCLK[0]
                         net (fo=1, routed)           0.157    10.157    top_i/zynq_ps/inst/pl_clk_unbuffered[0]
    BUFG_PS_X0Y58        BUFG_PS (Prop_BUFG_PS_I_O)
                                                      0.025    10.182 r  top_i/zynq_ps/inst/buffer_pl_clk_0.PL_CLK_0_BUFG/O
    X2Y3 (CLOCK_ROOT)    net (fo=89829, routed)       1.937    12.119    top_i/axi_interconnect_0/s00_couplers/auto_ds/inst/gen_downsizer.gen_simple_downsizer.axi_downsizer_inst/USE_READ.read_addr_inst/cmd_queue/inst/fifo_gen_inst/inst_fifo_gen/gconvfifo.rf/grf.rf/gntv_or_sync_fifo.gl0.wr/wpntr/clk
    SLICE_X26Y59         FDCE                                         r  top_i/axi_interconnect_0/s00_couplers/auto_ds/inst/gen_downsizer.gen_simple_downsizer.axi_downsizer_inst/USE_READ.read_addr_inst/cmd_queue/inst/fifo_gen_inst/inst_fifo_gen/gconvfifo.rf/grf.rf/gntv_or_sync_fifo.gl0.wr/wpntr/gcc0.gc0.count_reg[4]/C
                         clock pessimism              0.210    12.329    
                         clock uncertainty           -0.130    12.199    
    SLICE_X26Y59         FDCE (Recov_DFF2_SLICEL_C_CLR)
                                                     -0.066    12.133    top_i/axi_interconnect_0/s00_couplers/auto_ds/inst/gen_downsizer.gen_simple_downsizer.axi_downsizer_inst/USE_READ.read_addr_inst/cmd_queue/inst/fifo_gen_inst/inst_fifo_gen/gconvfifo.rf/grf.rf/gntv_or_sync_fifo.gl0.wr/wpntr/gcc0.gc0.count_reg[4]
  -------------------------------------------------------------------
                         required time                         12.133    
                         arrival time                          -3.536    
  -------------------------------------------------------------------
                         slack                                  8.597    

Slack (MET) :             8.600ns  (required time - arrival time)
  Source:                 top_i/axi_interconnect_0/s00_couplers/auto_ds/inst/gen_downsizer.gen_simple_downsizer.axi_downsizer_inst/USE_READ.read_addr_inst/cmd_queue/inst/fifo_gen_inst/inst_fifo_gen/gconvfifo.rf/grf.rf/rstblk/ngwrdrst.grst.g7serrst.gnsckt_wrst.gcc_rst.sckt_wr_rst_cc_reg[0]/C
                            (rising edge-triggered cell FDRE clocked by clk_pl_0  {rise@0.000ns fall@5.000ns period=10.000ns})
  Destination:            top_i/axi_interconnect_0/s00_couplers/auto_ds/inst/gen_downsizer.gen_simple_downsizer.axi_downsizer_inst/USE_READ.read_addr_inst/cmd_queue/inst/fifo_gen_inst/inst_fifo_gen/gconvfifo.rf/grf.rf/gntv_or_sync_fifo.gl0.wr/wpntr/gcc0.gc0.count_d1_reg[2]/CLR
                            (recovery check against rising-edge clock clk_pl_0  {rise@0.000ns fall@5.000ns period=10.000ns})
  Path Group:             **async_default**
  Path Type:              Recovery (Max at Slow Process Corner)
  Requirement:            10.000ns  (clk_pl_0 rise@10.000ns - clk_pl_0 rise@0.000ns)
  Data Path Delay:        1.096ns  (logic 0.177ns (16.146%)  route 0.919ns (83.854%))
  Logic Levels:           1  (LUT3=1)
  Clock Path Skew:        -0.108ns (DCD - SCD + CPR)
    Destination Clock Delay (DCD):    2.121ns = ( 12.121 - 10.000 ) 
    Source Clock Delay      (SCD):    2.439ns
    Clock Pessimism Removal (CPR):    0.210ns
  Clock Uncertainty:      0.130ns  ((TSJ^2 + DJ^2)^1/2) / 2 + PE
    Total System Jitter     (TSJ):    0.071ns
    Discrete Jitter          (DJ):    0.250ns
    Phase Error              (PE):    0.000ns
  Clock Net Delay (Source):      2.213ns (routing 0.676ns, distribution 1.537ns)
  Clock Net Delay (Destination): 1.939ns (routing 0.611ns, distribution 1.328ns)

    Location             Delay type                Incr(ns)  Path(ns)    Netlist Resource(s)
  -------------------------------------------------------------------    -------------------
                         (clock clk_pl_0 rise edge)
                                                      0.000     0.000 r  
    PS8_X0Y0             PS8                          0.000     0.000 r  top_i/zynq_ps/inst/PS8_i/PLCLK[0]
                         net (fo=1, routed)           0.198     0.198    top_i/zynq_ps/inst/pl_clk_unbuffered[0]
    BUFG_PS_X0Y58        BUFG_PS (Prop_BUFG_PS_I_O)
                                                      0.028     0.226 r  top_i/zynq_ps/inst/buffer_pl_clk_0.PL_CLK_0_BUFG/O
    X2Y3 (CLOCK_ROOT)    net (fo=89829, routed)       2.213     2.439    top_i/axi_interconnect_0/s00_couplers/auto_ds/inst/gen_downsizer.gen_simple_downsizer.axi_downsizer_inst/USE_READ.read_addr_inst/cmd_queue/inst/fifo_gen_inst/inst_fifo_gen/gconvfifo.rf/grf.rf/rstblk/clk
    SLICE_X25Y56         FDRE                                         r  top_i/axi_interconnect_0/s00_couplers/auto_ds/inst/gen_downsizer.gen_simple_downsizer.axi_downsizer_inst/USE_READ.read_addr_inst/cmd_queue/inst/fifo_gen_inst/inst_fifo_gen/gconvfifo.rf/grf.rf/rstblk/ngwrdrst.grst.g7serrst.gnsckt_wrst.gcc_rst.sckt_wr_rst_cc_reg[0]/C
  -------------------------------------------------------------------    -------------------
    SLICE_X25Y56         FDRE (Prop_HFF2_SLICEL_C_Q)
                                                      0.080     2.519 f  top_i/axi_interconnect_0/s00_couplers/auto_ds/inst/gen_downsizer.gen_simple_downsizer.axi_downsizer_inst/USE_READ.read_addr_inst/cmd_queue/inst/fifo_gen_inst/inst_fifo_gen/gconvfifo.rf/grf.rf/rstblk/ngwrdrst.grst.g7serrst.gnsckt_wrst.gcc_rst.sckt_wr_rst_cc_reg[0]/Q
                         net (fo=3, routed)           0.244     2.763    top_i/axi_interconnect_0/s00_couplers/auto_ds/inst/gen_downsizer.gen_simple_downsizer.axi_downsizer_inst/USE_READ.read_addr_inst/cmd_queue/inst/fifo_gen_inst/inst_fifo_gen/gconvfifo.rf/grf.rf/rstblk/ngwrdrst.grst.g7serrst.gnsckt_wrst.gcc_rst.sckt_wr_rst_cc[0]
    SLICE_X25Y56         LUT3 (Prop_G6LUT_SLICEL_I1_O)
                                                      0.097     2.860 f  top_i/axi_interconnect_0/s00_couplers/auto_ds/inst/gen_downsizer.gen_simple_downsizer.axi_downsizer_inst/USE_READ.read_addr_inst/cmd_queue/inst/fifo_gen_inst/inst_fifo_gen/gconvfifo.rf/grf.rf/rstblk/gpregsm1.curr_fwft_state[1]_i_2/O
                         net (fo=32, routed)          0.675     3.535    top_i/axi_interconnect_0/s00_couplers/auto_ds/inst/gen_downsizer.gen_simple_downsizer.axi_downsizer_inst/USE_READ.read_addr_inst/cmd_queue/inst/fifo_gen_inst/inst_fifo_gen/gconvfifo.rf/grf.rf/gntv_or_sync_fifo.gl0.wr/wpntr/AR[0]
    SLICE_X26Y59         FDCE                                         f  top_i/axi_interconnect_0/s00_couplers/auto_ds/inst/gen_downsizer.gen_simple_downsizer.axi_downsizer_inst/USE_READ.read_addr_inst/cmd_queue/inst/fifo_gen_inst/inst_fifo_gen/gconvfifo.rf/grf.rf/gntv_or_sync_fifo.gl0.wr/wpntr/gcc0.gc0.count_d1_reg[2]/CLR
  -------------------------------------------------------------------    -------------------

                         (clock clk_pl_0 rise edge)
                                                     10.000    10.000 r  
    PS8_X0Y0             PS8                          0.000    10.000 r  top_i/zynq_ps/inst/PS8_i/PLCLK[0]
                         net (fo=1, routed)           0.157    10.157    top_i/zynq_ps/inst/pl_clk_unbuffered[0]
    BUFG_PS_X0Y58        BUFG_PS (Prop_BUFG_PS_I_O)
                                                      0.025    10.182 r  top_i/zynq_ps/inst/buffer_pl_clk_0.PL_CLK_0_BUFG/O
    X2Y3 (CLOCK_ROOT)    net (fo=89829, routed)       1.939    12.121    top_i/axi_interconnect_0/s00_couplers/auto_ds/inst/gen_downsizer.gen_simple_downsizer.axi_downsizer_inst/USE_READ.read_addr_inst/cmd_queue/inst/fifo_gen_inst/inst_fifo_gen/gconvfifo.rf/grf.rf/gntv_or_sync_fifo.gl0.wr/wpntr/clk
    SLICE_X26Y59         FDCE                                         r  top_i/axi_interconnect_0/s00_couplers/auto_ds/inst/gen_downsizer.gen_simple_downsizer.axi_downsizer_inst/USE_READ.read_addr_inst/cmd_queue/inst/fifo_gen_inst/inst_fifo_gen/gconvfifo.rf/grf.rf/gntv_or_sync_fifo.gl0.wr/wpntr/gcc0.gc0.count_d1_reg[2]/C
                         clock pessimism              0.210    12.331    
                         clock uncertainty           -0.130    12.201    
    SLICE_X26Y59         FDCE (Recov_EFF_SLICEL_C_CLR)
                                                     -0.066    12.135    top_i/axi_interconnect_0/s00_couplers/auto_ds/inst/gen_downsizer.gen_simple_downsizer.axi_downsizer_inst/USE_READ.read_addr_inst/cmd_queue/inst/fifo_gen_inst/inst_fifo_gen/gconvfifo.rf/grf.rf/gntv_or_sync_fifo.gl0.wr/wpntr/gcc0.gc0.count_d1_reg[2]
  -------------------------------------------------------------------
                         required time                         12.135    
                         arrival time                          -3.535    
  -------------------------------------------------------------------
                         slack                                  8.600    

Slack (MET) :             8.600ns  (required time - arrival time)
  Source:                 top_i/axi_interconnect_0/s00_couplers/auto_ds/inst/gen_downsizer.gen_simple_downsizer.axi_downsizer_inst/USE_READ.read_addr_inst/cmd_queue/inst/fifo_gen_inst/inst_fifo_gen/gconvfifo.rf/grf.rf/rstblk/ngwrdrst.grst.g7serrst.gnsckt_wrst.gcc_rst.sckt_wr_rst_cc_reg[0]/C
                            (rising edge-triggered cell FDRE clocked by clk_pl_0  {rise@0.000ns fall@5.000ns period=10.000ns})
  Destination:            top_i/axi_interconnect_0/s00_couplers/auto_ds/inst/gen_downsizer.gen_simple_downsizer.axi_downsizer_inst/USE_READ.read_addr_inst/cmd_queue/inst/fifo_gen_inst/inst_fifo_gen/gconvfifo.rf/grf.rf/gntv_or_sync_fifo.gl0.wr/wpntr/gcc0.gc0.count_d1_reg[3]/CLR
                            (recovery check against rising-edge clock clk_pl_0  {rise@0.000ns fall@5.000ns period=10.000ns})
  Path Group:             **async_default**
  Path Type:              Recovery (Max at Slow Process Corner)
  Requirement:            10.000ns  (clk_pl_0 rise@10.000ns - clk_pl_0 rise@0.000ns)
  Data Path Delay:        1.096ns  (logic 0.177ns (16.146%)  route 0.919ns (83.854%))
  Logic Levels:           1  (LUT3=1)
  Clock Path Skew:        -0.108ns (DCD - SCD + CPR)
    Destination Clock Delay (DCD):    2.121ns = ( 12.121 - 10.000 ) 
    Source Clock Delay      (SCD):    2.439ns
    Clock Pessimism Removal (CPR):    0.210ns
  Clock Uncertainty:      0.130ns  ((TSJ^2 + DJ^2)^1/2) / 2 + PE
    Total System Jitter     (TSJ):    0.071ns
    Discrete Jitter          (DJ):    0.250ns
    Phase Error              (PE):    0.000ns
  Clock Net Delay (Source):      2.213ns (routing 0.676ns, distribution 1.537ns)
  Clock Net Delay (Destination): 1.939ns (routing 0.611ns, distribution 1.328ns)

    Location             Delay type                Incr(ns)  Path(ns)    Netlist Resource(s)
  -------------------------------------------------------------------    -------------------
                         (clock clk_pl_0 rise edge)
                                                      0.000     0.000 r  
    PS8_X0Y0             PS8                          0.000     0.000 r  top_i/zynq_ps/inst/PS8_i/PLCLK[0]
                         net (fo=1, routed)           0.198     0.198    top_i/zynq_ps/inst/pl_clk_unbuffered[0]
    BUFG_PS_X0Y58        BUFG_PS (Prop_BUFG_PS_I_O)
                                                      0.028     0.226 r  top_i/zynq_ps/inst/buffer_pl_clk_0.PL_CLK_0_BUFG/O
    X2Y3 (CLOCK_ROOT)    net (fo=89829, routed)       2.213     2.439    top_i/axi_interconnect_0/s00_couplers/auto_ds/inst/gen_downsizer.gen_simple_downsizer.axi_downsizer_inst/USE_READ.read_addr_inst/cmd_queue/inst/fifo_gen_inst/inst_fifo_gen/gconvfifo.rf/grf.rf/rstblk/clk
    SLICE_X25Y56         FDRE                                         r  top_i/axi_interconnect_0/s00_couplers/auto_ds/inst/gen_downsizer.gen_simple_downsizer.axi_downsizer_inst/USE_READ.read_addr_inst/cmd_queue/inst/fifo_gen_inst/inst_fifo_gen/gconvfifo.rf/grf.rf/rstblk/ngwrdrst.grst.g7serrst.gnsckt_wrst.gcc_rst.sckt_wr_rst_cc_reg[0]/C
  -------------------------------------------------------------------    -------------------
    SLICE_X25Y56         FDRE (Prop_HFF2_SLICEL_C_Q)
                                                      0.080     2.519 f  top_i/axi_interconnect_0/s00_couplers/auto_ds/inst/gen_downsizer.gen_simple_downsizer.axi_downsizer_inst/USE_READ.read_addr_inst/cmd_queue/inst/fifo_gen_inst/inst_fifo_gen/gconvfifo.rf/grf.rf/rstblk/ngwrdrst.grst.g7serrst.gnsckt_wrst.gcc_rst.sckt_wr_rst_cc_reg[0]/Q
                         net (fo=3, routed)           0.244     2.763    top_i/axi_interconnect_0/s00_couplers/auto_ds/inst/gen_downsizer.gen_simple_downsizer.axi_downsizer_inst/USE_READ.read_addr_inst/cmd_queue/inst/fifo_gen_inst/inst_fifo_gen/gconvfifo.rf/grf.rf/rstblk/ngwrdrst.grst.g7serrst.gnsckt_wrst.gcc_rst.sckt_wr_rst_cc[0]
    SLICE_X25Y56         LUT3 (Prop_G6LUT_SLICEL_I1_O)
                                                      0.097     2.860 f  top_i/axi_interconnect_0/s00_couplers/auto_ds/inst/gen_downsizer.gen_simple_downsizer.axi_downsizer_inst/USE_READ.read_addr_inst/cmd_queue/inst/fifo_gen_inst/inst_fifo_gen/gconvfifo.rf/grf.rf/rstblk/gpregsm1.curr_fwft_state[1]_i_2/O
                         net (fo=32, routed)          0.675     3.535    top_i/axi_interconnect_0/s00_couplers/auto_ds/inst/gen_downsizer.gen_simple_downsizer.axi_downsizer_inst/USE_READ.read_addr_inst/cmd_queue/inst/fifo_gen_inst/inst_fifo_gen/gconvfifo.rf/grf.rf/gntv_or_sync_fifo.gl0.wr/wpntr/AR[0]
    SLICE_X26Y59         FDCE                                         f  top_i/axi_interconnect_0/s00_couplers/auto_ds/inst/gen_downsizer.gen_simple_downsizer.axi_downsizer_inst/USE_READ.read_addr_inst/cmd_queue/inst/fifo_gen_inst/inst_fifo_gen/gconvfifo.rf/grf.rf/gntv_or_sync_fifo.gl0.wr/wpntr/gcc0.gc0.count_d1_reg[3]/CLR
  -------------------------------------------------------------------    -------------------

                         (clock clk_pl_0 rise edge)
                                                     10.000    10.000 r  
    PS8_X0Y0             PS8                          0.000    10.000 r  top_i/zynq_ps/inst/PS8_i/PLCLK[0]
                         net (fo=1, routed)           0.157    10.157    top_i/zynq_ps/inst/pl_clk_unbuffered[0]
    BUFG_PS_X0Y58        BUFG_PS (Prop_BUFG_PS_I_O)
                                                      0.025    10.182 r  top_i/zynq_ps/inst/buffer_pl_clk_0.PL_CLK_0_BUFG/O
    X2Y3 (CLOCK_ROOT)    net (fo=89829, routed)       1.939    12.121    top_i/axi_interconnect_0/s00_couplers/auto_ds/inst/gen_downsizer.gen_simple_downsizer.axi_downsizer_inst/USE_READ.read_addr_inst/cmd_queue/inst/fifo_gen_inst/inst_fifo_gen/gconvfifo.rf/grf.rf/gntv_or_sync_fifo.gl0.wr/wpntr/clk
    SLICE_X26Y59         FDCE                                         r  top_i/axi_interconnect_0/s00_couplers/auto_ds/inst/gen_downsizer.gen_simple_downsizer.axi_downsizer_inst/USE_READ.read_addr_inst/cmd_queue/inst/fifo_gen_inst/inst_fifo_gen/gconvfifo.rf/grf.rf/gntv_or_sync_fifo.gl0.wr/wpntr/gcc0.gc0.count_d1_reg[3]/C
                         clock pessimism              0.210    12.331    
                         clock uncertainty           -0.130    12.201    
    SLICE_X26Y59         FDCE (Recov_EFF2_SLICEL_C_CLR)
                                                     -0.066    12.135    top_i/axi_interconnect_0/s00_couplers/auto_ds/inst/gen_downsizer.gen_simple_downsizer.axi_downsizer_inst/USE_READ.read_addr_inst/cmd_queue/inst/fifo_gen_inst/inst_fifo_gen/gconvfifo.rf/grf.rf/gntv_or_sync_fifo.gl0.wr/wpntr/gcc0.gc0.count_d1_reg[3]
  -------------------------------------------------------------------
                         required time                         12.135    
                         arrival time                          -3.535    
  -------------------------------------------------------------------
                         slack                                  8.600    

Slack (MET) :             8.600ns  (required time - arrival time)
  Source:                 top_i/axi_interconnect_0/s00_couplers/auto_ds/inst/gen_downsizer.gen_simple_downsizer.axi_downsizer_inst/USE_READ.read_addr_inst/cmd_queue/inst/fifo_gen_inst/inst_fifo_gen/gconvfifo.rf/grf.rf/rstblk/ngwrdrst.grst.g7serrst.gnsckt_wrst.gcc_rst.sckt_wr_rst_cc_reg[0]/C
                            (rising edge-triggered cell FDRE clocked by clk_pl_0  {rise@0.000ns fall@5.000ns period=10.000ns})
  Destination:            top_i/axi_interconnect_0/s00_couplers/auto_ds/inst/gen_downsizer.gen_simple_downsizer.axi_downsizer_inst/USE_READ.read_addr_inst/cmd_queue/inst/fifo_gen_inst/inst_fifo_gen/gconvfifo.rf/grf.rf/gntv_or_sync_fifo.gl0.wr/wpntr/gcc0.gc0.count_d1_reg[4]/CLR
                            (recovery check against rising-edge clock clk_pl_0  {rise@0.000ns fall@5.000ns period=10.000ns})
  Path Group:             **async_default**
  Path Type:              Recovery (Max at Slow Process Corner)
  Requirement:            10.000ns  (clk_pl_0 rise@10.000ns - clk_pl_0 rise@0.000ns)
  Data Path Delay:        1.096ns  (logic 0.177ns (16.146%)  route 0.919ns (83.854%))
  Logic Levels:           1  (LUT3=1)
  Clock Path Skew:        -0.108ns (DCD - SCD + CPR)
    Destination Clock Delay (DCD):    2.121ns = ( 12.121 - 10.000 ) 
    Source Clock Delay      (SCD):    2.439ns
    Clock Pessimism Removal (CPR):    0.210ns
  Clock Uncertainty:      0.130ns  ((TSJ^2 + DJ^2)^1/2) / 2 + PE
    Total System Jitter     (TSJ):    0.071ns
    Discrete Jitter          (DJ):    0.250ns
    Phase Error              (PE):    0.000ns
  Clock Net Delay (Source):      2.213ns (routing 0.676ns, distribution 1.537ns)
  Clock Net Delay (Destination): 1.939ns (routing 0.611ns, distribution 1.328ns)

    Location             Delay type                Incr(ns)  Path(ns)    Netlist Resource(s)
  -------------------------------------------------------------------    -------------------
                         (clock clk_pl_0 rise edge)
                                                      0.000     0.000 r  
    PS8_X0Y0             PS8                          0.000     0.000 r  top_i/zynq_ps/inst/PS8_i/PLCLK[0]
                         net (fo=1, routed)           0.198     0.198    top_i/zynq_ps/inst/pl_clk_unbuffered[0]
    BUFG_PS_X0Y58        BUFG_PS (Prop_BUFG_PS_I_O)
                                                      0.028     0.226 r  top_i/zynq_ps/inst/buffer_pl_clk_0.PL_CLK_0_BUFG/O
    X2Y3 (CLOCK_ROOT)    net (fo=89829, routed)       2.213     2.439    top_i/axi_interconnect_0/s00_couplers/auto_ds/inst/gen_downsizer.gen_simple_downsizer.axi_downsizer_inst/USE_READ.read_addr_inst/cmd_queue/inst/fifo_gen_inst/inst_fifo_gen/gconvfifo.rf/grf.rf/rstblk/clk
    SLICE_X25Y56         FDRE                                         r  top_i/axi_interconnect_0/s00_couplers/auto_ds/inst/gen_downsizer.gen_simple_downsizer.axi_downsizer_inst/USE_READ.read_addr_inst/cmd_queue/inst/fifo_gen_inst/inst_fifo_gen/gconvfifo.rf/grf.rf/rstblk/ngwrdrst.grst.g7serrst.gnsckt_wrst.gcc_rst.sckt_wr_rst_cc_reg[0]/C
  -------------------------------------------------------------------    -------------------
    SLICE_X25Y56         FDRE (Prop_HFF2_SLICEL_C_Q)
                                                      0.080     2.519 f  top_i/axi_interconnect_0/s00_couplers/auto_ds/inst/gen_downsizer.gen_simple_downsizer.axi_downsizer_inst/USE_READ.read_addr_inst/cmd_queue/inst/fifo_gen_inst/inst_fifo_gen/gconvfifo.rf/grf.rf/rstblk/ngwrdrst.grst.g7serrst.gnsckt_wrst.gcc_rst.sckt_wr_rst_cc_reg[0]/Q
                         net (fo=3, routed)           0.244     2.763    top_i/axi_interconnect_0/s00_couplers/auto_ds/inst/gen_downsizer.gen_simple_downsizer.axi_downsizer_inst/USE_READ.read_addr_inst/cmd_queue/inst/fifo_gen_inst/inst_fifo_gen/gconvfifo.rf/grf.rf/rstblk/ngwrdrst.grst.g7serrst.gnsckt_wrst.gcc_rst.sckt_wr_rst_cc[0]
    SLICE_X25Y56         LUT3 (Prop_G6LUT_SLICEL_I1_O)
                                                      0.097     2.860 f  top_i/axi_interconnect_0/s00_couplers/auto_ds/inst/gen_downsizer.gen_simple_downsizer.axi_downsizer_inst/USE_READ.read_addr_inst/cmd_queue/inst/fifo_gen_inst/inst_fifo_gen/gconvfifo.rf/grf.rf/rstblk/gpregsm1.curr_fwft_state[1]_i_2/O
                         net (fo=32, routed)          0.675     3.535    top_i/axi_interconnect_0/s00_couplers/auto_ds/inst/gen_downsizer.gen_simple_downsizer.axi_downsizer_inst/USE_READ.read_addr_inst/cmd_queue/inst/fifo_gen_inst/inst_fifo_gen/gconvfifo.rf/grf.rf/gntv_or_sync_fifo.gl0.wr/wpntr/AR[0]
    SLICE_X26Y59         FDCE                                         f  top_i/axi_interconnect_0/s00_couplers/auto_ds/inst/gen_downsizer.gen_simple_downsizer.axi_downsizer_inst/USE_READ.read_addr_inst/cmd_queue/inst/fifo_gen_inst/inst_fifo_gen/gconvfifo.rf/grf.rf/gntv_or_sync_fifo.gl0.wr/wpntr/gcc0.gc0.count_d1_reg[4]/CLR
  -------------------------------------------------------------------    -------------------

                         (clock clk_pl_0 rise edge)
                                                     10.000    10.000 r  
    PS8_X0Y0             PS8                          0.000    10.000 r  top_i/zynq_ps/inst/PS8_i/PLCLK[0]
                         net (fo=1, routed)           0.157    10.157    top_i/zynq_ps/inst/pl_clk_unbuffered[0]
    BUFG_PS_X0Y58        BUFG_PS (Prop_BUFG_PS_I_O)
                                                      0.025    10.182 r  top_i/zynq_ps/inst/buffer_pl_clk_0.PL_CLK_0_BUFG/O
    X2Y3 (CLOCK_ROOT)    net (fo=89829, routed)       1.939    12.121    top_i/axi_interconnect_0/s00_couplers/auto_ds/inst/gen_downsizer.gen_simple_downsizer.axi_downsizer_inst/USE_READ.read_addr_inst/cmd_queue/inst/fifo_gen_inst/inst_fifo_gen/gconvfifo.rf/grf.rf/gntv_or_sync_fifo.gl0.wr/wpntr/clk
    SLICE_X26Y59         FDCE                                         r  top_i/axi_interconnect_0/s00_couplers/auto_ds/inst/gen_downsizer.gen_simple_downsizer.axi_downsizer_inst/USE_READ.read_addr_inst/cmd_queue/inst/fifo_gen_inst/inst_fifo_gen/gconvfifo.rf/grf.rf/gntv_or_sync_fifo.gl0.wr/wpntr/gcc0.gc0.count_d1_reg[4]/C
                         clock pessimism              0.210    12.331    
                         clock uncertainty           -0.130    12.201    
    SLICE_X26Y59         FDCE (Recov_FFF_SLICEL_C_CLR)
                                                     -0.066    12.135    top_i/axi_interconnect_0/s00_couplers/auto_ds/inst/gen_downsizer.gen_simple_downsizer.axi_downsizer_inst/USE_READ.read_addr_inst/cmd_queue/inst/fifo_gen_inst/inst_fifo_gen/gconvfifo.rf/grf.rf/gntv_or_sync_fifo.gl0.wr/wpntr/gcc0.gc0.count_d1_reg[4]
  -------------------------------------------------------------------
                         required time                         12.135    
                         arrival time                          -3.535    
  -------------------------------------------------------------------
                         slack                                  8.600    

Slack (MET) :             8.611ns  (required time - arrival time)
  Source:                 top_i/axi_interconnect_0/s00_couplers/auto_ds/inst/gen_downsizer.gen_simple_downsizer.axi_downsizer_inst/USE_READ.read_addr_inst/cmd_queue/inst/fifo_gen_inst/inst_fifo_gen/gconvfifo.rf/grf.rf/rstblk/ngwrdrst.grst.g7serrst.gnsckt_wrst.gcc_rst.sckt_wr_rst_cc_reg[0]/C
                            (rising edge-triggered cell FDRE clocked by clk_pl_0  {rise@0.000ns fall@5.000ns period=10.000ns})
  Destination:            top_i/axi_interconnect_0/s00_couplers/auto_ds/inst/gen_downsizer.gen_simple_downsizer.axi_downsizer_inst/USE_READ.read_addr_inst/cmd_queue/inst/fifo_gen_inst/inst_fifo_gen/gconvfifo.rf/grf.rf/gntv_or_sync_fifo.gl0.wr/wpntr/gcc0.gc0.count_d1_reg[1]/CLR
                            (recovery check against rising-edge clock clk_pl_0  {rise@0.000ns fall@5.000ns period=10.000ns})
  Path Group:             **async_default**
  Path Type:              Recovery (Max at Slow Process Corner)
  Requirement:            10.000ns  (clk_pl_0 rise@10.000ns - clk_pl_0 rise@0.000ns)
  Data Path Delay:        1.086ns  (logic 0.177ns (16.293%)  route 0.909ns (83.707%))
  Logic Levels:           1  (LUT3=1)
  Clock Path Skew:        -0.107ns (DCD - SCD + CPR)
    Destination Clock Delay (DCD):    2.122ns = ( 12.122 - 10.000 ) 
    Source Clock Delay      (SCD):    2.439ns
    Clock Pessimism Removal (CPR):    0.210ns
  Clock Uncertainty:      0.130ns  ((TSJ^2 + DJ^2)^1/2) / 2 + PE
    Total System Jitter     (TSJ):    0.071ns
    Discrete Jitter          (DJ):    0.250ns
    Phase Error              (PE):    0.000ns
  Clock Net Delay (Source):      2.213ns (routing 0.676ns, distribution 1.537ns)
  Clock Net Delay (Destination): 1.940ns (routing 0.611ns, distribution 1.329ns)

    Location             Delay type                Incr(ns)  Path(ns)    Netlist Resource(s)
  -------------------------------------------------------------------    -------------------
                         (clock clk_pl_0 rise edge)
                                                      0.000     0.000 r  
    PS8_X0Y0             PS8                          0.000     0.000 r  top_i/zynq_ps/inst/PS8_i/PLCLK[0]
                         net (fo=1, routed)           0.198     0.198    top_i/zynq_ps/inst/pl_clk_unbuffered[0]
    BUFG_PS_X0Y58        BUFG_PS (Prop_BUFG_PS_I_O)
                                                      0.028     0.226 r  top_i/zynq_ps/inst/buffer_pl_clk_0.PL_CLK_0_BUFG/O
    X2Y3 (CLOCK_ROOT)    net (fo=89829, routed)       2.213     2.439    top_i/axi_interconnect_0/s00_couplers/auto_ds/inst/gen_downsizer.gen_simple_downsizer.axi_downsizer_inst/USE_READ.read_addr_inst/cmd_queue/inst/fifo_gen_inst/inst_fifo_gen/gconvfifo.rf/grf.rf/rstblk/clk
    SLICE_X25Y56         FDRE                                         r  top_i/axi_interconnect_0/s00_couplers/auto_ds/inst/gen_downsizer.gen_simple_downsizer.axi_downsizer_inst/USE_READ.read_addr_inst/cmd_queue/inst/fifo_gen_inst/inst_fifo_gen/gconvfifo.rf/grf.rf/rstblk/ngwrdrst.grst.g7serrst.gnsckt_wrst.gcc_rst.sckt_wr_rst_cc_reg[0]/C
  -------------------------------------------------------------------    -------------------
    SLICE_X25Y56         FDRE (Prop_HFF2_SLICEL_C_Q)
                                                      0.080     2.519 f  top_i/axi_interconnect_0/s00_couplers/auto_ds/inst/gen_downsizer.gen_simple_downsizer.axi_downsizer_inst/USE_READ.read_addr_inst/cmd_queue/inst/fifo_gen_inst/inst_fifo_gen/gconvfifo.rf/grf.rf/rstblk/ngwrdrst.grst.g7serrst.gnsckt_wrst.gcc_rst.sckt_wr_rst_cc_reg[0]/Q
                         net (fo=3, routed)           0.244     2.763    top_i/axi_interconnect_0/s00_couplers/auto_ds/inst/gen_downsizer.gen_simple_downsizer.axi_downsizer_inst/USE_READ.read_addr_inst/cmd_queue/inst/fifo_gen_inst/inst_fifo_gen/gconvfifo.rf/grf.rf/rstblk/ngwrdrst.grst.g7serrst.gnsckt_wrst.gcc_rst.sckt_wr_rst_cc[0]
    SLICE_X25Y56         LUT3 (Prop_G6LUT_SLICEL_I1_O)
                                                      0.097     2.860 f  top_i/axi_interconnect_0/s00_couplers/auto_ds/inst/gen_downsizer.gen_simple_downsizer.axi_downsizer_inst/USE_READ.read_addr_inst/cmd_queue/inst/fifo_gen_inst/inst_fifo_gen/gconvfifo.rf/grf.rf/rstblk/gpregsm1.curr_fwft_state[1]_i_2/O
                         net (fo=32, routed)          0.666     3.525    top_i/axi_interconnect_0/s00_couplers/auto_ds/inst/gen_downsizer.gen_simple_downsizer.axi_downsizer_inst/USE_READ.read_addr_inst/cmd_queue/inst/fifo_gen_inst/inst_fifo_gen/gconvfifo.rf/grf.rf/gntv_or_sync_fifo.gl0.wr/wpntr/AR[0]
    SLICE_X27Y59         FDCE                                         f  top_i/axi_interconnect_0/s00_couplers/auto_ds/inst/gen_downsizer.gen_simple_downsizer.axi_downsizer_inst/USE_READ.read_addr_inst/cmd_queue/inst/fifo_gen_inst/inst_fifo_gen/gconvfifo.rf/grf.rf/gntv_or_sync_fifo.gl0.wr/wpntr/gcc0.gc0.count_d1_reg[1]/CLR
  -------------------------------------------------------------------    -------------------

                         (clock clk_pl_0 rise edge)
                                                     10.000    10.000 r  
    PS8_X0Y0             PS8                          0.000    10.000 r  top_i/zynq_ps/inst/PS8_i/PLCLK[0]
                         net (fo=1, routed)           0.157    10.157    top_i/zynq_ps/inst/pl_clk_unbuffered[0]
    BUFG_PS_X0Y58        BUFG_PS (Prop_BUFG_PS_I_O)
                                                      0.025    10.182 r  top_i/zynq_ps/inst/buffer_pl_clk_0.PL_CLK_0_BUFG/O
    X2Y3 (CLOCK_ROOT)    net (fo=89829, routed)       1.940    12.122    top_i/axi_interconnect_0/s00_couplers/auto_ds/inst/gen_downsizer.gen_simple_downsizer.axi_downsizer_inst/USE_READ.read_addr_inst/cmd_queue/inst/fifo_gen_inst/inst_fifo_gen/gconvfifo.rf/grf.rf/gntv_or_sync_fifo.gl0.wr/wpntr/clk
    SLICE_X27Y59         FDCE                                         r  top_i/axi_interconnect_0/s00_couplers/auto_ds/inst/gen_downsizer.gen_simple_downsizer.axi_downsizer_inst/USE_READ.read_addr_inst/cmd_queue/inst/fifo_gen_inst/inst_fifo_gen/gconvfifo.rf/grf.rf/gntv_or_sync_fifo.gl0.wr/wpntr/gcc0.gc0.count_d1_reg[1]/C
                         clock pessimism              0.210    12.332    
                         clock uncertainty           -0.130    12.202    
    SLICE_X27Y59         FDCE (Recov_AFF_SLICEM_C_CLR)
                                                     -0.066    12.136    top_i/axi_interconnect_0/s00_couplers/auto_ds/inst/gen_downsizer.gen_simple_downsizer.axi_downsizer_inst/USE_READ.read_addr_inst/cmd_queue/inst/fifo_gen_inst/inst_fifo_gen/gconvfifo.rf/grf.rf/gntv_or_sync_fifo.gl0.wr/wpntr/gcc0.gc0.count_d1_reg[1]
  -------------------------------------------------------------------
                         required time                         12.136    
                         arrival time                          -3.525    
  -------------------------------------------------------------------
                         slack                                  8.611    

Slack (MET) :             8.611ns  (required time - arrival time)
  Source:                 top_i/axi_interconnect_0/s00_couplers/auto_ds/inst/gen_downsizer.gen_simple_downsizer.axi_downsizer_inst/USE_READ.read_addr_inst/cmd_queue/inst/fifo_gen_inst/inst_fifo_gen/gconvfifo.rf/grf.rf/rstblk/ngwrdrst.grst.g7serrst.gnsckt_wrst.gcc_rst.sckt_wr_rst_cc_reg[0]/C
                            (rising edge-triggered cell FDRE clocked by clk_pl_0  {rise@0.000ns fall@5.000ns period=10.000ns})
  Destination:            top_i/axi_interconnect_0/s00_couplers/auto_ds/inst/gen_downsizer.gen_simple_downsizer.axi_downsizer_inst/USE_READ.read_addr_inst/cmd_queue/inst/fifo_gen_inst/inst_fifo_gen/gconvfifo.rf/grf.rf/gntv_or_sync_fifo.gl0.wr/wpntr/gcc0.gc0.count_reg[1]/CLR
                            (recovery check against rising-edge clock clk_pl_0  {rise@0.000ns fall@5.000ns period=10.000ns})
  Path Group:             **async_default**
  Path Type:              Recovery (Max at Slow Process Corner)
  Requirement:            10.000ns  (clk_pl_0 rise@10.000ns - clk_pl_0 rise@0.000ns)
  Data Path Delay:        1.086ns  (logic 0.177ns (16.293%)  route 0.909ns (83.707%))
  Logic Levels:           1  (LUT3=1)
  Clock Path Skew:        -0.107ns (DCD - SCD + CPR)
    Destination Clock Delay (DCD):    2.122ns = ( 12.122 - 10.000 ) 
    Source Clock Delay      (SCD):    2.439ns
    Clock Pessimism Removal (CPR):    0.210ns
  Clock Uncertainty:      0.130ns  ((TSJ^2 + DJ^2)^1/2) / 2 + PE
    Total System Jitter     (TSJ):    0.071ns
    Discrete Jitter          (DJ):    0.250ns
    Phase Error              (PE):    0.000ns
  Clock Net Delay (Source):      2.213ns (routing 0.676ns, distribution 1.537ns)
  Clock Net Delay (Destination): 1.940ns (routing 0.611ns, distribution 1.329ns)

    Location             Delay type                Incr(ns)  Path(ns)    Netlist Resource(s)
  -------------------------------------------------------------------    -------------------
                         (clock clk_pl_0 rise edge)
                                                      0.000     0.000 r  
    PS8_X0Y0             PS8                          0.000     0.000 r  top_i/zynq_ps/inst/PS8_i/PLCLK[0]
                         net (fo=1, routed)           0.198     0.198    top_i/zynq_ps/inst/pl_clk_unbuffered[0]
    BUFG_PS_X0Y58        BUFG_PS (Prop_BUFG_PS_I_O)
                                                      0.028     0.226 r  top_i/zynq_ps/inst/buffer_pl_clk_0.PL_CLK_0_BUFG/O
    X2Y3 (CLOCK_ROOT)    net (fo=89829, routed)       2.213     2.439    top_i/axi_interconnect_0/s00_couplers/auto_ds/inst/gen_downsizer.gen_simple_downsizer.axi_downsizer_inst/USE_READ.read_addr_inst/cmd_queue/inst/fifo_gen_inst/inst_fifo_gen/gconvfifo.rf/grf.rf/rstblk/clk
    SLICE_X25Y56         FDRE                                         r  top_i/axi_interconnect_0/s00_couplers/auto_ds/inst/gen_downsizer.gen_simple_downsizer.axi_downsizer_inst/USE_READ.read_addr_inst/cmd_queue/inst/fifo_gen_inst/inst_fifo_gen/gconvfifo.rf/grf.rf/rstblk/ngwrdrst.grst.g7serrst.gnsckt_wrst.gcc_rst.sckt_wr_rst_cc_reg[0]/C
  -------------------------------------------------------------------    -------------------
    SLICE_X25Y56         FDRE (Prop_HFF2_SLICEL_C_Q)
                                                      0.080     2.519 f  top_i/axi_interconnect_0/s00_couplers/auto_ds/inst/gen_downsizer.gen_simple_downsizer.axi_downsizer_inst/USE_READ.read_addr_inst/cmd_queue/inst/fifo_gen_inst/inst_fifo_gen/gconvfifo.rf/grf.rf/rstblk/ngwrdrst.grst.g7serrst.gnsckt_wrst.gcc_rst.sckt_wr_rst_cc_reg[0]/Q
                         net (fo=3, routed)           0.244     2.763    top_i/axi_interconnect_0/s00_couplers/auto_ds/inst/gen_downsizer.gen_simple_downsizer.axi_downsizer_inst/USE_READ.read_addr_inst/cmd_queue/inst/fifo_gen_inst/inst_fifo_gen/gconvfifo.rf/grf.rf/rstblk/ngwrdrst.grst.g7serrst.gnsckt_wrst.gcc_rst.sckt_wr_rst_cc[0]
    SLICE_X25Y56         LUT3 (Prop_G6LUT_SLICEL_I1_O)
                                                      0.097     2.860 f  top_i/axi_interconnect_0/s00_couplers/auto_ds/inst/gen_downsizer.gen_simple_downsizer.axi_downsizer_inst/USE_READ.read_addr_inst/cmd_queue/inst/fifo_gen_inst/inst_fifo_gen/gconvfifo.rf/grf.rf/rstblk/gpregsm1.curr_fwft_state[1]_i_2/O
                         net (fo=32, routed)          0.666     3.525    top_i/axi_interconnect_0/s00_couplers/auto_ds/inst/gen_downsizer.gen_simple_downsizer.axi_downsizer_inst/USE_READ.read_addr_inst/cmd_queue/inst/fifo_gen_inst/inst_fifo_gen/gconvfifo.rf/grf.rf/gntv_or_sync_fifo.gl0.wr/wpntr/AR[0]
    SLICE_X27Y59         FDCE                                         f  top_i/axi_interconnect_0/s00_couplers/auto_ds/inst/gen_downsizer.gen_simple_downsizer.axi_downsizer_inst/USE_READ.read_addr_inst/cmd_queue/inst/fifo_gen_inst/inst_fifo_gen/gconvfifo.rf/grf.rf/gntv_or_sync_fifo.gl0.wr/wpntr/gcc0.gc0.count_reg[1]/CLR
  -------------------------------------------------------------------    -------------------

                         (clock clk_pl_0 rise edge)
                                                     10.000    10.000 r  
    PS8_X0Y0             PS8                          0.000    10.000 r  top_i/zynq_ps/inst/PS8_i/PLCLK[0]
                         net (fo=1, routed)           0.157    10.157    top_i/zynq_ps/inst/pl_clk_unbuffered[0]
    BUFG_PS_X0Y58        BUFG_PS (Prop_BUFG_PS_I_O)
                                                      0.025    10.182 r  top_i/zynq_ps/inst/buffer_pl_clk_0.PL_CLK_0_BUFG/O
    X2Y3 (CLOCK_ROOT)    net (fo=89829, routed)       1.940    12.122    top_i/axi_interconnect_0/s00_couplers/auto_ds/inst/gen_downsizer.gen_simple_downsizer.axi_downsizer_inst/USE_READ.read_addr_inst/cmd_queue/inst/fifo_gen_inst/inst_fifo_gen/gconvfifo.rf/grf.rf/gntv_or_sync_fifo.gl0.wr/wpntr/clk
    SLICE_X27Y59         FDCE                                         r  top_i/axi_interconnect_0/s00_couplers/auto_ds/inst/gen_downsizer.gen_simple_downsizer.axi_downsizer_inst/USE_READ.read_addr_inst/cmd_queue/inst/fifo_gen_inst/inst_fifo_gen/gconvfifo.rf/grf.rf/gntv_or_sync_fifo.gl0.wr/wpntr/gcc0.gc0.count_reg[1]/C
                         clock pessimism              0.210    12.332    
                         clock uncertainty           -0.130    12.202    
    SLICE_X27Y59         FDCE (Recov_DFF2_SLICEM_C_CLR)
                                                     -0.066    12.136    top_i/axi_interconnect_0/s00_couplers/auto_ds/inst/gen_downsizer.gen_simple_downsizer.axi_downsizer_inst/USE_READ.read_addr_inst/cmd_queue/inst/fifo_gen_inst/inst_fifo_gen/gconvfifo.rf/grf.rf/gntv_or_sync_fifo.gl0.wr/wpntr/gcc0.gc0.count_reg[1]
  -------------------------------------------------------------------
                         required time                         12.136    
                         arrival time                          -3.525    
  -------------------------------------------------------------------
                         slack                                  8.611    

Slack (MET) :             8.734ns  (required time - arrival time)
  Source:                 top_i/axi_interconnect_0/s00_couplers/auto_ds/inst/gen_downsizer.gen_simple_downsizer.axi_downsizer_inst/USE_READ.read_addr_inst/cmd_queue/inst/fifo_gen_inst/inst_fifo_gen/gconvfifo.rf/grf.rf/rstblk/ngwrdrst.grst.g7serrst.gnsckt_wrst.gcc_rst.sckt_wr_rst_cc_reg[0]/C
                            (rising edge-triggered cell FDRE clocked by clk_pl_0  {rise@0.000ns fall@5.000ns period=10.000ns})
  Destination:            top_i/axi_interconnect_0/s00_couplers/auto_ds/inst/gen_downsizer.gen_simple_downsizer.axi_downsizer_inst/USE_READ.read_addr_inst/cmd_queue/inst/fifo_gen_inst/inst_fifo_gen/gconvfifo.rf/grf.rf/gntv_or_sync_fifo.gl0.rd/rpntr/gc0.count_reg[0]/PRE
                            (recovery check against rising-edge clock clk_pl_0  {rise@0.000ns fall@5.000ns period=10.000ns})
  Path Group:             **async_default**
  Path Type:              Recovery (Max at Slow Process Corner)
  Requirement:            10.000ns  (clk_pl_0 rise@10.000ns - clk_pl_0 rise@0.000ns)
  Data Path Delay:        0.961ns  (logic 0.177ns (18.419%)  route 0.784ns (81.581%))
  Logic Levels:           1  (LUT3=1)
  Clock Path Skew:        -0.109ns (DCD - SCD + CPR)
    Destination Clock Delay (DCD):    2.120ns = ( 12.120 - 10.000 ) 
    Source Clock Delay      (SCD):    2.439ns
    Clock Pessimism Removal (CPR):    0.210ns
  Clock Uncertainty:      0.130ns  ((TSJ^2 + DJ^2)^1/2) / 2 + PE
    Total System Jitter     (TSJ):    0.071ns
    Discrete Jitter          (DJ):    0.250ns
    Phase Error              (PE):    0.000ns
  Clock Net Delay (Source):      2.213ns (routing 0.676ns, distribution 1.537ns)
  Clock Net Delay (Destination): 1.938ns (routing 0.611ns, distribution 1.327ns)

    Location             Delay type                Incr(ns)  Path(ns)    Netlist Resource(s)
  -------------------------------------------------------------------    -------------------
                         (clock clk_pl_0 rise edge)
                                                      0.000     0.000 r  
    PS8_X0Y0             PS8                          0.000     0.000 r  top_i/zynq_ps/inst/PS8_i/PLCLK[0]
                         net (fo=1, routed)           0.198     0.198    top_i/zynq_ps/inst/pl_clk_unbuffered[0]
    BUFG_PS_X0Y58        BUFG_PS (Prop_BUFG_PS_I_O)
                                                      0.028     0.226 r  top_i/zynq_ps/inst/buffer_pl_clk_0.PL_CLK_0_BUFG/O
    X2Y3 (CLOCK_ROOT)    net (fo=89829, routed)       2.213     2.439    top_i/axi_interconnect_0/s00_couplers/auto_ds/inst/gen_downsizer.gen_simple_downsizer.axi_downsizer_inst/USE_READ.read_addr_inst/cmd_queue/inst/fifo_gen_inst/inst_fifo_gen/gconvfifo.rf/grf.rf/rstblk/clk
    SLICE_X25Y56         FDRE                                         r  top_i/axi_interconnect_0/s00_couplers/auto_ds/inst/gen_downsizer.gen_simple_downsizer.axi_downsizer_inst/USE_READ.read_addr_inst/cmd_queue/inst/fifo_gen_inst/inst_fifo_gen/gconvfifo.rf/grf.rf/rstblk/ngwrdrst.grst.g7serrst.gnsckt_wrst.gcc_rst.sckt_wr_rst_cc_reg[0]/C
  -------------------------------------------------------------------    -------------------
    SLICE_X25Y56         FDRE (Prop_HFF2_SLICEL_C_Q)
                                                      0.080     2.519 f  top_i/axi_interconnect_0/s00_couplers/auto_ds/inst/gen_downsizer.gen_simple_downsizer.axi_downsizer_inst/USE_READ.read_addr_inst/cmd_queue/inst/fifo_gen_inst/inst_fifo_gen/gconvfifo.rf/grf.rf/rstblk/ngwrdrst.grst.g7serrst.gnsckt_wrst.gcc_rst.sckt_wr_rst_cc_reg[0]/Q
                         net (fo=3, routed)           0.244     2.763    top_i/axi_interconnect_0/s00_couplers/auto_ds/inst/gen_downsizer.gen_simple_downsizer.axi_downsizer_inst/USE_READ.read_addr_inst/cmd_queue/inst/fifo_gen_inst/inst_fifo_gen/gconvfifo.rf/grf.rf/rstblk/ngwrdrst.grst.g7serrst.gnsckt_wrst.gcc_rst.sckt_wr_rst_cc[0]
    SLICE_X25Y56         LUT3 (Prop_G6LUT_SLICEL_I1_O)
                                                      0.097     2.860 f  top_i/axi_interconnect_0/s00_couplers/auto_ds/inst/gen_downsizer.gen_simple_downsizer.axi_downsizer_inst/USE_READ.read_addr_inst/cmd_queue/inst/fifo_gen_inst/inst_fifo_gen/gconvfifo.rf/grf.rf/rstblk/gpregsm1.curr_fwft_state[1]_i_2/O
                         net (fo=32, routed)          0.540     3.400    top_i/axi_interconnect_0/s00_couplers/auto_ds/inst/gen_downsizer.gen_simple_downsizer.axi_downsizer_inst/USE_READ.read_addr_inst/cmd_queue/inst/fifo_gen_inst/inst_fifo_gen/gconvfifo.rf/grf.rf/gntv_or_sync_fifo.gl0.rd/rpntr/gc0.count_d1_reg[4]_1
    SLICE_X28Y58         FDPE                                         f  top_i/axi_interconnect_0/s00_couplers/auto_ds/inst/gen_downsizer.gen_simple_downsizer.axi_downsizer_inst/USE_READ.read_addr_inst/cmd_queue/inst/fifo_gen_inst/inst_fifo_gen/gconvfifo.rf/grf.rf/gntv_or_sync_fifo.gl0.rd/rpntr/gc0.count_reg[0]/PRE
  -------------------------------------------------------------------    -------------------

                         (clock clk_pl_0 rise edge)
                                                     10.000    10.000 r  
    PS8_X0Y0             PS8                          0.000    10.000 r  top_i/zynq_ps/inst/PS8_i/PLCLK[0]
                         net (fo=1, routed)           0.157    10.157    top_i/zynq_ps/inst/pl_clk_unbuffered[0]
    BUFG_PS_X0Y58        BUFG_PS (Prop_BUFG_PS_I_O)
                                                      0.025    10.182 r  top_i/zynq_ps/inst/buffer_pl_clk_0.PL_CLK_0_BUFG/O
    X2Y3 (CLOCK_ROOT)    net (fo=89829, routed)       1.938    12.120    top_i/axi_interconnect_0/s00_couplers/auto_ds/inst/gen_downsizer.gen_simple_downsizer.axi_downsizer_inst/USE_READ.read_addr_inst/cmd_queue/inst/fifo_gen_inst/inst_fifo_gen/gconvfifo.rf/grf.rf/gntv_or_sync_fifo.gl0.rd/rpntr/clk
    SLICE_X28Y58         FDPE                                         r  top_i/axi_interconnect_0/s00_couplers/auto_ds/inst/gen_downsizer.gen_simple_downsizer.axi_downsizer_inst/USE_READ.read_addr_inst/cmd_queue/inst/fifo_gen_inst/inst_fifo_gen/gconvfifo.rf/grf.rf/gntv_or_sync_fifo.gl0.rd/rpntr/gc0.count_reg[0]/C
                         clock pessimism              0.210    12.330    
                         clock uncertainty           -0.130    12.200    
    SLICE_X28Y58         FDPE (Recov_DFF2_SLICEM_C_PRE)
                                                     -0.066    12.134    top_i/axi_interconnect_0/s00_couplers/auto_ds/inst/gen_downsizer.gen_simple_downsizer.axi_downsizer_inst/USE_READ.read_addr_inst/cmd_queue/inst/fifo_gen_inst/inst_fifo_gen/gconvfifo.rf/grf.rf/gntv_or_sync_fifo.gl0.rd/rpntr/gc0.count_reg[0]
  -------------------------------------------------------------------
                         required time                         12.134    
                         arrival time                          -3.400    
  -------------------------------------------------------------------
                         slack                                  8.734    

Slack (MET) :             8.736ns  (required time - arrival time)
  Source:                 top_i/axi_interconnect_0/s00_couplers/auto_ds/inst/gen_downsizer.gen_simple_downsizer.axi_downsizer_inst/USE_READ.read_addr_inst/cmd_queue/inst/fifo_gen_inst/inst_fifo_gen/gconvfifo.rf/grf.rf/rstblk/ngwrdrst.grst.g7serrst.gnsckt_wrst.gcc_rst.sckt_wr_rst_cc_reg[0]/C
                            (rising edge-triggered cell FDRE clocked by clk_pl_0  {rise@0.000ns fall@5.000ns period=10.000ns})
  Destination:            top_i/axi_interconnect_0/s00_couplers/auto_ds/inst/gen_downsizer.gen_simple_downsizer.axi_downsizer_inst/USE_READ.read_addr_inst/cmd_queue/inst/fifo_gen_inst/inst_fifo_gen/gconvfifo.rf/grf.rf/gntv_or_sync_fifo.gl0.wr/wpntr/gcc0.gc0.count_d1_reg[0]/CLR
                            (recovery check against rising-edge clock clk_pl_0  {rise@0.000ns fall@5.000ns period=10.000ns})
  Path Group:             **async_default**
  Path Type:              Recovery (Max at Slow Process Corner)
  Requirement:            10.000ns  (clk_pl_0 rise@10.000ns - clk_pl_0 rise@0.000ns)
  Data Path Delay:        0.958ns  (logic 0.177ns (18.476%)  route 0.781ns (81.524%))
  Logic Levels:           1  (LUT3=1)
  Clock Path Skew:        -0.110ns (DCD - SCD + CPR)
    Destination Clock Delay (DCD):    2.119ns = ( 12.119 - 10.000 ) 
    Source Clock Delay      (SCD):    2.439ns
    Clock Pessimism Removal (CPR):    0.210ns
  Clock Uncertainty:      0.130ns  ((TSJ^2 + DJ^2)^1/2) / 2 + PE
    Total System Jitter     (TSJ):    0.071ns
    Discrete Jitter          (DJ):    0.250ns
    Phase Error              (PE):    0.000ns
  Clock Net Delay (Source):      2.213ns (routing 0.676ns, distribution 1.537ns)
  Clock Net Delay (Destination): 1.937ns (routing 0.611ns, distribution 1.326ns)

    Location             Delay type                Incr(ns)  Path(ns)    Netlist Resource(s)
  -------------------------------------------------------------------    -------------------
                         (clock clk_pl_0 rise edge)
                                                      0.000     0.000 r  
    PS8_X0Y0             PS8                          0.000     0.000 r  top_i/zynq_ps/inst/PS8_i/PLCLK[0]
                         net (fo=1, routed)           0.198     0.198    top_i/zynq_ps/inst/pl_clk_unbuffered[0]
    BUFG_PS_X0Y58        BUFG_PS (Prop_BUFG_PS_I_O)
                                                      0.028     0.226 r  top_i/zynq_ps/inst/buffer_pl_clk_0.PL_CLK_0_BUFG/O
    X2Y3 (CLOCK_ROOT)    net (fo=89829, routed)       2.213     2.439    top_i/axi_interconnect_0/s00_couplers/auto_ds/inst/gen_downsizer.gen_simple_downsizer.axi_downsizer_inst/USE_READ.read_addr_inst/cmd_queue/inst/fifo_gen_inst/inst_fifo_gen/gconvfifo.rf/grf.rf/rstblk/clk
    SLICE_X25Y56         FDRE                                         r  top_i/axi_interconnect_0/s00_couplers/auto_ds/inst/gen_downsizer.gen_simple_downsizer.axi_downsizer_inst/USE_READ.read_addr_inst/cmd_queue/inst/fifo_gen_inst/inst_fifo_gen/gconvfifo.rf/grf.rf/rstblk/ngwrdrst.grst.g7serrst.gnsckt_wrst.gcc_rst.sckt_wr_rst_cc_reg[0]/C
  -------------------------------------------------------------------    -------------------
    SLICE_X25Y56         FDRE (Prop_HFF2_SLICEL_C_Q)
                                                      0.080     2.519 f  top_i/axi_interconnect_0/s00_couplers/auto_ds/inst/gen_downsizer.gen_simple_downsizer.axi_downsizer_inst/USE_READ.read_addr_inst/cmd_queue/inst/fifo_gen_inst/inst_fifo_gen/gconvfifo.rf/grf.rf/rstblk/ngwrdrst.grst.g7serrst.gnsckt_wrst.gcc_rst.sckt_wr_rst_cc_reg[0]/Q
                         net (fo=3, routed)           0.244     2.763    top_i/axi_interconnect_0/s00_couplers/auto_ds/inst/gen_downsizer.gen_simple_downsizer.axi_downsizer_inst/USE_READ.read_addr_inst/cmd_queue/inst/fifo_gen_inst/inst_fifo_gen/gconvfifo.rf/grf.rf/rstblk/ngwrdrst.grst.g7serrst.gnsckt_wrst.gcc_rst.sckt_wr_rst_cc[0]
    SLICE_X25Y56         LUT3 (Prop_G6LUT_SLICEL_I1_O)
                                                      0.097     2.860 f  top_i/axi_interconnect_0/s00_couplers/auto_ds/inst/gen_downsizer.gen_simple_downsizer.axi_downsizer_inst/USE_READ.read_addr_inst/cmd_queue/inst/fifo_gen_inst/inst_fifo_gen/gconvfifo.rf/grf.rf/rstblk/gpregsm1.curr_fwft_state[1]_i_2/O
                         net (fo=32, routed)          0.537     3.397    top_i/axi_interconnect_0/s00_couplers/auto_ds/inst/gen_downsizer.gen_simple_downsizer.axi_downsizer_inst/USE_READ.read_addr_inst/cmd_queue/inst/fifo_gen_inst/inst_fifo_gen/gconvfifo.rf/grf.rf/gntv_or_sync_fifo.gl0.wr/wpntr/AR[0]
    SLICE_X28Y58         FDCE                                         f  top_i/axi_interconnect_0/s00_couplers/auto_ds/inst/gen_downsizer.gen_simple_downsizer.axi_downsizer_inst/USE_READ.read_addr_inst/cmd_queue/inst/fifo_gen_inst/inst_fifo_gen/gconvfifo.rf/grf.rf/gntv_or_sync_fifo.gl0.wr/wpntr/gcc0.gc0.count_d1_reg[0]/CLR
  -------------------------------------------------------------------    -------------------

                         (clock clk_pl_0 rise edge)
                                                     10.000    10.000 r  
    PS8_X0Y0             PS8                          0.000    10.000 r  top_i/zynq_ps/inst/PS8_i/PLCLK[0]
                         net (fo=1, routed)           0.157    10.157    top_i/zynq_ps/inst/pl_clk_unbuffered[0]
    BUFG_PS_X0Y58        BUFG_PS (Prop_BUFG_PS_I_O)
                                                      0.025    10.182 r  top_i/zynq_ps/inst/buffer_pl_clk_0.PL_CLK_0_BUFG/O
    X2Y3 (CLOCK_ROOT)    net (fo=89829, routed)       1.937    12.119    top_i/axi_interconnect_0/s00_couplers/auto_ds/inst/gen_downsizer.gen_simple_downsizer.axi_downsizer_inst/USE_READ.read_addr_inst/cmd_queue/inst/fifo_gen_inst/inst_fifo_gen/gconvfifo.rf/grf.rf/gntv_or_sync_fifo.gl0.wr/wpntr/clk
    SLICE_X28Y58         FDCE                                         r  top_i/axi_interconnect_0/s00_couplers/auto_ds/inst/gen_downsizer.gen_simple_downsizer.axi_downsizer_inst/USE_READ.read_addr_inst/cmd_queue/inst/fifo_gen_inst/inst_fifo_gen/gconvfifo.rf/grf.rf/gntv_or_sync_fifo.gl0.wr/wpntr/gcc0.gc0.count_d1_reg[0]/C
                         clock pessimism              0.210    12.329    
                         clock uncertainty           -0.130    12.199    
    SLICE_X28Y58         FDCE (Recov_EFF_SLICEM_C_CLR)
                                                     -0.066    12.133    top_i/axi_interconnect_0/s00_couplers/auto_ds/inst/gen_downsizer.gen_simple_downsizer.axi_downsizer_inst/USE_READ.read_addr_inst/cmd_queue/inst/fifo_gen_inst/inst_fifo_gen/gconvfifo.rf/grf.rf/gntv_or_sync_fifo.gl0.wr/wpntr/gcc0.gc0.count_d1_reg[0]
  -------------------------------------------------------------------
                         required time                         12.133    
                         arrival time                          -3.397    
  -------------------------------------------------------------------
                         slack                                  8.736    





Min Delay Paths
--------------------------------------------------------------------------------------
Slack (MET) :             0.189ns  (arrival time - required time)
  Source:                 top_i/axi_interconnect_0/s00_couplers/auto_ds/inst/gen_downsizer.gen_simple_downsizer.axi_downsizer_inst/USE_WRITE.write_addr_inst/USE_B_CHANNEL.cmd_b_queue/inst/fifo_gen_inst/inst_fifo_gen/gconvfifo.rf/grf.rf/rstblk/ngwrdrst.grst.g7serrst.gnsckt_wrst.gcc_rst.sckt_wr_rst_cc_reg[0]/C
                            (rising edge-triggered cell FDRE clocked by clk_pl_0  {rise@0.000ns fall@5.000ns period=10.000ns})
  Destination:            top_i/axi_interconnect_0/s00_couplers/auto_ds/inst/gen_downsizer.gen_simple_downsizer.axi_downsizer_inst/USE_WRITE.write_addr_inst/USE_B_CHANNEL.cmd_b_queue/inst/fifo_gen_inst/inst_fifo_gen/gconvfifo.rf/grf.rf/gntv_or_sync_fifo.gl0.wr/gwss.wsts/ram_full_fb_i_reg/CLR
                            (removal check against rising-edge clock clk_pl_0  {rise@0.000ns fall@5.000ns period=10.000ns})
  Path Group:             **async_default**
  Path Type:              Removal (Min at Fast Process Corner)
  Requirement:            0.000ns  (clk_pl_0 rise@0.000ns - clk_pl_0 rise@0.000ns)
  Data Path Delay:        0.186ns  (logic 0.061ns (32.786%)  route 0.125ns (67.214%))
  Logic Levels:           1  (LUT3=1)
  Clock Path Skew:        0.017ns (DCD - SCD - CPR)
    Destination Clock Delay (DCD):    1.508ns
    Source Clock Delay      (SCD):    1.330ns
    Clock Pessimism Removal (CPR):    0.162ns
  Clock Net Delay (Source):      1.210ns (routing 0.366ns, distribution 0.844ns)
  Clock Net Delay (Destination): 1.361ns (routing 0.411ns, distribution 0.950ns)

    Location             Delay type                Incr(ns)  Path(ns)    Netlist Resource(s)
  -------------------------------------------------------------------    -------------------
                         (clock clk_pl_0 rise edge)
                                                      0.000     0.000 r  
    PS8_X0Y0             PS8                          0.000     0.000 r  top_i/zynq_ps/inst/PS8_i/PLCLK[0]
                         net (fo=1, routed)           0.103     0.103    top_i/zynq_ps/inst/pl_clk_unbuffered[0]
    BUFG_PS_X0Y58        BUFG_PS (Prop_BUFG_PS_I_O)
                                                      0.017     0.120 r  top_i/zynq_ps/inst/buffer_pl_clk_0.PL_CLK_0_BUFG/O
    X2Y3 (CLOCK_ROOT)    net (fo=89829, routed)       1.210     1.330    top_i/axi_interconnect_0/s00_couplers/auto_ds/inst/gen_downsizer.gen_simple_downsizer.axi_downsizer_inst/USE_WRITE.write_addr_inst/USE_B_CHANNEL.cmd_b_queue/inst/fifo_gen_inst/inst_fifo_gen/gconvfifo.rf/grf.rf/rstblk/clk
    SLICE_X29Y14         FDRE                                         r  top_i/axi_interconnect_0/s00_couplers/auto_ds/inst/gen_downsizer.gen_simple_downsizer.axi_downsizer_inst/USE_WRITE.write_addr_inst/USE_B_CHANNEL.cmd_b_queue/inst/fifo_gen_inst/inst_fifo_gen/gconvfifo.rf/grf.rf/rstblk/ngwrdrst.grst.g7serrst.gnsckt_wrst.gcc_rst.sckt_wr_rst_cc_reg[0]/C
  -------------------------------------------------------------------    -------------------
    SLICE_X29Y14         FDRE (Prop_EFF_SLICEL_C_Q)
                                                      0.039     1.369 f  top_i/axi_interconnect_0/s00_couplers/auto_ds/inst/gen_downsizer.gen_simple_downsizer.axi_downsizer_inst/USE_WRITE.write_addr_inst/USE_B_CHANNEL.cmd_b_queue/inst/fifo_gen_inst/inst_fifo_gen/gconvfifo.rf/grf.rf/rstblk/ngwrdrst.grst.g7serrst.gnsckt_wrst.gcc_rst.sckt_wr_rst_cc_reg[0]/Q
                         net (fo=3, routed)           0.026     1.394    top_i/axi_interconnect_0/s00_couplers/auto_ds/inst/gen_downsizer.gen_simple_downsizer.axi_downsizer_inst/USE_WRITE.write_addr_inst/USE_B_CHANNEL.cmd_b_queue/inst/fifo_gen_inst/inst_fifo_gen/gconvfifo.rf/grf.rf/rstblk/ngwrdrst.grst.g7serrst.gnsckt_wrst.gcc_rst.sckt_wr_rst_cc[0]
    SLICE_X29Y14         LUT3 (Prop_F6LUT_SLICEL_I1_O)
                                                      0.022     1.416 f  top_i/axi_interconnect_0/s00_couplers/auto_ds/inst/gen_downsizer.gen_simple_downsizer.axi_downsizer_inst/USE_WRITE.write_addr_inst/USE_B_CHANNEL.cmd_b_queue/inst/fifo_gen_inst/inst_fifo_gen/gconvfifo.rf/grf.rf/rstblk/gpregsm1.curr_fwft_state[1]_i_2/O
                         net (fo=32, routed)          0.099     1.516    top_i/axi_interconnect_0/s00_couplers/auto_ds/inst/gen_downsizer.gen_simple_downsizer.axi_downsizer_inst/USE_WRITE.write_addr_inst/USE_B_CHANNEL.cmd_b_queue/inst/fifo_gen_inst/inst_fifo_gen/gconvfifo.rf/grf.rf/gntv_or_sync_fifo.gl0.wr/gwss.wsts/AR[0]
    SLICE_X29Y12         FDCE                                         f  top_i/axi_interconnect_0/s00_couplers/auto_ds/inst/gen_downsizer.gen_simple_downsizer.axi_downsizer_inst/USE_WRITE.write_addr_inst/USE_B_CHANNEL.cmd_b_queue/inst/fifo_gen_inst/inst_fifo_gen/gconvfifo.rf/grf.rf/gntv_or_sync_fifo.gl0.wr/gwss.wsts/ram_full_fb_i_reg/CLR
  -------------------------------------------------------------------    -------------------

                         (clock clk_pl_0 rise edge)
                                                      0.000     0.000 r  
    PS8_X0Y0             PS8                          0.000     0.000 r  top_i/zynq_ps/inst/PS8_i/PLCLK[0]
                         net (fo=1, routed)           0.129     0.129    top_i/zynq_ps/inst/pl_clk_unbuffered[0]
    BUFG_PS_X0Y58        BUFG_PS (Prop_BUFG_PS_I_O)
                                                      0.018     0.147 r  top_i/zynq_ps/inst/buffer_pl_clk_0.PL_CLK_0_BUFG/O
    X2Y3 (CLOCK_ROOT)    net (fo=89829, routed)       1.361     1.508    top_i/axi_interconnect_0/s00_couplers/auto_ds/inst/gen_downsizer.gen_simple_downsizer.axi_downsizer_inst/USE_WRITE.write_addr_inst/USE_B_CHANNEL.cmd_b_queue/inst/fifo_gen_inst/inst_fifo_gen/gconvfifo.rf/grf.rf/gntv_or_sync_fifo.gl0.wr/gwss.wsts/clk
    SLICE_X29Y12         FDCE                                         r  top_i/axi_interconnect_0/s00_couplers/auto_ds/inst/gen_downsizer.gen_simple_downsizer.axi_downsizer_inst/USE_WRITE.write_addr_inst/USE_B_CHANNEL.cmd_b_queue/inst/fifo_gen_inst/inst_fifo_gen/gconvfifo.rf/grf.rf/gntv_or_sync_fifo.gl0.wr/gwss.wsts/ram_full_fb_i_reg/C
                         clock pessimism             -0.162     1.347    
    SLICE_X29Y12         FDCE (Remov_HFF_SLICEL_C_CLR)
                                                     -0.020     1.327    top_i/axi_interconnect_0/s00_couplers/auto_ds/inst/gen_downsizer.gen_simple_downsizer.axi_downsizer_inst/USE_WRITE.write_addr_inst/USE_B_CHANNEL.cmd_b_queue/inst/fifo_gen_inst/inst_fifo_gen/gconvfifo.rf/grf.rf/gntv_or_sync_fifo.gl0.wr/gwss.wsts/ram_full_fb_i_reg
  -------------------------------------------------------------------
                         required time                         -1.327    
                         arrival time                           1.516    
  -------------------------------------------------------------------
                         slack                                  0.189    

Slack (MET) :             0.189ns  (arrival time - required time)
  Source:                 top_i/axi_interconnect_0/s00_couplers/auto_ds/inst/gen_downsizer.gen_simple_downsizer.axi_downsizer_inst/USE_WRITE.write_addr_inst/USE_B_CHANNEL.cmd_b_queue/inst/fifo_gen_inst/inst_fifo_gen/gconvfifo.rf/grf.rf/rstblk/ngwrdrst.grst.g7serrst.gnsckt_wrst.gcc_rst.sckt_wr_rst_cc_reg[0]/C
                            (rising edge-triggered cell FDRE clocked by clk_pl_0  {rise@0.000ns fall@5.000ns period=10.000ns})
  Destination:            top_i/axi_interconnect_0/s00_couplers/auto_ds/inst/gen_downsizer.gen_simple_downsizer.axi_downsizer_inst/USE_WRITE.write_addr_inst/USE_B_CHANNEL.cmd_b_queue/inst/fifo_gen_inst/inst_fifo_gen/gconvfifo.rf/grf.rf/gntv_or_sync_fifo.gl0.wr/gwss.wsts/ram_full_i_reg/CLR
                            (removal check against rising-edge clock clk_pl_0  {rise@0.000ns fall@5.000ns period=10.000ns})
  Path Group:             **async_default**
  Path Type:              Removal (Min at Fast Process Corner)
  Requirement:            0.000ns  (clk_pl_0 rise@0.000ns - clk_pl_0 rise@0.000ns)
  Data Path Delay:        0.186ns  (logic 0.061ns (32.786%)  route 0.125ns (67.214%))
  Logic Levels:           1  (LUT3=1)
  Clock Path Skew:        0.017ns (DCD - SCD - CPR)
    Destination Clock Delay (DCD):    1.508ns
    Source Clock Delay      (SCD):    1.330ns
    Clock Pessimism Removal (CPR):    0.162ns
  Clock Net Delay (Source):      1.210ns (routing 0.366ns, distribution 0.844ns)
  Clock Net Delay (Destination): 1.361ns (routing 0.411ns, distribution 0.950ns)

    Location             Delay type                Incr(ns)  Path(ns)    Netlist Resource(s)
  -------------------------------------------------------------------    -------------------
                         (clock clk_pl_0 rise edge)
                                                      0.000     0.000 r  
    PS8_X0Y0             PS8                          0.000     0.000 r  top_i/zynq_ps/inst/PS8_i/PLCLK[0]
                         net (fo=1, routed)           0.103     0.103    top_i/zynq_ps/inst/pl_clk_unbuffered[0]
    BUFG_PS_X0Y58        BUFG_PS (Prop_BUFG_PS_I_O)
                                                      0.017     0.120 r  top_i/zynq_ps/inst/buffer_pl_clk_0.PL_CLK_0_BUFG/O
    X2Y3 (CLOCK_ROOT)    net (fo=89829, routed)       1.210     1.330    top_i/axi_interconnect_0/s00_couplers/auto_ds/inst/gen_downsizer.gen_simple_downsizer.axi_downsizer_inst/USE_WRITE.write_addr_inst/USE_B_CHANNEL.cmd_b_queue/inst/fifo_gen_inst/inst_fifo_gen/gconvfifo.rf/grf.rf/rstblk/clk
    SLICE_X29Y14         FDRE                                         r  top_i/axi_interconnect_0/s00_couplers/auto_ds/inst/gen_downsizer.gen_simple_downsizer.axi_downsizer_inst/USE_WRITE.write_addr_inst/USE_B_CHANNEL.cmd_b_queue/inst/fifo_gen_inst/inst_fifo_gen/gconvfifo.rf/grf.rf/rstblk/ngwrdrst.grst.g7serrst.gnsckt_wrst.gcc_rst.sckt_wr_rst_cc_reg[0]/C
  -------------------------------------------------------------------    -------------------
    SLICE_X29Y14         FDRE (Prop_EFF_SLICEL_C_Q)
                                                      0.039     1.369 f  top_i/axi_interconnect_0/s00_couplers/auto_ds/inst/gen_downsizer.gen_simple_downsizer.axi_downsizer_inst/USE_WRITE.write_addr_inst/USE_B_CHANNEL.cmd_b_queue/inst/fifo_gen_inst/inst_fifo_gen/gconvfifo.rf/grf.rf/rstblk/ngwrdrst.grst.g7serrst.gnsckt_wrst.gcc_rst.sckt_wr_rst_cc_reg[0]/Q
                         net (fo=3, routed)           0.026     1.394    top_i/axi_interconnect_0/s00_couplers/auto_ds/inst/gen_downsizer.gen_simple_downsizer.axi_downsizer_inst/USE_WRITE.write_addr_inst/USE_B_CHANNEL.cmd_b_queue/inst/fifo_gen_inst/inst_fifo_gen/gconvfifo.rf/grf.rf/rstblk/ngwrdrst.grst.g7serrst.gnsckt_wrst.gcc_rst.sckt_wr_rst_cc[0]
    SLICE_X29Y14         LUT3 (Prop_F6LUT_SLICEL_I1_O)
                                                      0.022     1.416 f  top_i/axi_interconnect_0/s00_couplers/auto_ds/inst/gen_downsizer.gen_simple_downsizer.axi_downsizer_inst/USE_WRITE.write_addr_inst/USE_B_CHANNEL.cmd_b_queue/inst/fifo_gen_inst/inst_fifo_gen/gconvfifo.rf/grf.rf/rstblk/gpregsm1.curr_fwft_state[1]_i_2/O
                         net (fo=32, routed)          0.099     1.516    top_i/axi_interconnect_0/s00_couplers/auto_ds/inst/gen_downsizer.gen_simple_downsizer.axi_downsizer_inst/USE_WRITE.write_addr_inst/USE_B_CHANNEL.cmd_b_queue/inst/fifo_gen_inst/inst_fifo_gen/gconvfifo.rf/grf.rf/gntv_or_sync_fifo.gl0.wr/gwss.wsts/AR[0]
    SLICE_X29Y12         FDCE                                         f  top_i/axi_interconnect_0/s00_couplers/auto_ds/inst/gen_downsizer.gen_simple_downsizer.axi_downsizer_inst/USE_WRITE.write_addr_inst/USE_B_CHANNEL.cmd_b_queue/inst/fifo_gen_inst/inst_fifo_gen/gconvfifo.rf/grf.rf/gntv_or_sync_fifo.gl0.wr/gwss.wsts/ram_full_i_reg/CLR
  -------------------------------------------------------------------    -------------------

                         (clock clk_pl_0 rise edge)
                                                      0.000     0.000 r  
    PS8_X0Y0             PS8                          0.000     0.000 r  top_i/zynq_ps/inst/PS8_i/PLCLK[0]
                         net (fo=1, routed)           0.129     0.129    top_i/zynq_ps/inst/pl_clk_unbuffered[0]
    BUFG_PS_X0Y58        BUFG_PS (Prop_BUFG_PS_I_O)
                                                      0.018     0.147 r  top_i/zynq_ps/inst/buffer_pl_clk_0.PL_CLK_0_BUFG/O
    X2Y3 (CLOCK_ROOT)    net (fo=89829, routed)       1.361     1.508    top_i/axi_interconnect_0/s00_couplers/auto_ds/inst/gen_downsizer.gen_simple_downsizer.axi_downsizer_inst/USE_WRITE.write_addr_inst/USE_B_CHANNEL.cmd_b_queue/inst/fifo_gen_inst/inst_fifo_gen/gconvfifo.rf/grf.rf/gntv_or_sync_fifo.gl0.wr/gwss.wsts/clk
    SLICE_X29Y12         FDCE                                         r  top_i/axi_interconnect_0/s00_couplers/auto_ds/inst/gen_downsizer.gen_simple_downsizer.axi_downsizer_inst/USE_WRITE.write_addr_inst/USE_B_CHANNEL.cmd_b_queue/inst/fifo_gen_inst/inst_fifo_gen/gconvfifo.rf/grf.rf/gntv_or_sync_fifo.gl0.wr/gwss.wsts/ram_full_i_reg/C
                         clock pessimism             -0.162     1.347    
    SLICE_X29Y12         FDCE (Remov_GFF_SLICEL_C_CLR)
                                                     -0.020     1.327    top_i/axi_interconnect_0/s00_couplers/auto_ds/inst/gen_downsizer.gen_simple_downsizer.axi_downsizer_inst/USE_WRITE.write_addr_inst/USE_B_CHANNEL.cmd_b_queue/inst/fifo_gen_inst/inst_fifo_gen/gconvfifo.rf/grf.rf/gntv_or_sync_fifo.gl0.wr/gwss.wsts/ram_full_i_reg
  -------------------------------------------------------------------
                         required time                         -1.327    
                         arrival time                           1.516    
  -------------------------------------------------------------------
                         slack                                  0.189    

Slack (MET) :             0.189ns  (arrival time - required time)
  Source:                 top_i/axi_interconnect_0/s00_couplers/auto_ds/inst/gen_downsizer.gen_simple_downsizer.axi_downsizer_inst/USE_WRITE.write_addr_inst/USE_B_CHANNEL.cmd_b_queue/inst/fifo_gen_inst/inst_fifo_gen/gconvfifo.rf/grf.rf/rstblk/ngwrdrst.grst.g7serrst.gnsckt_wrst.gcc_rst.sckt_wr_rst_cc_reg[0]/C
                            (rising edge-triggered cell FDRE clocked by clk_pl_0  {rise@0.000ns fall@5.000ns period=10.000ns})
  Destination:            top_i/axi_interconnect_0/s00_couplers/auto_ds/inst/gen_downsizer.gen_simple_downsizer.axi_downsizer_inst/USE_WRITE.write_addr_inst/USE_B_CHANNEL.cmd_b_queue/inst/fifo_gen_inst/inst_fifo_gen/gconvfifo.rf/grf.rf/gntv_or_sync_fifo.gl0.wr/wpntr/gcc0.gc0.count_reg[1]/CLR
                            (removal check against rising-edge clock clk_pl_0  {rise@0.000ns fall@5.000ns period=10.000ns})
  Path Group:             **async_default**
  Path Type:              Removal (Min at Fast Process Corner)
  Requirement:            0.000ns  (clk_pl_0 rise@0.000ns - clk_pl_0 rise@0.000ns)
  Data Path Delay:        0.186ns  (logic 0.061ns (32.786%)  route 0.125ns (67.214%))
  Logic Levels:           1  (LUT3=1)
  Clock Path Skew:        0.017ns (DCD - SCD - CPR)
    Destination Clock Delay (DCD):    1.508ns
    Source Clock Delay      (SCD):    1.330ns
    Clock Pessimism Removal (CPR):    0.162ns
  Clock Net Delay (Source):      1.210ns (routing 0.366ns, distribution 0.844ns)
  Clock Net Delay (Destination): 1.361ns (routing 0.411ns, distribution 0.950ns)

    Location             Delay type                Incr(ns)  Path(ns)    Netlist Resource(s)
  -------------------------------------------------------------------    -------------------
                         (clock clk_pl_0 rise edge)
                                                      0.000     0.000 r  
    PS8_X0Y0             PS8                          0.000     0.000 r  top_i/zynq_ps/inst/PS8_i/PLCLK[0]
                         net (fo=1, routed)           0.103     0.103    top_i/zynq_ps/inst/pl_clk_unbuffered[0]
    BUFG_PS_X0Y58        BUFG_PS (Prop_BUFG_PS_I_O)
                                                      0.017     0.120 r  top_i/zynq_ps/inst/buffer_pl_clk_0.PL_CLK_0_BUFG/O
    X2Y3 (CLOCK_ROOT)    net (fo=89829, routed)       1.210     1.330    top_i/axi_interconnect_0/s00_couplers/auto_ds/inst/gen_downsizer.gen_simple_downsizer.axi_downsizer_inst/USE_WRITE.write_addr_inst/USE_B_CHANNEL.cmd_b_queue/inst/fifo_gen_inst/inst_fifo_gen/gconvfifo.rf/grf.rf/rstblk/clk
    SLICE_X29Y14         FDRE                                         r  top_i/axi_interconnect_0/s00_couplers/auto_ds/inst/gen_downsizer.gen_simple_downsizer.axi_downsizer_inst/USE_WRITE.write_addr_inst/USE_B_CHANNEL.cmd_b_queue/inst/fifo_gen_inst/inst_fifo_gen/gconvfifo.rf/grf.rf/rstblk/ngwrdrst.grst.g7serrst.gnsckt_wrst.gcc_rst.sckt_wr_rst_cc_reg[0]/C
  -------------------------------------------------------------------    -------------------
    SLICE_X29Y14         FDRE (Prop_EFF_SLICEL_C_Q)
                                                      0.039     1.369 f  top_i/axi_interconnect_0/s00_couplers/auto_ds/inst/gen_downsizer.gen_simple_downsizer.axi_downsizer_inst/USE_WRITE.write_addr_inst/USE_B_CHANNEL.cmd_b_queue/inst/fifo_gen_inst/inst_fifo_gen/gconvfifo.rf/grf.rf/rstblk/ngwrdrst.grst.g7serrst.gnsckt_wrst.gcc_rst.sckt_wr_rst_cc_reg[0]/Q
                         net (fo=3, routed)           0.026     1.394    top_i/axi_interconnect_0/s00_couplers/auto_ds/inst/gen_downsizer.gen_simple_downsizer.axi_downsizer_inst/USE_WRITE.write_addr_inst/USE_B_CHANNEL.cmd_b_queue/inst/fifo_gen_inst/inst_fifo_gen/gconvfifo.rf/grf.rf/rstblk/ngwrdrst.grst.g7serrst.gnsckt_wrst.gcc_rst.sckt_wr_rst_cc[0]
    SLICE_X29Y14         LUT3 (Prop_F6LUT_SLICEL_I1_O)
                                                      0.022     1.416 f  top_i/axi_interconnect_0/s00_couplers/auto_ds/inst/gen_downsizer.gen_simple_downsizer.axi_downsizer_inst/USE_WRITE.write_addr_inst/USE_B_CHANNEL.cmd_b_queue/inst/fifo_gen_inst/inst_fifo_gen/gconvfifo.rf/grf.rf/rstblk/gpregsm1.curr_fwft_state[1]_i_2/O
                         net (fo=32, routed)          0.099     1.516    top_i/axi_interconnect_0/s00_couplers/auto_ds/inst/gen_downsizer.gen_simple_downsizer.axi_downsizer_inst/USE_WRITE.write_addr_inst/USE_B_CHANNEL.cmd_b_queue/inst/fifo_gen_inst/inst_fifo_gen/gconvfifo.rf/grf.rf/gntv_or_sync_fifo.gl0.wr/wpntr/AR[0]
    SLICE_X29Y12         FDCE                                         f  top_i/axi_interconnect_0/s00_couplers/auto_ds/inst/gen_downsizer.gen_simple_downsizer.axi_downsizer_inst/USE_WRITE.write_addr_inst/USE_B_CHANNEL.cmd_b_queue/inst/fifo_gen_inst/inst_fifo_gen/gconvfifo.rf/grf.rf/gntv_or_sync_fifo.gl0.wr/wpntr/gcc0.gc0.count_reg[1]/CLR
  -------------------------------------------------------------------    -------------------

                         (clock clk_pl_0 rise edge)
                                                      0.000     0.000 r  
    PS8_X0Y0             PS8                          0.000     0.000 r  top_i/zynq_ps/inst/PS8_i/PLCLK[0]
                         net (fo=1, routed)           0.129     0.129    top_i/zynq_ps/inst/pl_clk_unbuffered[0]
    BUFG_PS_X0Y58        BUFG_PS (Prop_BUFG_PS_I_O)
                                                      0.018     0.147 r  top_i/zynq_ps/inst/buffer_pl_clk_0.PL_CLK_0_BUFG/O
    X2Y3 (CLOCK_ROOT)    net (fo=89829, routed)       1.361     1.508    top_i/axi_interconnect_0/s00_couplers/auto_ds/inst/gen_downsizer.gen_simple_downsizer.axi_downsizer_inst/USE_WRITE.write_addr_inst/USE_B_CHANNEL.cmd_b_queue/inst/fifo_gen_inst/inst_fifo_gen/gconvfifo.rf/grf.rf/gntv_or_sync_fifo.gl0.wr/wpntr/clk
    SLICE_X29Y12         FDCE                                         r  top_i/axi_interconnect_0/s00_couplers/auto_ds/inst/gen_downsizer.gen_simple_downsizer.axi_downsizer_inst/USE_WRITE.write_addr_inst/USE_B_CHANNEL.cmd_b_queue/inst/fifo_gen_inst/inst_fifo_gen/gconvfifo.rf/grf.rf/gntv_or_sync_fifo.gl0.wr/wpntr/gcc0.gc0.count_reg[1]/C
                         clock pessimism             -0.162     1.347    
    SLICE_X29Y12         FDCE (Remov_HFF2_SLICEL_C_CLR)
                                                     -0.020     1.327    top_i/axi_interconnect_0/s00_couplers/auto_ds/inst/gen_downsizer.gen_simple_downsizer.axi_downsizer_inst/USE_WRITE.write_addr_inst/USE_B_CHANNEL.cmd_b_queue/inst/fifo_gen_inst/inst_fifo_gen/gconvfifo.rf/grf.rf/gntv_or_sync_fifo.gl0.wr/wpntr/gcc0.gc0.count_reg[1]
  -------------------------------------------------------------------
                         required time                         -1.327    
                         arrival time                           1.516    
  -------------------------------------------------------------------
                         slack                                  0.189    

Slack (MET) :             0.192ns  (arrival time - required time)
  Source:                 top_i/axi_interconnect_0/s00_couplers/auto_ds/inst/gen_downsizer.gen_simple_downsizer.axi_downsizer_inst/USE_WRITE.write_addr_inst/USE_B_CHANNEL.cmd_b_queue/inst/fifo_gen_inst/inst_fifo_gen/gconvfifo.rf/grf.rf/rstblk/ngwrdrst.grst.g7serrst.gnsckt_wrst.gcc_rst.sckt_wr_rst_cc_reg[0]/C
                            (rising edge-triggered cell FDRE clocked by clk_pl_0  {rise@0.000ns fall@5.000ns period=10.000ns})
  Destination:            top_i/axi_interconnect_0/s00_couplers/auto_ds/inst/gen_downsizer.gen_simple_downsizer.axi_downsizer_inst/USE_WRITE.write_addr_inst/USE_B_CHANNEL.cmd_b_queue/inst/fifo_gen_inst/inst_fifo_gen/gconvfifo.rf/grf.rf/gntv_or_sync_fifo.gl0.wr/wpntr/gcc0.gc0.count_reg[0]/PRE
                            (removal check against rising-edge clock clk_pl_0  {rise@0.000ns fall@5.000ns period=10.000ns})
  Path Group:             **async_default**
  Path Type:              Removal (Min at Fast Process Corner)
  Requirement:            0.000ns  (clk_pl_0 rise@0.000ns - clk_pl_0 rise@0.000ns)
  Data Path Delay:        0.193ns  (logic 0.061ns (31.597%)  route 0.132ns (68.403%))
  Logic Levels:           1  (LUT3=1)
  Clock Path Skew:        0.021ns (DCD - SCD - CPR)
    Destination Clock Delay (DCD):    1.512ns
    Source Clock Delay      (SCD):    1.330ns
    Clock Pessimism Removal (CPR):    0.161ns
  Clock Net Delay (Source):      1.210ns (routing 0.366ns, distribution 0.844ns)
  Clock Net Delay (Destination): 1.365ns (routing 0.411ns, distribution 0.954ns)

    Location             Delay type                Incr(ns)  Path(ns)    Netlist Resource(s)
  -------------------------------------------------------------------    -------------------
                         (clock clk_pl_0 rise edge)
                                                      0.000     0.000 r  
    PS8_X0Y0             PS8                          0.000     0.000 r  top_i/zynq_ps/inst/PS8_i/PLCLK[0]
                         net (fo=1, routed)           0.103     0.103    top_i/zynq_ps/inst/pl_clk_unbuffered[0]
    BUFG_PS_X0Y58        BUFG_PS (Prop_BUFG_PS_I_O)
                                                      0.017     0.120 r  top_i/zynq_ps/inst/buffer_pl_clk_0.PL_CLK_0_BUFG/O
    X2Y3 (CLOCK_ROOT)    net (fo=89829, routed)       1.210     1.330    top_i/axi_interconnect_0/s00_couplers/auto_ds/inst/gen_downsizer.gen_simple_downsizer.axi_downsizer_inst/USE_WRITE.write_addr_inst/USE_B_CHANNEL.cmd_b_queue/inst/fifo_gen_inst/inst_fifo_gen/gconvfifo.rf/grf.rf/rstblk/clk
    SLICE_X29Y14         FDRE                                         r  top_i/axi_interconnect_0/s00_couplers/auto_ds/inst/gen_downsizer.gen_simple_downsizer.axi_downsizer_inst/USE_WRITE.write_addr_inst/USE_B_CHANNEL.cmd_b_queue/inst/fifo_gen_inst/inst_fifo_gen/gconvfifo.rf/grf.rf/rstblk/ngwrdrst.grst.g7serrst.gnsckt_wrst.gcc_rst.sckt_wr_rst_cc_reg[0]/C
  -------------------------------------------------------------------    -------------------
    SLICE_X29Y14         FDRE (Prop_EFF_SLICEL_C_Q)
                                                      0.039     1.369 f  top_i/axi_interconnect_0/s00_couplers/auto_ds/inst/gen_downsizer.gen_simple_downsizer.axi_downsizer_inst/USE_WRITE.write_addr_inst/USE_B_CHANNEL.cmd_b_queue/inst/fifo_gen_inst/inst_fifo_gen/gconvfifo.rf/grf.rf/rstblk/ngwrdrst.grst.g7serrst.gnsckt_wrst.gcc_rst.sckt_wr_rst_cc_reg[0]/Q
                         net (fo=3, routed)           0.026     1.394    top_i/axi_interconnect_0/s00_couplers/auto_ds/inst/gen_downsizer.gen_simple_downsizer.axi_downsizer_inst/USE_WRITE.write_addr_inst/USE_B_CHANNEL.cmd_b_queue/inst/fifo_gen_inst/inst_fifo_gen/gconvfifo.rf/grf.rf/rstblk/ngwrdrst.grst.g7serrst.gnsckt_wrst.gcc_rst.sckt_wr_rst_cc[0]
    SLICE_X29Y14         LUT3 (Prop_F6LUT_SLICEL_I1_O)
                                                      0.022     1.416 f  top_i/axi_interconnect_0/s00_couplers/auto_ds/inst/gen_downsizer.gen_simple_downsizer.axi_downsizer_inst/USE_WRITE.write_addr_inst/USE_B_CHANNEL.cmd_b_queue/inst/fifo_gen_inst/inst_fifo_gen/gconvfifo.rf/grf.rf/rstblk/gpregsm1.curr_fwft_state[1]_i_2/O
                         net (fo=32, routed)          0.106     1.523    top_i/axi_interconnect_0/s00_couplers/auto_ds/inst/gen_downsizer.gen_simple_downsizer.axi_downsizer_inst/USE_WRITE.write_addr_inst/USE_B_CHANNEL.cmd_b_queue/inst/fifo_gen_inst/inst_fifo_gen/gconvfifo.rf/grf.rf/gntv_or_sync_fifo.gl0.wr/wpntr/AR[0]
    SLICE_X28Y12         FDPE                                         f  top_i/axi_interconnect_0/s00_couplers/auto_ds/inst/gen_downsizer.gen_simple_downsizer.axi_downsizer_inst/USE_WRITE.write_addr_inst/USE_B_CHANNEL.cmd_b_queue/inst/fifo_gen_inst/inst_fifo_gen/gconvfifo.rf/grf.rf/gntv_or_sync_fifo.gl0.wr/wpntr/gcc0.gc0.count_reg[0]/PRE
  -------------------------------------------------------------------    -------------------

                         (clock clk_pl_0 rise edge)
                                                      0.000     0.000 r  
    PS8_X0Y0             PS8                          0.000     0.000 r  top_i/zynq_ps/inst/PS8_i/PLCLK[0]
                         net (fo=1, routed)           0.129     0.129    top_i/zynq_ps/inst/pl_clk_unbuffered[0]
    BUFG_PS_X0Y58        BUFG_PS (Prop_BUFG_PS_I_O)
                                                      0.018     0.147 r  top_i/zynq_ps/inst/buffer_pl_clk_0.PL_CLK_0_BUFG/O
    X2Y3 (CLOCK_ROOT)    net (fo=89829, routed)       1.365     1.512    top_i/axi_interconnect_0/s00_couplers/auto_ds/inst/gen_downsizer.gen_simple_downsizer.axi_downsizer_inst/USE_WRITE.write_addr_inst/USE_B_CHANNEL.cmd_b_queue/inst/fifo_gen_inst/inst_fifo_gen/gconvfifo.rf/grf.rf/gntv_or_sync_fifo.gl0.wr/wpntr/clk
    SLICE_X28Y12         FDPE                                         r  top_i/axi_interconnect_0/s00_couplers/auto_ds/inst/gen_downsizer.gen_simple_downsizer.axi_downsizer_inst/USE_WRITE.write_addr_inst/USE_B_CHANNEL.cmd_b_queue/inst/fifo_gen_inst/inst_fifo_gen/gconvfifo.rf/grf.rf/gntv_or_sync_fifo.gl0.wr/wpntr/gcc0.gc0.count_reg[0]/C
                         clock pessimism             -0.161     1.351    
    SLICE_X28Y12         FDPE (Remov_CFF2_SLICEM_C_PRE)
                                                     -0.020     1.331    top_i/axi_interconnect_0/s00_couplers/auto_ds/inst/gen_downsizer.gen_simple_downsizer.axi_downsizer_inst/USE_WRITE.write_addr_inst/USE_B_CHANNEL.cmd_b_queue/inst/fifo_gen_inst/inst_fifo_gen/gconvfifo.rf/grf.rf/gntv_or_sync_fifo.gl0.wr/wpntr/gcc0.gc0.count_reg[0]
  -------------------------------------------------------------------
                         required time                         -1.331    
                         arrival time                           1.523    
  -------------------------------------------------------------------
                         slack                                  0.192    

Slack (MET) :             0.192ns  (arrival time - required time)
  Source:                 top_i/axi_interconnect_0/s00_couplers/auto_ds/inst/gen_downsizer.gen_simple_downsizer.axi_downsizer_inst/USE_WRITE.write_addr_inst/USE_B_CHANNEL.cmd_b_queue/inst/fifo_gen_inst/inst_fifo_gen/gconvfifo.rf/grf.rf/rstblk/ngwrdrst.grst.g7serrst.gnsckt_wrst.gcc_rst.sckt_wr_rst_cc_reg[0]/C
                            (rising edge-triggered cell FDRE clocked by clk_pl_0  {rise@0.000ns fall@5.000ns period=10.000ns})
  Destination:            top_i/axi_interconnect_0/s00_couplers/auto_ds/inst/gen_downsizer.gen_simple_downsizer.axi_downsizer_inst/USE_WRITE.write_addr_inst/USE_B_CHANNEL.cmd_b_queue/inst/fifo_gen_inst/inst_fifo_gen/gconvfifo.rf/grf.rf/gntv_or_sync_fifo.gl0.wr/wpntr/gcc0.gc0.count_reg[2]/CLR
                            (removal check against rising-edge clock clk_pl_0  {rise@0.000ns fall@5.000ns period=10.000ns})
  Path Group:             **async_default**
  Path Type:              Removal (Min at Fast Process Corner)
  Requirement:            0.000ns  (clk_pl_0 rise@0.000ns - clk_pl_0 rise@0.000ns)
  Data Path Delay:        0.193ns  (logic 0.061ns (31.597%)  route 0.132ns (68.403%))
  Logic Levels:           1  (LUT3=1)
  Clock Path Skew:        0.021ns (DCD - SCD - CPR)
    Destination Clock Delay (DCD):    1.512ns
    Source Clock Delay      (SCD):    1.330ns
    Clock Pessimism Removal (CPR):    0.161ns
  Clock Net Delay (Source):      1.210ns (routing 0.366ns, distribution 0.844ns)
  Clock Net Delay (Destination): 1.365ns (routing 0.411ns, distribution 0.954ns)

    Location             Delay type                Incr(ns)  Path(ns)    Netlist Resource(s)
  -------------------------------------------------------------------    -------------------
                         (clock clk_pl_0 rise edge)
                                                      0.000     0.000 r  
    PS8_X0Y0             PS8                          0.000     0.000 r  top_i/zynq_ps/inst/PS8_i/PLCLK[0]
                         net (fo=1, routed)           0.103     0.103    top_i/zynq_ps/inst/pl_clk_unbuffered[0]
    BUFG_PS_X0Y58        BUFG_PS (Prop_BUFG_PS_I_O)
                                                      0.017     0.120 r  top_i/zynq_ps/inst/buffer_pl_clk_0.PL_CLK_0_BUFG/O
    X2Y3 (CLOCK_ROOT)    net (fo=89829, routed)       1.210     1.330    top_i/axi_interconnect_0/s00_couplers/auto_ds/inst/gen_downsizer.gen_simple_downsizer.axi_downsizer_inst/USE_WRITE.write_addr_inst/USE_B_CHANNEL.cmd_b_queue/inst/fifo_gen_inst/inst_fifo_gen/gconvfifo.rf/grf.rf/rstblk/clk
    SLICE_X29Y14         FDRE                                         r  top_i/axi_interconnect_0/s00_couplers/auto_ds/inst/gen_downsizer.gen_simple_downsizer.axi_downsizer_inst/USE_WRITE.write_addr_inst/USE_B_CHANNEL.cmd_b_queue/inst/fifo_gen_inst/inst_fifo_gen/gconvfifo.rf/grf.rf/rstblk/ngwrdrst.grst.g7serrst.gnsckt_wrst.gcc_rst.sckt_wr_rst_cc_reg[0]/C
  -------------------------------------------------------------------    -------------------
    SLICE_X29Y14         FDRE (Prop_EFF_SLICEL_C_Q)
                                                      0.039     1.369 f  top_i/axi_interconnect_0/s00_couplers/auto_ds/inst/gen_downsizer.gen_simple_downsizer.axi_downsizer_inst/USE_WRITE.write_addr_inst/USE_B_CHANNEL.cmd_b_queue/inst/fifo_gen_inst/inst_fifo_gen/gconvfifo.rf/grf.rf/rstblk/ngwrdrst.grst.g7serrst.gnsckt_wrst.gcc_rst.sckt_wr_rst_cc_reg[0]/Q
                         net (fo=3, routed)           0.026     1.394    top_i/axi_interconnect_0/s00_couplers/auto_ds/inst/gen_downsizer.gen_simple_downsizer.axi_downsizer_inst/USE_WRITE.write_addr_inst/USE_B_CHANNEL.cmd_b_queue/inst/fifo_gen_inst/inst_fifo_gen/gconvfifo.rf/grf.rf/rstblk/ngwrdrst.grst.g7serrst.gnsckt_wrst.gcc_rst.sckt_wr_rst_cc[0]
    SLICE_X29Y14         LUT3 (Prop_F6LUT_SLICEL_I1_O)
                                                      0.022     1.416 f  top_i/axi_interconnect_0/s00_couplers/auto_ds/inst/gen_downsizer.gen_simple_downsizer.axi_downsizer_inst/USE_WRITE.write_addr_inst/USE_B_CHANNEL.cmd_b_queue/inst/fifo_gen_inst/inst_fifo_gen/gconvfifo.rf/grf.rf/rstblk/gpregsm1.curr_fwft_state[1]_i_2/O
                         net (fo=32, routed)          0.106     1.523    top_i/axi_interconnect_0/s00_couplers/auto_ds/inst/gen_downsizer.gen_simple_downsizer.axi_downsizer_inst/USE_WRITE.write_addr_inst/USE_B_CHANNEL.cmd_b_queue/inst/fifo_gen_inst/inst_fifo_gen/gconvfifo.rf/grf.rf/gntv_or_sync_fifo.gl0.wr/wpntr/AR[0]
    SLICE_X28Y12         FDCE                                         f  top_i/axi_interconnect_0/s00_couplers/auto_ds/inst/gen_downsizer.gen_simple_downsizer.axi_downsizer_inst/USE_WRITE.write_addr_inst/USE_B_CHANNEL.cmd_b_queue/inst/fifo_gen_inst/inst_fifo_gen/gconvfifo.rf/grf.rf/gntv_or_sync_fifo.gl0.wr/wpntr/gcc0.gc0.count_reg[2]/CLR
  -------------------------------------------------------------------    -------------------

                         (clock clk_pl_0 rise edge)
                                                      0.000     0.000 r  
    PS8_X0Y0             PS8                          0.000     0.000 r  top_i/zynq_ps/inst/PS8_i/PLCLK[0]
                         net (fo=1, routed)           0.129     0.129    top_i/zynq_ps/inst/pl_clk_unbuffered[0]
    BUFG_PS_X0Y58        BUFG_PS (Prop_BUFG_PS_I_O)
                                                      0.018     0.147 r  top_i/zynq_ps/inst/buffer_pl_clk_0.PL_CLK_0_BUFG/O
    X2Y3 (CLOCK_ROOT)    net (fo=89829, routed)       1.365     1.512    top_i/axi_interconnect_0/s00_couplers/auto_ds/inst/gen_downsizer.gen_simple_downsizer.axi_downsizer_inst/USE_WRITE.write_addr_inst/USE_B_CHANNEL.cmd_b_queue/inst/fifo_gen_inst/inst_fifo_gen/gconvfifo.rf/grf.rf/gntv_or_sync_fifo.gl0.wr/wpntr/clk
    SLICE_X28Y12         FDCE                                         r  top_i/axi_interconnect_0/s00_couplers/auto_ds/inst/gen_downsizer.gen_simple_downsizer.axi_downsizer_inst/USE_WRITE.write_addr_inst/USE_B_CHANNEL.cmd_b_queue/inst/fifo_gen_inst/inst_fifo_gen/gconvfifo.rf/grf.rf/gntv_or_sync_fifo.gl0.wr/wpntr/gcc0.gc0.count_reg[2]/C
                         clock pessimism             -0.161     1.351    
    SLICE_X28Y12         FDCE (Remov_BFF2_SLICEM_C_CLR)
                                                     -0.020     1.331    top_i/axi_interconnect_0/s00_couplers/auto_ds/inst/gen_downsizer.gen_simple_downsizer.axi_downsizer_inst/USE_WRITE.write_addr_inst/USE_B_CHANNEL.cmd_b_queue/inst/fifo_gen_inst/inst_fifo_gen/gconvfifo.rf/grf.rf/gntv_or_sync_fifo.gl0.wr/wpntr/gcc0.gc0.count_reg[2]
  -------------------------------------------------------------------
                         required time                         -1.331    
                         arrival time                           1.523    
  -------------------------------------------------------------------
                         slack                                  0.192    

Slack (MET) :             0.192ns  (arrival time - required time)
  Source:                 top_i/axi_interconnect_0/s00_couplers/auto_ds/inst/gen_downsizer.gen_simple_downsizer.axi_downsizer_inst/USE_WRITE.write_addr_inst/USE_B_CHANNEL.cmd_b_queue/inst/fifo_gen_inst/inst_fifo_gen/gconvfifo.rf/grf.rf/rstblk/ngwrdrst.grst.g7serrst.gnsckt_wrst.gcc_rst.sckt_wr_rst_cc_reg[0]/C
                            (rising edge-triggered cell FDRE clocked by clk_pl_0  {rise@0.000ns fall@5.000ns period=10.000ns})
  Destination:            top_i/axi_interconnect_0/s00_couplers/auto_ds/inst/gen_downsizer.gen_simple_downsizer.axi_downsizer_inst/USE_WRITE.write_addr_inst/USE_B_CHANNEL.cmd_b_queue/inst/fifo_gen_inst/inst_fifo_gen/gconvfifo.rf/grf.rf/gntv_or_sync_fifo.gl0.wr/wpntr/gcc0.gc0.count_reg[3]/CLR
                            (removal check against rising-edge clock clk_pl_0  {rise@0.000ns fall@5.000ns period=10.000ns})
  Path Group:             **async_default**
  Path Type:              Removal (Min at Fast Process Corner)
  Requirement:            0.000ns  (clk_pl_0 rise@0.000ns - clk_pl_0 rise@0.000ns)
  Data Path Delay:        0.193ns  (logic 0.061ns (31.597%)  route 0.132ns (68.403%))
  Logic Levels:           1  (LUT3=1)
  Clock Path Skew:        0.021ns (DCD - SCD - CPR)
    Destination Clock Delay (DCD):    1.512ns
    Source Clock Delay      (SCD):    1.330ns
    Clock Pessimism Removal (CPR):    0.161ns
  Clock Net Delay (Source):      1.210ns (routing 0.366ns, distribution 0.844ns)
  Clock Net Delay (Destination): 1.365ns (routing 0.411ns, distribution 0.954ns)

    Location             Delay type                Incr(ns)  Path(ns)    Netlist Resource(s)
  -------------------------------------------------------------------    -------------------
                         (clock clk_pl_0 rise edge)
                                                      0.000     0.000 r  
    PS8_X0Y0             PS8                          0.000     0.000 r  top_i/zynq_ps/inst/PS8_i/PLCLK[0]
                         net (fo=1, routed)           0.103     0.103    top_i/zynq_ps/inst/pl_clk_unbuffered[0]
    BUFG_PS_X0Y58        BUFG_PS (Prop_BUFG_PS_I_O)
                                                      0.017     0.120 r  top_i/zynq_ps/inst/buffer_pl_clk_0.PL_CLK_0_BUFG/O
    X2Y3 (CLOCK_ROOT)    net (fo=89829, routed)       1.210     1.330    top_i/axi_interconnect_0/s00_couplers/auto_ds/inst/gen_downsizer.gen_simple_downsizer.axi_downsizer_inst/USE_WRITE.write_addr_inst/USE_B_CHANNEL.cmd_b_queue/inst/fifo_gen_inst/inst_fifo_gen/gconvfifo.rf/grf.rf/rstblk/clk
    SLICE_X29Y14         FDRE                                         r  top_i/axi_interconnect_0/s00_couplers/auto_ds/inst/gen_downsizer.gen_simple_downsizer.axi_downsizer_inst/USE_WRITE.write_addr_inst/USE_B_CHANNEL.cmd_b_queue/inst/fifo_gen_inst/inst_fifo_gen/gconvfifo.rf/grf.rf/rstblk/ngwrdrst.grst.g7serrst.gnsckt_wrst.gcc_rst.sckt_wr_rst_cc_reg[0]/C
  -------------------------------------------------------------------    -------------------
    SLICE_X29Y14         FDRE (Prop_EFF_SLICEL_C_Q)
                                                      0.039     1.369 f  top_i/axi_interconnect_0/s00_couplers/auto_ds/inst/gen_downsizer.gen_simple_downsizer.axi_downsizer_inst/USE_WRITE.write_addr_inst/USE_B_CHANNEL.cmd_b_queue/inst/fifo_gen_inst/inst_fifo_gen/gconvfifo.rf/grf.rf/rstblk/ngwrdrst.grst.g7serrst.gnsckt_wrst.gcc_rst.sckt_wr_rst_cc_reg[0]/Q
                         net (fo=3, routed)           0.026     1.394    top_i/axi_interconnect_0/s00_couplers/auto_ds/inst/gen_downsizer.gen_simple_downsizer.axi_downsizer_inst/USE_WRITE.write_addr_inst/USE_B_CHANNEL.cmd_b_queue/inst/fifo_gen_inst/inst_fifo_gen/gconvfifo.rf/grf.rf/rstblk/ngwrdrst.grst.g7serrst.gnsckt_wrst.gcc_rst.sckt_wr_rst_cc[0]
    SLICE_X29Y14         LUT3 (Prop_F6LUT_SLICEL_I1_O)
                                                      0.022     1.416 f  top_i/axi_interconnect_0/s00_couplers/auto_ds/inst/gen_downsizer.gen_simple_downsizer.axi_downsizer_inst/USE_WRITE.write_addr_inst/USE_B_CHANNEL.cmd_b_queue/inst/fifo_gen_inst/inst_fifo_gen/gconvfifo.rf/grf.rf/rstblk/gpregsm1.curr_fwft_state[1]_i_2/O
                         net (fo=32, routed)          0.106     1.523    top_i/axi_interconnect_0/s00_couplers/auto_ds/inst/gen_downsizer.gen_simple_downsizer.axi_downsizer_inst/USE_WRITE.write_addr_inst/USE_B_CHANNEL.cmd_b_queue/inst/fifo_gen_inst/inst_fifo_gen/gconvfifo.rf/grf.rf/gntv_or_sync_fifo.gl0.wr/wpntr/AR[0]
    SLICE_X28Y12         FDCE                                         f  top_i/axi_interconnect_0/s00_couplers/auto_ds/inst/gen_downsizer.gen_simple_downsizer.axi_downsizer_inst/USE_WRITE.write_addr_inst/USE_B_CHANNEL.cmd_b_queue/inst/fifo_gen_inst/inst_fifo_gen/gconvfifo.rf/grf.rf/gntv_or_sync_fifo.gl0.wr/wpntr/gcc0.gc0.count_reg[3]/CLR
  -------------------------------------------------------------------    -------------------

                         (clock clk_pl_0 rise edge)
                                                      0.000     0.000 r  
    PS8_X0Y0             PS8                          0.000     0.000 r  top_i/zynq_ps/inst/PS8_i/PLCLK[0]
                         net (fo=1, routed)           0.129     0.129    top_i/zynq_ps/inst/pl_clk_unbuffered[0]
    BUFG_PS_X0Y58        BUFG_PS (Prop_BUFG_PS_I_O)
                                                      0.018     0.147 r  top_i/zynq_ps/inst/buffer_pl_clk_0.PL_CLK_0_BUFG/O
    X2Y3 (CLOCK_ROOT)    net (fo=89829, routed)       1.365     1.512    top_i/axi_interconnect_0/s00_couplers/auto_ds/inst/gen_downsizer.gen_simple_downsizer.axi_downsizer_inst/USE_WRITE.write_addr_inst/USE_B_CHANNEL.cmd_b_queue/inst/fifo_gen_inst/inst_fifo_gen/gconvfifo.rf/grf.rf/gntv_or_sync_fifo.gl0.wr/wpntr/clk
    SLICE_X28Y12         FDCE                                         r  top_i/axi_interconnect_0/s00_couplers/auto_ds/inst/gen_downsizer.gen_simple_downsizer.axi_downsizer_inst/USE_WRITE.write_addr_inst/USE_B_CHANNEL.cmd_b_queue/inst/fifo_gen_inst/inst_fifo_gen/gconvfifo.rf/grf.rf/gntv_or_sync_fifo.gl0.wr/wpntr/gcc0.gc0.count_reg[3]/C
                         clock pessimism             -0.161     1.351    
    SLICE_X28Y12         FDCE (Remov_DFF_SLICEM_C_CLR)
                                                     -0.020     1.331    top_i/axi_interconnect_0/s00_couplers/auto_ds/inst/gen_downsizer.gen_simple_downsizer.axi_downsizer_inst/USE_WRITE.write_addr_inst/USE_B_CHANNEL.cmd_b_queue/inst/fifo_gen_inst/inst_fifo_gen/gconvfifo.rf/grf.rf/gntv_or_sync_fifo.gl0.wr/wpntr/gcc0.gc0.count_reg[3]
  -------------------------------------------------------------------
                         required time                         -1.331    
                         arrival time                           1.523    
  -------------------------------------------------------------------
                         slack                                  0.192    

Slack (MET) :             0.192ns  (arrival time - required time)
  Source:                 top_i/axi_interconnect_0/s00_couplers/auto_ds/inst/gen_downsizer.gen_simple_downsizer.axi_downsizer_inst/USE_WRITE.write_addr_inst/USE_B_CHANNEL.cmd_b_queue/inst/fifo_gen_inst/inst_fifo_gen/gconvfifo.rf/grf.rf/rstblk/ngwrdrst.grst.g7serrst.gnsckt_wrst.gcc_rst.sckt_wr_rst_cc_reg[0]/C
                            (rising edge-triggered cell FDRE clocked by clk_pl_0  {rise@0.000ns fall@5.000ns period=10.000ns})
  Destination:            top_i/axi_interconnect_0/s00_couplers/auto_ds/inst/gen_downsizer.gen_simple_downsizer.axi_downsizer_inst/USE_WRITE.write_addr_inst/USE_B_CHANNEL.cmd_b_queue/inst/fifo_gen_inst/inst_fifo_gen/gconvfifo.rf/grf.rf/gntv_or_sync_fifo.gl0.wr/wpntr/gcc0.gc0.count_reg[4]/CLR
                            (removal check against rising-edge clock clk_pl_0  {rise@0.000ns fall@5.000ns period=10.000ns})
  Path Group:             **async_default**
  Path Type:              Removal (Min at Fast Process Corner)
  Requirement:            0.000ns  (clk_pl_0 rise@0.000ns - clk_pl_0 rise@0.000ns)
  Data Path Delay:        0.193ns  (logic 0.061ns (31.597%)  route 0.132ns (68.403%))
  Logic Levels:           1  (LUT3=1)
  Clock Path Skew:        0.021ns (DCD - SCD - CPR)
    Destination Clock Delay (DCD):    1.512ns
    Source Clock Delay      (SCD):    1.330ns
    Clock Pessimism Removal (CPR):    0.161ns
  Clock Net Delay (Source):      1.210ns (routing 0.366ns, distribution 0.844ns)
  Clock Net Delay (Destination): 1.365ns (routing 0.411ns, distribution 0.954ns)

    Location             Delay type                Incr(ns)  Path(ns)    Netlist Resource(s)
  -------------------------------------------------------------------    -------------------
                         (clock clk_pl_0 rise edge)
                                                      0.000     0.000 r  
    PS8_X0Y0             PS8                          0.000     0.000 r  top_i/zynq_ps/inst/PS8_i/PLCLK[0]
                         net (fo=1, routed)           0.103     0.103    top_i/zynq_ps/inst/pl_clk_unbuffered[0]
    BUFG_PS_X0Y58        BUFG_PS (Prop_BUFG_PS_I_O)
                                                      0.017     0.120 r  top_i/zynq_ps/inst/buffer_pl_clk_0.PL_CLK_0_BUFG/O
    X2Y3 (CLOCK_ROOT)    net (fo=89829, routed)       1.210     1.330    top_i/axi_interconnect_0/s00_couplers/auto_ds/inst/gen_downsizer.gen_simple_downsizer.axi_downsizer_inst/USE_WRITE.write_addr_inst/USE_B_CHANNEL.cmd_b_queue/inst/fifo_gen_inst/inst_fifo_gen/gconvfifo.rf/grf.rf/rstblk/clk
    SLICE_X29Y14         FDRE                                         r  top_i/axi_interconnect_0/s00_couplers/auto_ds/inst/gen_downsizer.gen_simple_downsizer.axi_downsizer_inst/USE_WRITE.write_addr_inst/USE_B_CHANNEL.cmd_b_queue/inst/fifo_gen_inst/inst_fifo_gen/gconvfifo.rf/grf.rf/rstblk/ngwrdrst.grst.g7serrst.gnsckt_wrst.gcc_rst.sckt_wr_rst_cc_reg[0]/C
  -------------------------------------------------------------------    -------------------
    SLICE_X29Y14         FDRE (Prop_EFF_SLICEL_C_Q)
                                                      0.039     1.369 f  top_i/axi_interconnect_0/s00_couplers/auto_ds/inst/gen_downsizer.gen_simple_downsizer.axi_downsizer_inst/USE_WRITE.write_addr_inst/USE_B_CHANNEL.cmd_b_queue/inst/fifo_gen_inst/inst_fifo_gen/gconvfifo.rf/grf.rf/rstblk/ngwrdrst.grst.g7serrst.gnsckt_wrst.gcc_rst.sckt_wr_rst_cc_reg[0]/Q
                         net (fo=3, routed)           0.026     1.394    top_i/axi_interconnect_0/s00_couplers/auto_ds/inst/gen_downsizer.gen_simple_downsizer.axi_downsizer_inst/USE_WRITE.write_addr_inst/USE_B_CHANNEL.cmd_b_queue/inst/fifo_gen_inst/inst_fifo_gen/gconvfifo.rf/grf.rf/rstblk/ngwrdrst.grst.g7serrst.gnsckt_wrst.gcc_rst.sckt_wr_rst_cc[0]
    SLICE_X29Y14         LUT3 (Prop_F6LUT_SLICEL_I1_O)
                                                      0.022     1.416 f  top_i/axi_interconnect_0/s00_couplers/auto_ds/inst/gen_downsizer.gen_simple_downsizer.axi_downsizer_inst/USE_WRITE.write_addr_inst/USE_B_CHANNEL.cmd_b_queue/inst/fifo_gen_inst/inst_fifo_gen/gconvfifo.rf/grf.rf/rstblk/gpregsm1.curr_fwft_state[1]_i_2/O
                         net (fo=32, routed)          0.106     1.523    top_i/axi_interconnect_0/s00_couplers/auto_ds/inst/gen_downsizer.gen_simple_downsizer.axi_downsizer_inst/USE_WRITE.write_addr_inst/USE_B_CHANNEL.cmd_b_queue/inst/fifo_gen_inst/inst_fifo_gen/gconvfifo.rf/grf.rf/gntv_or_sync_fifo.gl0.wr/wpntr/AR[0]
    SLICE_X28Y12         FDCE                                         f  top_i/axi_interconnect_0/s00_couplers/auto_ds/inst/gen_downsizer.gen_simple_downsizer.axi_downsizer_inst/USE_WRITE.write_addr_inst/USE_B_CHANNEL.cmd_b_queue/inst/fifo_gen_inst/inst_fifo_gen/gconvfifo.rf/grf.rf/gntv_or_sync_fifo.gl0.wr/wpntr/gcc0.gc0.count_reg[4]/CLR
  -------------------------------------------------------------------    -------------------

                         (clock clk_pl_0 rise edge)
                                                      0.000     0.000 r  
    PS8_X0Y0             PS8                          0.000     0.000 r  top_i/zynq_ps/inst/PS8_i/PLCLK[0]
                         net (fo=1, routed)           0.129     0.129    top_i/zynq_ps/inst/pl_clk_unbuffered[0]
    BUFG_PS_X0Y58        BUFG_PS (Prop_BUFG_PS_I_O)
                                                      0.018     0.147 r  top_i/zynq_ps/inst/buffer_pl_clk_0.PL_CLK_0_BUFG/O
    X2Y3 (CLOCK_ROOT)    net (fo=89829, routed)       1.365     1.512    top_i/axi_interconnect_0/s00_couplers/auto_ds/inst/gen_downsizer.gen_simple_downsizer.axi_downsizer_inst/USE_WRITE.write_addr_inst/USE_B_CHANNEL.cmd_b_queue/inst/fifo_gen_inst/inst_fifo_gen/gconvfifo.rf/grf.rf/gntv_or_sync_fifo.gl0.wr/wpntr/clk
    SLICE_X28Y12         FDCE                                         r  top_i/axi_interconnect_0/s00_couplers/auto_ds/inst/gen_downsizer.gen_simple_downsizer.axi_downsizer_inst/USE_WRITE.write_addr_inst/USE_B_CHANNEL.cmd_b_queue/inst/fifo_gen_inst/inst_fifo_gen/gconvfifo.rf/grf.rf/gntv_or_sync_fifo.gl0.wr/wpntr/gcc0.gc0.count_reg[4]/C
                         clock pessimism             -0.161     1.351    
    SLICE_X28Y12         FDCE (Remov_DFF2_SLICEM_C_CLR)
                                                     -0.020     1.331    top_i/axi_interconnect_0/s00_couplers/auto_ds/inst/gen_downsizer.gen_simple_downsizer.axi_downsizer_inst/USE_WRITE.write_addr_inst/USE_B_CHANNEL.cmd_b_queue/inst/fifo_gen_inst/inst_fifo_gen/gconvfifo.rf/grf.rf/gntv_or_sync_fifo.gl0.wr/wpntr/gcc0.gc0.count_reg[4]
  -------------------------------------------------------------------
                         required time                         -1.331    
                         arrival time                           1.523    
  -------------------------------------------------------------------
                         slack                                  0.192    

Slack (MET) :             0.192ns  (arrival time - required time)
  Source:                 top_i/axi_interconnect_0/s00_couplers/auto_ds/inst/gen_downsizer.gen_simple_downsizer.axi_downsizer_inst/USE_WRITE.write_addr_inst/USE_B_CHANNEL.cmd_b_queue/inst/fifo_gen_inst/inst_fifo_gen/gconvfifo.rf/grf.rf/rstblk/ngwrdrst.grst.g7serrst.gnsckt_wrst.gcc_rst.sckt_wr_rst_cc_reg[0]/C
                            (rising edge-triggered cell FDRE clocked by clk_pl_0  {rise@0.000ns fall@5.000ns period=10.000ns})
  Destination:            top_i/axi_interconnect_0/s00_couplers/auto_ds/inst/gen_downsizer.gen_simple_downsizer.axi_downsizer_inst/USE_WRITE.write_addr_inst/USE_B_CHANNEL.cmd_b_queue/inst/fifo_gen_inst/inst_fifo_gen/gconvfifo.rf/grf.rf/gntv_or_sync_fifo.gl0.wr/wpntr/gcc0.gc0.count_d1_reg[0]/CLR
                            (removal check against rising-edge clock clk_pl_0  {rise@0.000ns fall@5.000ns period=10.000ns})
  Path Group:             **async_default**
  Path Type:              Removal (Min at Fast Process Corner)
  Requirement:            0.000ns  (clk_pl_0 rise@0.000ns - clk_pl_0 rise@0.000ns)
  Data Path Delay:        0.192ns  (logic 0.061ns (31.761%)  route 0.131ns (68.239%))
  Logic Levels:           1  (LUT3=1)
  Clock Path Skew:        0.020ns (DCD - SCD - CPR)
    Destination Clock Delay (DCD):    1.511ns
    Source Clock Delay      (SCD):    1.330ns
    Clock Pessimism Removal (CPR):    0.162ns
  Clock Net Delay (Source):      1.210ns (routing 0.366ns, distribution 0.844ns)
  Clock Net Delay (Destination): 1.364ns (routing 0.411ns, distribution 0.953ns)

    Location             Delay type                Incr(ns)  Path(ns)    Netlist Resource(s)
  -------------------------------------------------------------------    -------------------
                         (clock clk_pl_0 rise edge)
                                                      0.000     0.000 r  
    PS8_X0Y0             PS8                          0.000     0.000 r  top_i/zynq_ps/inst/PS8_i/PLCLK[0]
                         net (fo=1, routed)           0.103     0.103    top_i/zynq_ps/inst/pl_clk_unbuffered[0]
    BUFG_PS_X0Y58        BUFG_PS (Prop_BUFG_PS_I_O)
                                                      0.017     0.120 r  top_i/zynq_ps/inst/buffer_pl_clk_0.PL_CLK_0_BUFG/O
    X2Y3 (CLOCK_ROOT)    net (fo=89829, routed)       1.210     1.330    top_i/axi_interconnect_0/s00_couplers/auto_ds/inst/gen_downsizer.gen_simple_downsizer.axi_downsizer_inst/USE_WRITE.write_addr_inst/USE_B_CHANNEL.cmd_b_queue/inst/fifo_gen_inst/inst_fifo_gen/gconvfifo.rf/grf.rf/rstblk/clk
    SLICE_X29Y14         FDRE                                         r  top_i/axi_interconnect_0/s00_couplers/auto_ds/inst/gen_downsizer.gen_simple_downsizer.axi_downsizer_inst/USE_WRITE.write_addr_inst/USE_B_CHANNEL.cmd_b_queue/inst/fifo_gen_inst/inst_fifo_gen/gconvfifo.rf/grf.rf/rstblk/ngwrdrst.grst.g7serrst.gnsckt_wrst.gcc_rst.sckt_wr_rst_cc_reg[0]/C
  -------------------------------------------------------------------    -------------------
    SLICE_X29Y14         FDRE (Prop_EFF_SLICEL_C_Q)
                                                      0.039     1.369 f  top_i/axi_interconnect_0/s00_couplers/auto_ds/inst/gen_downsizer.gen_simple_downsizer.axi_downsizer_inst/USE_WRITE.write_addr_inst/USE_B_CHANNEL.cmd_b_queue/inst/fifo_gen_inst/inst_fifo_gen/gconvfifo.rf/grf.rf/rstblk/ngwrdrst.grst.g7serrst.gnsckt_wrst.gcc_rst.sckt_wr_rst_cc_reg[0]/Q
                         net (fo=3, routed)           0.026     1.394    top_i/axi_interconnect_0/s00_couplers/auto_ds/inst/gen_downsizer.gen_simple_downsizer.axi_downsizer_inst/USE_WRITE.write_addr_inst/USE_B_CHANNEL.cmd_b_queue/inst/fifo_gen_inst/inst_fifo_gen/gconvfifo.rf/grf.rf/rstblk/ngwrdrst.grst.g7serrst.gnsckt_wrst.gcc_rst.sckt_wr_rst_cc[0]
    SLICE_X29Y14         LUT3 (Prop_F6LUT_SLICEL_I1_O)
                                                      0.022     1.416 f  top_i/axi_interconnect_0/s00_couplers/auto_ds/inst/gen_downsizer.gen_simple_downsizer.axi_downsizer_inst/USE_WRITE.write_addr_inst/USE_B_CHANNEL.cmd_b_queue/inst/fifo_gen_inst/inst_fifo_gen/gconvfifo.rf/grf.rf/rstblk/gpregsm1.curr_fwft_state[1]_i_2/O
                         net (fo=32, routed)          0.105     1.522    top_i/axi_interconnect_0/s00_couplers/auto_ds/inst/gen_downsizer.gen_simple_downsizer.axi_downsizer_inst/USE_WRITE.write_addr_inst/USE_B_CHANNEL.cmd_b_queue/inst/fifo_gen_inst/inst_fifo_gen/gconvfifo.rf/grf.rf/gntv_or_sync_fifo.gl0.wr/wpntr/AR[0]
    SLICE_X28Y12         FDCE                                         f  top_i/axi_interconnect_0/s00_couplers/auto_ds/inst/gen_downsizer.gen_simple_downsizer.axi_downsizer_inst/USE_WRITE.write_addr_inst/USE_B_CHANNEL.cmd_b_queue/inst/fifo_gen_inst/inst_fifo_gen/gconvfifo.rf/grf.rf/gntv_or_sync_fifo.gl0.wr/wpntr/gcc0.gc0.count_d1_reg[0]/CLR
  -------------------------------------------------------------------    -------------------

                         (clock clk_pl_0 rise edge)
                                                      0.000     0.000 r  
    PS8_X0Y0             PS8                          0.000     0.000 r  top_i/zynq_ps/inst/PS8_i/PLCLK[0]
                         net (fo=1, routed)           0.129     0.129    top_i/zynq_ps/inst/pl_clk_unbuffered[0]
    BUFG_PS_X0Y58        BUFG_PS (Prop_BUFG_PS_I_O)
                                                      0.018     0.147 r  top_i/zynq_ps/inst/buffer_pl_clk_0.PL_CLK_0_BUFG/O
    X2Y3 (CLOCK_ROOT)    net (fo=89829, routed)       1.364     1.511    top_i/axi_interconnect_0/s00_couplers/auto_ds/inst/gen_downsizer.gen_simple_downsizer.axi_downsizer_inst/USE_WRITE.write_addr_inst/USE_B_CHANNEL.cmd_b_queue/inst/fifo_gen_inst/inst_fifo_gen/gconvfifo.rf/grf.rf/gntv_or_sync_fifo.gl0.wr/wpntr/clk
    SLICE_X28Y12         FDCE                                         r  top_i/axi_interconnect_0/s00_couplers/auto_ds/inst/gen_downsizer.gen_simple_downsizer.axi_downsizer_inst/USE_WRITE.write_addr_inst/USE_B_CHANNEL.cmd_b_queue/inst/fifo_gen_inst/inst_fifo_gen/gconvfifo.rf/grf.rf/gntv_or_sync_fifo.gl0.wr/wpntr/gcc0.gc0.count_d1_reg[0]/C
                         clock pessimism             -0.162     1.350    
    SLICE_X28Y12         FDCE (Remov_EFF_SLICEM_C_CLR)
                                                     -0.020     1.330    top_i/axi_interconnect_0/s00_couplers/auto_ds/inst/gen_downsizer.gen_simple_downsizer.axi_downsizer_inst/USE_WRITE.write_addr_inst/USE_B_CHANNEL.cmd_b_queue/inst/fifo_gen_inst/inst_fifo_gen/gconvfifo.rf/grf.rf/gntv_or_sync_fifo.gl0.wr/wpntr/gcc0.gc0.count_d1_reg[0]
  -------------------------------------------------------------------
                         required time                         -1.330    
                         arrival time                           1.522    
  -------------------------------------------------------------------
                         slack                                  0.192    

Slack (MET) :             0.192ns  (arrival time - required time)
  Source:                 top_i/axi_interconnect_0/s00_couplers/auto_ds/inst/gen_downsizer.gen_simple_downsizer.axi_downsizer_inst/USE_WRITE.write_addr_inst/USE_B_CHANNEL.cmd_b_queue/inst/fifo_gen_inst/inst_fifo_gen/gconvfifo.rf/grf.rf/rstblk/ngwrdrst.grst.g7serrst.gnsckt_wrst.gcc_rst.sckt_wr_rst_cc_reg[0]/C
                            (rising edge-triggered cell FDRE clocked by clk_pl_0  {rise@0.000ns fall@5.000ns period=10.000ns})
  Destination:            top_i/axi_interconnect_0/s00_couplers/auto_ds/inst/gen_downsizer.gen_simple_downsizer.axi_downsizer_inst/USE_WRITE.write_addr_inst/USE_B_CHANNEL.cmd_b_queue/inst/fifo_gen_inst/inst_fifo_gen/gconvfifo.rf/grf.rf/gntv_or_sync_fifo.gl0.wr/wpntr/gcc0.gc0.count_d1_reg[1]/CLR
                            (removal check against rising-edge clock clk_pl_0  {rise@0.000ns fall@5.000ns period=10.000ns})
  Path Group:             **async_default**
  Path Type:              Removal (Min at Fast Process Corner)
  Requirement:            0.000ns  (clk_pl_0 rise@0.000ns - clk_pl_0 rise@0.000ns)
  Data Path Delay:        0.192ns  (logic 0.061ns (31.761%)  route 0.131ns (68.239%))
  Logic Levels:           1  (LUT3=1)
  Clock Path Skew:        0.020ns (DCD - SCD - CPR)
    Destination Clock Delay (DCD):    1.511ns
    Source Clock Delay      (SCD):    1.330ns
    Clock Pessimism Removal (CPR):    0.162ns
  Clock Net Delay (Source):      1.210ns (routing 0.366ns, distribution 0.844ns)
  Clock Net Delay (Destination): 1.364ns (routing 0.411ns, distribution 0.953ns)

    Location             Delay type                Incr(ns)  Path(ns)    Netlist Resource(s)
  -------------------------------------------------------------------    -------------------
                         (clock clk_pl_0 rise edge)
                                                      0.000     0.000 r  
    PS8_X0Y0             PS8                          0.000     0.000 r  top_i/zynq_ps/inst/PS8_i/PLCLK[0]
                         net (fo=1, routed)           0.103     0.103    top_i/zynq_ps/inst/pl_clk_unbuffered[0]
    BUFG_PS_X0Y58        BUFG_PS (Prop_BUFG_PS_I_O)
                                                      0.017     0.120 r  top_i/zynq_ps/inst/buffer_pl_clk_0.PL_CLK_0_BUFG/O
    X2Y3 (CLOCK_ROOT)    net (fo=89829, routed)       1.210     1.330    top_i/axi_interconnect_0/s00_couplers/auto_ds/inst/gen_downsizer.gen_simple_downsizer.axi_downsizer_inst/USE_WRITE.write_addr_inst/USE_B_CHANNEL.cmd_b_queue/inst/fifo_gen_inst/inst_fifo_gen/gconvfifo.rf/grf.rf/rstblk/clk
    SLICE_X29Y14         FDRE                                         r  top_i/axi_interconnect_0/s00_couplers/auto_ds/inst/gen_downsizer.gen_simple_downsizer.axi_downsizer_inst/USE_WRITE.write_addr_inst/USE_B_CHANNEL.cmd_b_queue/inst/fifo_gen_inst/inst_fifo_gen/gconvfifo.rf/grf.rf/rstblk/ngwrdrst.grst.g7serrst.gnsckt_wrst.gcc_rst.sckt_wr_rst_cc_reg[0]/C
  -------------------------------------------------------------------    -------------------
    SLICE_X29Y14         FDRE (Prop_EFF_SLICEL_C_Q)
                                                      0.039     1.369 f  top_i/axi_interconnect_0/s00_couplers/auto_ds/inst/gen_downsizer.gen_simple_downsizer.axi_downsizer_inst/USE_WRITE.write_addr_inst/USE_B_CHANNEL.cmd_b_queue/inst/fifo_gen_inst/inst_fifo_gen/gconvfifo.rf/grf.rf/rstblk/ngwrdrst.grst.g7serrst.gnsckt_wrst.gcc_rst.sckt_wr_rst_cc_reg[0]/Q
                         net (fo=3, routed)           0.026     1.394    top_i/axi_interconnect_0/s00_couplers/auto_ds/inst/gen_downsizer.gen_simple_downsizer.axi_downsizer_inst/USE_WRITE.write_addr_inst/USE_B_CHANNEL.cmd_b_queue/inst/fifo_gen_inst/inst_fifo_gen/gconvfifo.rf/grf.rf/rstblk/ngwrdrst.grst.g7serrst.gnsckt_wrst.gcc_rst.sckt_wr_rst_cc[0]
    SLICE_X29Y14         LUT3 (Prop_F6LUT_SLICEL_I1_O)
                                                      0.022     1.416 f  top_i/axi_interconnect_0/s00_couplers/auto_ds/inst/gen_downsizer.gen_simple_downsizer.axi_downsizer_inst/USE_WRITE.write_addr_inst/USE_B_CHANNEL.cmd_b_queue/inst/fifo_gen_inst/inst_fifo_gen/gconvfifo.rf/grf.rf/rstblk/gpregsm1.curr_fwft_state[1]_i_2/O
                         net (fo=32, routed)          0.105     1.522    top_i/axi_interconnect_0/s00_couplers/auto_ds/inst/gen_downsizer.gen_simple_downsizer.axi_downsizer_inst/USE_WRITE.write_addr_inst/USE_B_CHANNEL.cmd_b_queue/inst/fifo_gen_inst/inst_fifo_gen/gconvfifo.rf/grf.rf/gntv_or_sync_fifo.gl0.wr/wpntr/AR[0]
    SLICE_X28Y12         FDCE                                         f  top_i/axi_interconnect_0/s00_couplers/auto_ds/inst/gen_downsizer.gen_simple_downsizer.axi_downsizer_inst/USE_WRITE.write_addr_inst/USE_B_CHANNEL.cmd_b_queue/inst/fifo_gen_inst/inst_fifo_gen/gconvfifo.rf/grf.rf/gntv_or_sync_fifo.gl0.wr/wpntr/gcc0.gc0.count_d1_reg[1]/CLR
  -------------------------------------------------------------------    -------------------

                         (clock clk_pl_0 rise edge)
                                                      0.000     0.000 r  
    PS8_X0Y0             PS8                          0.000     0.000 r  top_i/zynq_ps/inst/PS8_i/PLCLK[0]
                         net (fo=1, routed)           0.129     0.129    top_i/zynq_ps/inst/pl_clk_unbuffered[0]
    BUFG_PS_X0Y58        BUFG_PS (Prop_BUFG_PS_I_O)
                                                      0.018     0.147 r  top_i/zynq_ps/inst/buffer_pl_clk_0.PL_CLK_0_BUFG/O
    X2Y3 (CLOCK_ROOT)    net (fo=89829, routed)       1.364     1.511    top_i/axi_interconnect_0/s00_couplers/auto_ds/inst/gen_downsizer.gen_simple_downsizer.axi_downsizer_inst/USE_WRITE.write_addr_inst/USE_B_CHANNEL.cmd_b_queue/inst/fifo_gen_inst/inst_fifo_gen/gconvfifo.rf/grf.rf/gntv_or_sync_fifo.gl0.wr/wpntr/clk
    SLICE_X28Y12         FDCE                                         r  top_i/axi_interconnect_0/s00_couplers/auto_ds/inst/gen_downsizer.gen_simple_downsizer.axi_downsizer_inst/USE_WRITE.write_addr_inst/USE_B_CHANNEL.cmd_b_queue/inst/fifo_gen_inst/inst_fifo_gen/gconvfifo.rf/grf.rf/gntv_or_sync_fifo.gl0.wr/wpntr/gcc0.gc0.count_d1_reg[1]/C
                         clock pessimism             -0.162     1.350    
    SLICE_X28Y12         FDCE (Remov_EFF2_SLICEM_C_CLR)
                                                     -0.020     1.330    top_i/axi_interconnect_0/s00_couplers/auto_ds/inst/gen_downsizer.gen_simple_downsizer.axi_downsizer_inst/USE_WRITE.write_addr_inst/USE_B_CHANNEL.cmd_b_queue/inst/fifo_gen_inst/inst_fifo_gen/gconvfifo.rf/grf.rf/gntv_or_sync_fifo.gl0.wr/wpntr/gcc0.gc0.count_d1_reg[1]
  -------------------------------------------------------------------
                         required time                         -1.330    
                         arrival time                           1.522    
  -------------------------------------------------------------------
                         slack                                  0.192    

Slack (MET) :             0.192ns  (arrival time - required time)
  Source:                 top_i/axi_interconnect_0/s00_couplers/auto_ds/inst/gen_downsizer.gen_simple_downsizer.axi_downsizer_inst/USE_WRITE.write_addr_inst/USE_B_CHANNEL.cmd_b_queue/inst/fifo_gen_inst/inst_fifo_gen/gconvfifo.rf/grf.rf/rstblk/ngwrdrst.grst.g7serrst.gnsckt_wrst.gcc_rst.sckt_wr_rst_cc_reg[0]/C
                            (rising edge-triggered cell FDRE clocked by clk_pl_0  {rise@0.000ns fall@5.000ns period=10.000ns})
  Destination:            top_i/axi_interconnect_0/s00_couplers/auto_ds/inst/gen_downsizer.gen_simple_downsizer.axi_downsizer_inst/USE_WRITE.write_addr_inst/USE_B_CHANNEL.cmd_b_queue/inst/fifo_gen_inst/inst_fifo_gen/gconvfifo.rf/grf.rf/gntv_or_sync_fifo.gl0.wr/wpntr/gcc0.gc0.count_d1_reg[2]/CLR
                            (removal check against rising-edge clock clk_pl_0  {rise@0.000ns fall@5.000ns period=10.000ns})
  Path Group:             **async_default**
  Path Type:              Removal (Min at Fast Process Corner)
  Requirement:            0.000ns  (clk_pl_0 rise@0.000ns - clk_pl_0 rise@0.000ns)
  Data Path Delay:        0.192ns  (logic 0.061ns (31.761%)  route 0.131ns (68.239%))
  Logic Levels:           1  (LUT3=1)
  Clock Path Skew:        0.020ns (DCD - SCD - CPR)
    Destination Clock Delay (DCD):    1.511ns
    Source Clock Delay      (SCD):    1.330ns
    Clock Pessimism Removal (CPR):    0.162ns
  Clock Net Delay (Source):      1.210ns (routing 0.366ns, distribution 0.844ns)
  Clock Net Delay (Destination): 1.364ns (routing 0.411ns, distribution 0.953ns)

    Location             Delay type                Incr(ns)  Path(ns)    Netlist Resource(s)
  -------------------------------------------------------------------    -------------------
                         (clock clk_pl_0 rise edge)
                                                      0.000     0.000 r  
    PS8_X0Y0             PS8                          0.000     0.000 r  top_i/zynq_ps/inst/PS8_i/PLCLK[0]
                         net (fo=1, routed)           0.103     0.103    top_i/zynq_ps/inst/pl_clk_unbuffered[0]
    BUFG_PS_X0Y58        BUFG_PS (Prop_BUFG_PS_I_O)
                                                      0.017     0.120 r  top_i/zynq_ps/inst/buffer_pl_clk_0.PL_CLK_0_BUFG/O
    X2Y3 (CLOCK_ROOT)    net (fo=89829, routed)       1.210     1.330    top_i/axi_interconnect_0/s00_couplers/auto_ds/inst/gen_downsizer.gen_simple_downsizer.axi_downsizer_inst/USE_WRITE.write_addr_inst/USE_B_CHANNEL.cmd_b_queue/inst/fifo_gen_inst/inst_fifo_gen/gconvfifo.rf/grf.rf/rstblk/clk
    SLICE_X29Y14         FDRE                                         r  top_i/axi_interconnect_0/s00_couplers/auto_ds/inst/gen_downsizer.gen_simple_downsizer.axi_downsizer_inst/USE_WRITE.write_addr_inst/USE_B_CHANNEL.cmd_b_queue/inst/fifo_gen_inst/inst_fifo_gen/gconvfifo.rf/grf.rf/rstblk/ngwrdrst.grst.g7serrst.gnsckt_wrst.gcc_rst.sckt_wr_rst_cc_reg[0]/C
  -------------------------------------------------------------------    -------------------
    SLICE_X29Y14         FDRE (Prop_EFF_SLICEL_C_Q)
                                                      0.039     1.369 f  top_i/axi_interconnect_0/s00_couplers/auto_ds/inst/gen_downsizer.gen_simple_downsizer.axi_downsizer_inst/USE_WRITE.write_addr_inst/USE_B_CHANNEL.cmd_b_queue/inst/fifo_gen_inst/inst_fifo_gen/gconvfifo.rf/grf.rf/rstblk/ngwrdrst.grst.g7serrst.gnsckt_wrst.gcc_rst.sckt_wr_rst_cc_reg[0]/Q
                         net (fo=3, routed)           0.026     1.394    top_i/axi_interconnect_0/s00_couplers/auto_ds/inst/gen_downsizer.gen_simple_downsizer.axi_downsizer_inst/USE_WRITE.write_addr_inst/USE_B_CHANNEL.cmd_b_queue/inst/fifo_gen_inst/inst_fifo_gen/gconvfifo.rf/grf.rf/rstblk/ngwrdrst.grst.g7serrst.gnsckt_wrst.gcc_rst.sckt_wr_rst_cc[0]
    SLICE_X29Y14         LUT3 (Prop_F6LUT_SLICEL_I1_O)
                                                      0.022     1.416 f  top_i/axi_interconnect_0/s00_couplers/auto_ds/inst/gen_downsizer.gen_simple_downsizer.axi_downsizer_inst/USE_WRITE.write_addr_inst/USE_B_CHANNEL.cmd_b_queue/inst/fifo_gen_inst/inst_fifo_gen/gconvfifo.rf/grf.rf/rstblk/gpregsm1.curr_fwft_state[1]_i_2/O
                         net (fo=32, routed)          0.105     1.522    top_i/axi_interconnect_0/s00_couplers/auto_ds/inst/gen_downsizer.gen_simple_downsizer.axi_downsizer_inst/USE_WRITE.write_addr_inst/USE_B_CHANNEL.cmd_b_queue/inst/fifo_gen_inst/inst_fifo_gen/gconvfifo.rf/grf.rf/gntv_or_sync_fifo.gl0.wr/wpntr/AR[0]
    SLICE_X28Y12         FDCE                                         f  top_i/axi_interconnect_0/s00_couplers/auto_ds/inst/gen_downsizer.gen_simple_downsizer.axi_downsizer_inst/USE_WRITE.write_addr_inst/USE_B_CHANNEL.cmd_b_queue/inst/fifo_gen_inst/inst_fifo_gen/gconvfifo.rf/grf.rf/gntv_or_sync_fifo.gl0.wr/wpntr/gcc0.gc0.count_d1_reg[2]/CLR
  -------------------------------------------------------------------    -------------------

                         (clock clk_pl_0 rise edge)
                                                      0.000     0.000 r  
    PS8_X0Y0             PS8                          0.000     0.000 r  top_i/zynq_ps/inst/PS8_i/PLCLK[0]
                         net (fo=1, routed)           0.129     0.129    top_i/zynq_ps/inst/pl_clk_unbuffered[0]
    BUFG_PS_X0Y58        BUFG_PS (Prop_BUFG_PS_I_O)
                                                      0.018     0.147 r  top_i/zynq_ps/inst/buffer_pl_clk_0.PL_CLK_0_BUFG/O
    X2Y3 (CLOCK_ROOT)    net (fo=89829, routed)       1.364     1.511    top_i/axi_interconnect_0/s00_couplers/auto_ds/inst/gen_downsizer.gen_simple_downsizer.axi_downsizer_inst/USE_WRITE.write_addr_inst/USE_B_CHANNEL.cmd_b_queue/inst/fifo_gen_inst/inst_fifo_gen/gconvfifo.rf/grf.rf/gntv_or_sync_fifo.gl0.wr/wpntr/clk
    SLICE_X28Y12         FDCE                                         r  top_i/axi_interconnect_0/s00_couplers/auto_ds/inst/gen_downsizer.gen_simple_downsizer.axi_downsizer_inst/USE_WRITE.write_addr_inst/USE_B_CHANNEL.cmd_b_queue/inst/fifo_gen_inst/inst_fifo_gen/gconvfifo.rf/grf.rf/gntv_or_sync_fifo.gl0.wr/wpntr/gcc0.gc0.count_d1_reg[2]/C
                         clock pessimism             -0.162     1.350    
    SLICE_X28Y12         FDCE (Remov_FFF_SLICEM_C_CLR)
                                                     -0.020     1.330    top_i/axi_interconnect_0/s00_couplers/auto_ds/inst/gen_downsizer.gen_simple_downsizer.axi_downsizer_inst/USE_WRITE.write_addr_inst/USE_B_CHANNEL.cmd_b_queue/inst/fifo_gen_inst/inst_fifo_gen/gconvfifo.rf/grf.rf/gntv_or_sync_fifo.gl0.wr/wpntr/gcc0.gc0.count_d1_reg[2]
  -------------------------------------------------------------------
                         required time                         -1.330    
                         arrival time                           1.522    
  -------------------------------------------------------------------
                         slack                                  0.192    





--------------------------------------------------------------------------------------
Path Group:  (none)
From Clock:  
  To Clock:  clk_pl_0

Max Delay             1 Endpoint
Min Delay             1 Endpoint
--------------------------------------------------------------------------------------


Max Delay Paths
--------------------------------------------------------------------------------------
Slack:                    inf
  Source:                 top_i/zynq_ps/inst/PS8_i/EMIOGPIOO[95]
                            (internal pin)
  Destination:            top_i/rst_zynq_ps_99M/U0/EXT_LPF/ACTIVE_LOW_EXT.ACT_LO_EXT/GENERATE_LEVEL_P_S_CDC.SINGLE_BIT.CROSS_PLEVEL_IN2SCNDRY_IN_cdc_to/D
                            (rising edge-triggered cell FDRE clocked by clk_pl_0  {rise@0.000ns fall@5.000ns period=10.000ns})
  Path Group:             (none)
  Path Type:              Setup (Max at Slow Process Corner)
  Data Path Delay:        1.658ns  (logic 0.150ns (9.047%)  route 1.508ns (90.953%))
  Logic Levels:           1  (LUT1=1)
  Clock Uncertainty:      0.127ns  ((TSJ^2 + DJ^2)^1/2) / 2 + PE
    Total System Jitter     (TSJ):    0.050ns
    Discrete Jitter          (DJ):    0.250ns
    Phase Error              (PE):    0.000ns
  Clock Net Delay (Destination): 1.940ns (routing 0.611ns, distribution 1.329ns)
  Timing Exception:       False Path

    Location             Delay type                Incr(ns)  Path(ns)    Netlist Resource(s)
  -------------------------------------------------------------------    -------------------
    PS8_X0Y0             PS8                          0.000     0.000 f  top_i/zynq_ps/inst/PS8_i/EMIOGPIOO[95]
                         net (fo=1, routed)           1.352     1.352    top_i/rst_zynq_ps_99M/U0/EXT_LPF/ACTIVE_LOW_EXT.ACT_LO_EXT/ext_reset_in
    SLICE_X32Y56         LUT1 (Prop_H6LUT_SLICEL_I0_O)
                                                      0.150     1.502 r  top_i/rst_zynq_ps_99M/U0/EXT_LPF/ACTIVE_LOW_EXT.ACT_LO_EXT/GENERATE_LEVEL_P_S_CDC.SINGLE_BIT.CROSS_PLEVEL_IN2SCNDRY_IN_cdc_to_i_1/O
                         net (fo=1, routed)           0.156     1.658    top_i/rst_zynq_ps_99M/U0/EXT_LPF/ACTIVE_LOW_EXT.ACT_LO_EXT/exr_d1
    SLICE_X32Y54         FDRE                                         r  top_i/rst_zynq_ps_99M/U0/EXT_LPF/ACTIVE_LOW_EXT.ACT_LO_EXT/GENERATE_LEVEL_P_S_CDC.SINGLE_BIT.CROSS_PLEVEL_IN2SCNDRY_IN_cdc_to/D
  -------------------------------------------------------------------    -------------------

                         (clock clk_pl_0 rise edge)
                                                      0.000     0.000 r  
    PS8_X0Y0             PS8                          0.000     0.000 r  top_i/zynq_ps/inst/PS8_i/PLCLK[0]
                         net (fo=1, routed)           0.157     0.157    top_i/zynq_ps/inst/pl_clk_unbuffered[0]
    BUFG_PS_X0Y58        BUFG_PS (Prop_BUFG_PS_I_O)
                                                      0.025     0.182 r  top_i/zynq_ps/inst/buffer_pl_clk_0.PL_CLK_0_BUFG/O
    X2Y3 (CLOCK_ROOT)    net (fo=89829, routed)       1.940     2.122    top_i/rst_zynq_ps_99M/U0/EXT_LPF/ACTIVE_LOW_EXT.ACT_LO_EXT/slowest_sync_clk
    SLICE_X32Y54         FDRE                                         r  top_i/rst_zynq_ps_99M/U0/EXT_LPF/ACTIVE_LOW_EXT.ACT_LO_EXT/GENERATE_LEVEL_P_S_CDC.SINGLE_BIT.CROSS_PLEVEL_IN2SCNDRY_IN_cdc_to/C





Min Delay Paths
--------------------------------------------------------------------------------------
Slack:                    inf
  Source:                 top_i/zynq_ps/inst/PS8_i/EMIOGPIOO[95]
                            (internal pin)
  Destination:            top_i/rst_zynq_ps_99M/U0/EXT_LPF/ACTIVE_LOW_EXT.ACT_LO_EXT/GENERATE_LEVEL_P_S_CDC.SINGLE_BIT.CROSS_PLEVEL_IN2SCNDRY_IN_cdc_to/D
                            (rising edge-triggered cell FDRE clocked by clk_pl_0  {rise@0.000ns fall@5.000ns period=10.000ns})
  Path Group:             (none)
  Path Type:              Hold (Min at Fast Process Corner)
  Data Path Delay:        0.824ns  (logic 0.060ns (7.282%)  route 0.764ns (92.718%))
  Logic Levels:           1  (LUT1=1)
  Clock Uncertainty:      0.127ns  ((TSJ^2 + DJ^2)^1/2) / 2 + PE
    Total System Jitter     (TSJ):    0.050ns
    Discrete Jitter          (DJ):    0.250ns
    Phase Error              (PE):    0.000ns
  Clock Net Delay (Destination): 1.363ns (routing 0.411ns, distribution 0.952ns)
  Timing Exception:       False Path

    Location             Delay type                Incr(ns)  Path(ns)    Netlist Resource(s)
  -------------------------------------------------------------------    -------------------
    PS8_X0Y0             PS8                          0.000     0.000 f  top_i/zynq_ps/inst/PS8_i/EMIOGPIOO[95]
                         net (fo=1, routed)           0.704     0.704    top_i/rst_zynq_ps_99M/U0/EXT_LPF/ACTIVE_LOW_EXT.ACT_LO_EXT/ext_reset_in
    SLICE_X32Y56         LUT1 (Prop_H6LUT_SLICEL_I0_O)
                                                      0.060     0.764 r  top_i/rst_zynq_ps_99M/U0/EXT_LPF/ACTIVE_LOW_EXT.ACT_LO_EXT/GENERATE_LEVEL_P_S_CDC.SINGLE_BIT.CROSS_PLEVEL_IN2SCNDRY_IN_cdc_to_i_1/O
                         net (fo=1, routed)           0.060     0.824    top_i/rst_zynq_ps_99M/U0/EXT_LPF/ACTIVE_LOW_EXT.ACT_LO_EXT/exr_d1
    SLICE_X32Y54         FDRE                                         r  top_i/rst_zynq_ps_99M/U0/EXT_LPF/ACTIVE_LOW_EXT.ACT_LO_EXT/GENERATE_LEVEL_P_S_CDC.SINGLE_BIT.CROSS_PLEVEL_IN2SCNDRY_IN_cdc_to/D
  -------------------------------------------------------------------    -------------------

                         (clock clk_pl_0 rise edge)
                                                      0.000     0.000 r  
    PS8_X0Y0             PS8                          0.000     0.000 r  top_i/zynq_ps/inst/PS8_i/PLCLK[0]
                         net (fo=1, routed)           0.129     0.129    top_i/zynq_ps/inst/pl_clk_unbuffered[0]
    BUFG_PS_X0Y58        BUFG_PS (Prop_BUFG_PS_I_O)
                                                      0.018     0.147 r  top_i/zynq_ps/inst/buffer_pl_clk_0.PL_CLK_0_BUFG/O
    X2Y3 (CLOCK_ROOT)    net (fo=89829, routed)       1.363     1.510    top_i/rst_zynq_ps_99M/U0/EXT_LPF/ACTIVE_LOW_EXT.ACT_LO_EXT/slowest_sync_clk
    SLICE_X32Y54         FDRE                                         r  top_i/rst_zynq_ps_99M/U0/EXT_LPF/ACTIVE_LOW_EXT.ACT_LO_EXT/GENERATE_LEVEL_P_S_CDC.SINGLE_BIT.CROSS_PLEVEL_IN2SCNDRY_IN_cdc_to/C





--------------------------------------------------------------------------------------
Path Group:  (none)
From Clock:  clk_pl_0
  To Clock:  clk_pl_0

Max Delay             7 Endpoints
Min Delay             7 Endpoints
--------------------------------------------------------------------------------------


Max Delay Paths
--------------------------------------------------------------------------------------
Slack:                    inf
  Source:                 top_i/rst_zynq_ps_99M/U0/ACTIVE_LOW_PR_OUT_DFF[0].FDRE_PER_N/C
                            (rising edge-triggered cell FDRE clocked by clk_pl_0  {rise@0.000ns fall@5.000ns period=10.000ns})
  Destination:            top_i/axi_interconnect_0/s00_couplers/auto_ds/inst/gen_downsizer.gen_simple_downsizer.axi_downsizer_inst/USE_READ.read_addr_inst/cmd_queue/inst/fifo_gen_inst/inst_fifo_gen/gconvfifo.rf/grf.rf/rstblk/ngwrdrst.grst.g7serrst.gnsckt_wrst.rst_wr_reg2_inst/arststages_ff_reg[0]/PRE
                            (recovery check against rising-edge clock clk_pl_0  {rise@0.000ns fall@5.000ns period=10.000ns})
  Path Group:             (none)
  Path Type:              Recovery (Max at Slow Process Corner)
  Data Path Delay:        3.446ns  (logic 0.107ns (3.105%)  route 3.339ns (96.895%))
  Logic Levels:           1  (BUFGCE=1)
  Clock Path Skew:        -0.201ns (DCD - SCD + CPR)
    Destination Clock Delay (DCD):    2.130ns
    Source Clock Delay      (SCD):    2.331ns
    Clock Pessimism Removal (CPR):    0.000ns
  Clock Uncertainty:      0.130ns  ((TSJ^2 + DJ^2)^1/2) / 2 + PE
    Total System Jitter     (TSJ):    0.071ns
    Discrete Jitter          (DJ):    0.250ns
    Phase Error              (PE):    0.000ns
  Clock Net Delay (Source):      2.105ns (routing 0.676ns, distribution 1.429ns)
  Clock Net Delay (Destination): 1.948ns (routing 0.611ns, distribution 1.337ns)
  Timing Exception:       False Path

    Location             Delay type                Incr(ns)  Path(ns)    Netlist Resource(s)
  -------------------------------------------------------------------    -------------------
                         (clock clk_pl_0 rise edge)
                                                      0.000     0.000 r  
    PS8_X0Y0             PS8                          0.000     0.000 r  top_i/zynq_ps/inst/PS8_i/PLCLK[0]
                         net (fo=1, routed)           0.198     0.198    top_i/zynq_ps/inst/pl_clk_unbuffered[0]
    BUFG_PS_X0Y58        BUFG_PS (Prop_BUFG_PS_I_O)
                                                      0.028     0.226 r  top_i/zynq_ps/inst/buffer_pl_clk_0.PL_CLK_0_BUFG/O
    X2Y3 (CLOCK_ROOT)    net (fo=89829, routed)       2.105     2.331    top_i/rst_zynq_ps_99M/U0/slowest_sync_clk
    SLICE_X38Y45         FDRE                                         r  top_i/rst_zynq_ps_99M/U0/ACTIVE_LOW_PR_OUT_DFF[0].FDRE_PER_N/C
  -------------------------------------------------------------------    -------------------
    SLICE_X38Y45         FDRE (Prop_EFF_SLICEL_C_Q)
                                                      0.079     2.410 r  top_i/rst_zynq_ps_99M/U0/ACTIVE_LOW_PR_OUT_DFF[0].FDRE_PER_N/Q
                         net (fo=1, routed)           1.834     4.244    top_i/rst_zynq_ps_99M/U0/peripheral_aresetn[0]_bufg_place
    BUFGCE_X0Y44         BUFGCE (Prop_BUFCE_BUFGCE_I_O)
                                                      0.028     4.272 r  top_i/rst_zynq_ps_99M/U0/ACTIVE_LOW_PR_OUT_DFF[0].FDRE_PER_N_bufg_place/O
                         net (fo=26847, routed)       1.505     5.777    top_i/axi_interconnect_0/s00_couplers/auto_ds/inst/gen_downsizer.gen_simple_downsizer.axi_downsizer_inst/USE_READ.read_addr_inst/cmd_queue/inst/fifo_gen_inst/inst_fifo_gen/gconvfifo.rf/grf.rf/rstblk/ngwrdrst.grst.g7serrst.gnsckt_wrst.rst_wr_reg2_inst/src_arst
    SLICE_X25Y56         FDPE                                         f  top_i/axi_interconnect_0/s00_couplers/auto_ds/inst/gen_downsizer.gen_simple_downsizer.axi_downsizer_inst/USE_READ.read_addr_inst/cmd_queue/inst/fifo_gen_inst/inst_fifo_gen/gconvfifo.rf/grf.rf/rstblk/ngwrdrst.grst.g7serrst.gnsckt_wrst.rst_wr_reg2_inst/arststages_ff_reg[0]/PRE  (IS_INVERTED)
  -------------------------------------------------------------------    -------------------

                         (clock clk_pl_0 rise edge)
                                                      0.000     0.000 r  
    PS8_X0Y0             PS8                          0.000     0.000 r  top_i/zynq_ps/inst/PS8_i/PLCLK[0]
                         net (fo=1, routed)           0.157     0.157    top_i/zynq_ps/inst/pl_clk_unbuffered[0]
    BUFG_PS_X0Y58        BUFG_PS (Prop_BUFG_PS_I_O)
                                                      0.025     0.182 r  top_i/zynq_ps/inst/buffer_pl_clk_0.PL_CLK_0_BUFG/O
    X2Y3 (CLOCK_ROOT)    net (fo=89829, routed)       1.948     2.130    top_i/axi_interconnect_0/s00_couplers/auto_ds/inst/gen_downsizer.gen_simple_downsizer.axi_downsizer_inst/USE_READ.read_addr_inst/cmd_queue/inst/fifo_gen_inst/inst_fifo_gen/gconvfifo.rf/grf.rf/rstblk/ngwrdrst.grst.g7serrst.gnsckt_wrst.rst_wr_reg2_inst/dest_clk
    SLICE_X25Y56         FDPE                                         r  top_i/axi_interconnect_0/s00_couplers/auto_ds/inst/gen_downsizer.gen_simple_downsizer.axi_downsizer_inst/USE_READ.read_addr_inst/cmd_queue/inst/fifo_gen_inst/inst_fifo_gen/gconvfifo.rf/grf.rf/rstblk/ngwrdrst.grst.g7serrst.gnsckt_wrst.rst_wr_reg2_inst/arststages_ff_reg[0]/C

Slack:                    inf
  Source:                 top_i/rst_zynq_ps_99M/U0/ACTIVE_LOW_PR_OUT_DFF[0].FDRE_PER_N/C
                            (rising edge-triggered cell FDRE clocked by clk_pl_0  {rise@0.000ns fall@5.000ns period=10.000ns})
  Destination:            top_i/axi_interconnect_0/s00_couplers/auto_ds/inst/gen_downsizer.gen_simple_downsizer.axi_downsizer_inst/USE_READ.read_addr_inst/cmd_queue/inst/fifo_gen_inst/inst_fifo_gen/gconvfifo.rf/grf.rf/rstblk/ngwrdrst.grst.g7serrst.gnsckt_wrst.rst_wr_reg2_inst/arststages_ff_reg[1]/PRE
                            (recovery check against rising-edge clock clk_pl_0  {rise@0.000ns fall@5.000ns period=10.000ns})
  Path Group:             (none)
  Path Type:              Recovery (Max at Slow Process Corner)
  Data Path Delay:        3.446ns  (logic 0.107ns (3.105%)  route 3.339ns (96.895%))
  Logic Levels:           1  (BUFGCE=1)
  Clock Path Skew:        -0.201ns (DCD - SCD + CPR)
    Destination Clock Delay (DCD):    2.130ns
    Source Clock Delay      (SCD):    2.331ns
    Clock Pessimism Removal (CPR):    0.000ns
  Clock Uncertainty:      0.130ns  ((TSJ^2 + DJ^2)^1/2) / 2 + PE
    Total System Jitter     (TSJ):    0.071ns
    Discrete Jitter          (DJ):    0.250ns
    Phase Error              (PE):    0.000ns
  Clock Net Delay (Source):      2.105ns (routing 0.676ns, distribution 1.429ns)
  Clock Net Delay (Destination): 1.948ns (routing 0.611ns, distribution 1.337ns)
  Timing Exception:       False Path

    Location             Delay type                Incr(ns)  Path(ns)    Netlist Resource(s)
  -------------------------------------------------------------------    -------------------
                         (clock clk_pl_0 rise edge)
                                                      0.000     0.000 r  
    PS8_X0Y0             PS8                          0.000     0.000 r  top_i/zynq_ps/inst/PS8_i/PLCLK[0]
                         net (fo=1, routed)           0.198     0.198    top_i/zynq_ps/inst/pl_clk_unbuffered[0]
    BUFG_PS_X0Y58        BUFG_PS (Prop_BUFG_PS_I_O)
                                                      0.028     0.226 r  top_i/zynq_ps/inst/buffer_pl_clk_0.PL_CLK_0_BUFG/O
    X2Y3 (CLOCK_ROOT)    net (fo=89829, routed)       2.105     2.331    top_i/rst_zynq_ps_99M/U0/slowest_sync_clk
    SLICE_X38Y45         FDRE                                         r  top_i/rst_zynq_ps_99M/U0/ACTIVE_LOW_PR_OUT_DFF[0].FDRE_PER_N/C
  -------------------------------------------------------------------    -------------------
    SLICE_X38Y45         FDRE (Prop_EFF_SLICEL_C_Q)
                                                      0.079     2.410 r  top_i/rst_zynq_ps_99M/U0/ACTIVE_LOW_PR_OUT_DFF[0].FDRE_PER_N/Q
                         net (fo=1, routed)           1.834     4.244    top_i/rst_zynq_ps_99M/U0/peripheral_aresetn[0]_bufg_place
    BUFGCE_X0Y44         BUFGCE (Prop_BUFCE_BUFGCE_I_O)
                                                      0.028     4.272 r  top_i/rst_zynq_ps_99M/U0/ACTIVE_LOW_PR_OUT_DFF[0].FDRE_PER_N_bufg_place/O
                         net (fo=26847, routed)       1.505     5.777    top_i/axi_interconnect_0/s00_couplers/auto_ds/inst/gen_downsizer.gen_simple_downsizer.axi_downsizer_inst/USE_READ.read_addr_inst/cmd_queue/inst/fifo_gen_inst/inst_fifo_gen/gconvfifo.rf/grf.rf/rstblk/ngwrdrst.grst.g7serrst.gnsckt_wrst.rst_wr_reg2_inst/src_arst
    SLICE_X25Y56         FDPE                                         f  top_i/axi_interconnect_0/s00_couplers/auto_ds/inst/gen_downsizer.gen_simple_downsizer.axi_downsizer_inst/USE_READ.read_addr_inst/cmd_queue/inst/fifo_gen_inst/inst_fifo_gen/gconvfifo.rf/grf.rf/rstblk/ngwrdrst.grst.g7serrst.gnsckt_wrst.rst_wr_reg2_inst/arststages_ff_reg[1]/PRE  (IS_INVERTED)
  -------------------------------------------------------------------    -------------------

                         (clock clk_pl_0 rise edge)
                                                      0.000     0.000 r  
    PS8_X0Y0             PS8                          0.000     0.000 r  top_i/zynq_ps/inst/PS8_i/PLCLK[0]
                         net (fo=1, routed)           0.157     0.157    top_i/zynq_ps/inst/pl_clk_unbuffered[0]
    BUFG_PS_X0Y58        BUFG_PS (Prop_BUFG_PS_I_O)
                                                      0.025     0.182 r  top_i/zynq_ps/inst/buffer_pl_clk_0.PL_CLK_0_BUFG/O
    X2Y3 (CLOCK_ROOT)    net (fo=89829, routed)       1.948     2.130    top_i/axi_interconnect_0/s00_couplers/auto_ds/inst/gen_downsizer.gen_simple_downsizer.axi_downsizer_inst/USE_READ.read_addr_inst/cmd_queue/inst/fifo_gen_inst/inst_fifo_gen/gconvfifo.rf/grf.rf/rstblk/ngwrdrst.grst.g7serrst.gnsckt_wrst.rst_wr_reg2_inst/dest_clk
    SLICE_X25Y56         FDPE                                         r  top_i/axi_interconnect_0/s00_couplers/auto_ds/inst/gen_downsizer.gen_simple_downsizer.axi_downsizer_inst/USE_READ.read_addr_inst/cmd_queue/inst/fifo_gen_inst/inst_fifo_gen/gconvfifo.rf/grf.rf/rstblk/ngwrdrst.grst.g7serrst.gnsckt_wrst.rst_wr_reg2_inst/arststages_ff_reg[1]/C

Slack:                    inf
  Source:                 top_i/rst_zynq_ps_99M/U0/ACTIVE_LOW_PR_OUT_DFF[0].FDRE_PER_N/C
                            (rising edge-triggered cell FDRE clocked by clk_pl_0  {rise@0.000ns fall@5.000ns period=10.000ns})
  Destination:            top_i/axi_interconnect_0/s00_couplers/auto_ds/inst/gen_downsizer.gen_simple_downsizer.axi_downsizer_inst/USE_WRITE.write_addr_inst/USE_B_CHANNEL.cmd_b_queue/inst/fifo_gen_inst/inst_fifo_gen/gconvfifo.rf/grf.rf/rstblk/ngwrdrst.grst.g7serrst.gnsckt_wrst.rst_wr_reg2_inst/arststages_ff_reg[0]/PRE
                            (recovery check against rising-edge clock clk_pl_0  {rise@0.000ns fall@5.000ns period=10.000ns})
  Path Group:             (none)
  Path Type:              Recovery (Max at Slow Process Corner)
  Data Path Delay:        3.440ns  (logic 0.107ns (3.110%)  route 3.333ns (96.890%))
  Logic Levels:           1  (BUFGCE=1)
  Clock Path Skew:        -0.207ns (DCD - SCD + CPR)
    Destination Clock Delay (DCD):    2.124ns
    Source Clock Delay      (SCD):    2.331ns
    Clock Pessimism Removal (CPR):    0.000ns
  Clock Uncertainty:      0.130ns  ((TSJ^2 + DJ^2)^1/2) / 2 + PE
    Total System Jitter     (TSJ):    0.071ns
    Discrete Jitter          (DJ):    0.250ns
    Phase Error              (PE):    0.000ns
  Clock Net Delay (Source):      2.105ns (routing 0.676ns, distribution 1.429ns)
  Clock Net Delay (Destination): 1.942ns (routing 0.611ns, distribution 1.331ns)
  Timing Exception:       False Path

    Location             Delay type                Incr(ns)  Path(ns)    Netlist Resource(s)
  -------------------------------------------------------------------    -------------------
                         (clock clk_pl_0 rise edge)
                                                      0.000     0.000 r  
    PS8_X0Y0             PS8                          0.000     0.000 r  top_i/zynq_ps/inst/PS8_i/PLCLK[0]
                         net (fo=1, routed)           0.198     0.198    top_i/zynq_ps/inst/pl_clk_unbuffered[0]
    BUFG_PS_X0Y58        BUFG_PS (Prop_BUFG_PS_I_O)
                                                      0.028     0.226 r  top_i/zynq_ps/inst/buffer_pl_clk_0.PL_CLK_0_BUFG/O
    X2Y3 (CLOCK_ROOT)    net (fo=89829, routed)       2.105     2.331    top_i/rst_zynq_ps_99M/U0/slowest_sync_clk
    SLICE_X38Y45         FDRE                                         r  top_i/rst_zynq_ps_99M/U0/ACTIVE_LOW_PR_OUT_DFF[0].FDRE_PER_N/C
  -------------------------------------------------------------------    -------------------
    SLICE_X38Y45         FDRE (Prop_EFF_SLICEL_C_Q)
                                                      0.079     2.410 r  top_i/rst_zynq_ps_99M/U0/ACTIVE_LOW_PR_OUT_DFF[0].FDRE_PER_N/Q
                         net (fo=1, routed)           1.834     4.244    top_i/rst_zynq_ps_99M/U0/peripheral_aresetn[0]_bufg_place
    BUFGCE_X0Y44         BUFGCE (Prop_BUFCE_BUFGCE_I_O)
                                                      0.028     4.272 r  top_i/rst_zynq_ps_99M/U0/ACTIVE_LOW_PR_OUT_DFF[0].FDRE_PER_N_bufg_place/O
                         net (fo=26847, routed)       1.499     5.771    top_i/axi_interconnect_0/s00_couplers/auto_ds/inst/gen_downsizer.gen_simple_downsizer.axi_downsizer_inst/USE_WRITE.write_addr_inst/USE_B_CHANNEL.cmd_b_queue/inst/fifo_gen_inst/inst_fifo_gen/gconvfifo.rf/grf.rf/rstblk/ngwrdrst.grst.g7serrst.gnsckt_wrst.rst_wr_reg2_inst/src_arst
    SLICE_X29Y14         FDPE                                         f  top_i/axi_interconnect_0/s00_couplers/auto_ds/inst/gen_downsizer.gen_simple_downsizer.axi_downsizer_inst/USE_WRITE.write_addr_inst/USE_B_CHANNEL.cmd_b_queue/inst/fifo_gen_inst/inst_fifo_gen/gconvfifo.rf/grf.rf/rstblk/ngwrdrst.grst.g7serrst.gnsckt_wrst.rst_wr_reg2_inst/arststages_ff_reg[0]/PRE  (IS_INVERTED)
  -------------------------------------------------------------------    -------------------

                         (clock clk_pl_0 rise edge)
                                                      0.000     0.000 r  
    PS8_X0Y0             PS8                          0.000     0.000 r  top_i/zynq_ps/inst/PS8_i/PLCLK[0]
                         net (fo=1, routed)           0.157     0.157    top_i/zynq_ps/inst/pl_clk_unbuffered[0]
    BUFG_PS_X0Y58        BUFG_PS (Prop_BUFG_PS_I_O)
                                                      0.025     0.182 r  top_i/zynq_ps/inst/buffer_pl_clk_0.PL_CLK_0_BUFG/O
    X2Y3 (CLOCK_ROOT)    net (fo=89829, routed)       1.942     2.124    top_i/axi_interconnect_0/s00_couplers/auto_ds/inst/gen_downsizer.gen_simple_downsizer.axi_downsizer_inst/USE_WRITE.write_addr_inst/USE_B_CHANNEL.cmd_b_queue/inst/fifo_gen_inst/inst_fifo_gen/gconvfifo.rf/grf.rf/rstblk/ngwrdrst.grst.g7serrst.gnsckt_wrst.rst_wr_reg2_inst/dest_clk
    SLICE_X29Y14         FDPE                                         r  top_i/axi_interconnect_0/s00_couplers/auto_ds/inst/gen_downsizer.gen_simple_downsizer.axi_downsizer_inst/USE_WRITE.write_addr_inst/USE_B_CHANNEL.cmd_b_queue/inst/fifo_gen_inst/inst_fifo_gen/gconvfifo.rf/grf.rf/rstblk/ngwrdrst.grst.g7serrst.gnsckt_wrst.rst_wr_reg2_inst/arststages_ff_reg[0]/C

Slack:                    inf
  Source:                 top_i/rst_zynq_ps_99M/U0/ACTIVE_LOW_PR_OUT_DFF[0].FDRE_PER_N/C
                            (rising edge-triggered cell FDRE clocked by clk_pl_0  {rise@0.000ns fall@5.000ns period=10.000ns})
  Destination:            top_i/axi_interconnect_0/s00_couplers/auto_ds/inst/gen_downsizer.gen_simple_downsizer.axi_downsizer_inst/USE_WRITE.write_addr_inst/USE_B_CHANNEL.cmd_b_queue/inst/fifo_gen_inst/inst_fifo_gen/gconvfifo.rf/grf.rf/rstblk/ngwrdrst.grst.g7serrst.gnsckt_wrst.rst_wr_reg2_inst/arststages_ff_reg[1]/PRE
                            (recovery check against rising-edge clock clk_pl_0  {rise@0.000ns fall@5.000ns period=10.000ns})
  Path Group:             (none)
  Path Type:              Recovery (Max at Slow Process Corner)
  Data Path Delay:        3.440ns  (logic 0.107ns (3.110%)  route 3.333ns (96.890%))
  Logic Levels:           1  (BUFGCE=1)
  Clock Path Skew:        -0.207ns (DCD - SCD + CPR)
    Destination Clock Delay (DCD):    2.124ns
    Source Clock Delay      (SCD):    2.331ns
    Clock Pessimism Removal (CPR):    0.000ns
  Clock Uncertainty:      0.130ns  ((TSJ^2 + DJ^2)^1/2) / 2 + PE
    Total System Jitter     (TSJ):    0.071ns
    Discrete Jitter          (DJ):    0.250ns
    Phase Error              (PE):    0.000ns
  Clock Net Delay (Source):      2.105ns (routing 0.676ns, distribution 1.429ns)
  Clock Net Delay (Destination): 1.942ns (routing 0.611ns, distribution 1.331ns)
  Timing Exception:       False Path

    Location             Delay type                Incr(ns)  Path(ns)    Netlist Resource(s)
  -------------------------------------------------------------------    -------------------
                         (clock clk_pl_0 rise edge)
                                                      0.000     0.000 r  
    PS8_X0Y0             PS8                          0.000     0.000 r  top_i/zynq_ps/inst/PS8_i/PLCLK[0]
                         net (fo=1, routed)           0.198     0.198    top_i/zynq_ps/inst/pl_clk_unbuffered[0]
    BUFG_PS_X0Y58        BUFG_PS (Prop_BUFG_PS_I_O)
                                                      0.028     0.226 r  top_i/zynq_ps/inst/buffer_pl_clk_0.PL_CLK_0_BUFG/O
    X2Y3 (CLOCK_ROOT)    net (fo=89829, routed)       2.105     2.331    top_i/rst_zynq_ps_99M/U0/slowest_sync_clk
    SLICE_X38Y45         FDRE                                         r  top_i/rst_zynq_ps_99M/U0/ACTIVE_LOW_PR_OUT_DFF[0].FDRE_PER_N/C
  -------------------------------------------------------------------    -------------------
    SLICE_X38Y45         FDRE (Prop_EFF_SLICEL_C_Q)
                                                      0.079     2.410 r  top_i/rst_zynq_ps_99M/U0/ACTIVE_LOW_PR_OUT_DFF[0].FDRE_PER_N/Q
                         net (fo=1, routed)           1.834     4.244    top_i/rst_zynq_ps_99M/U0/peripheral_aresetn[0]_bufg_place
    BUFGCE_X0Y44         BUFGCE (Prop_BUFCE_BUFGCE_I_O)
                                                      0.028     4.272 r  top_i/rst_zynq_ps_99M/U0/ACTIVE_LOW_PR_OUT_DFF[0].FDRE_PER_N_bufg_place/O
                         net (fo=26847, routed)       1.499     5.771    top_i/axi_interconnect_0/s00_couplers/auto_ds/inst/gen_downsizer.gen_simple_downsizer.axi_downsizer_inst/USE_WRITE.write_addr_inst/USE_B_CHANNEL.cmd_b_queue/inst/fifo_gen_inst/inst_fifo_gen/gconvfifo.rf/grf.rf/rstblk/ngwrdrst.grst.g7serrst.gnsckt_wrst.rst_wr_reg2_inst/src_arst
    SLICE_X29Y14         FDPE                                         f  top_i/axi_interconnect_0/s00_couplers/auto_ds/inst/gen_downsizer.gen_simple_downsizer.axi_downsizer_inst/USE_WRITE.write_addr_inst/USE_B_CHANNEL.cmd_b_queue/inst/fifo_gen_inst/inst_fifo_gen/gconvfifo.rf/grf.rf/rstblk/ngwrdrst.grst.g7serrst.gnsckt_wrst.rst_wr_reg2_inst/arststages_ff_reg[1]/PRE  (IS_INVERTED)
  -------------------------------------------------------------------    -------------------

                         (clock clk_pl_0 rise edge)
                                                      0.000     0.000 r  
    PS8_X0Y0             PS8                          0.000     0.000 r  top_i/zynq_ps/inst/PS8_i/PLCLK[0]
                         net (fo=1, routed)           0.157     0.157    top_i/zynq_ps/inst/pl_clk_unbuffered[0]
    BUFG_PS_X0Y58        BUFG_PS (Prop_BUFG_PS_I_O)
                                                      0.025     0.182 r  top_i/zynq_ps/inst/buffer_pl_clk_0.PL_CLK_0_BUFG/O
    X2Y3 (CLOCK_ROOT)    net (fo=89829, routed)       1.942     2.124    top_i/axi_interconnect_0/s00_couplers/auto_ds/inst/gen_downsizer.gen_simple_downsizer.axi_downsizer_inst/USE_WRITE.write_addr_inst/USE_B_CHANNEL.cmd_b_queue/inst/fifo_gen_inst/inst_fifo_gen/gconvfifo.rf/grf.rf/rstblk/ngwrdrst.grst.g7serrst.gnsckt_wrst.rst_wr_reg2_inst/dest_clk
    SLICE_X29Y14         FDPE                                         r  top_i/axi_interconnect_0/s00_couplers/auto_ds/inst/gen_downsizer.gen_simple_downsizer.axi_downsizer_inst/USE_WRITE.write_addr_inst/USE_B_CHANNEL.cmd_b_queue/inst/fifo_gen_inst/inst_fifo_gen/gconvfifo.rf/grf.rf/rstblk/ngwrdrst.grst.g7serrst.gnsckt_wrst.rst_wr_reg2_inst/arststages_ff_reg[1]/C

Slack:                    inf
  Source:                 top_i/rst_zynq_ps_99M/U0/ACTIVE_LOW_PR_OUT_DFF[0].FDRE_PER_N/C
                            (rising edge-triggered cell FDRE clocked by clk_pl_0  {rise@0.000ns fall@5.000ns period=10.000ns})
  Destination:            top_i/axi_interconnect_0/s00_couplers/auto_ds/inst/gen_downsizer.gen_simple_downsizer.axi_downsizer_inst/USE_WRITE.write_addr_inst/cmd_queue/inst/fifo_gen_inst/inst_fifo_gen/gconvfifo.rf/grf.rf/rstblk/ngwrdrst.grst.g7serrst.gnsckt_wrst.rst_wr_reg2_inst/arststages_ff_reg[0]/PRE
                            (recovery check against rising-edge clock clk_pl_0  {rise@0.000ns fall@5.000ns period=10.000ns})
  Path Group:             (none)
  Path Type:              Recovery (Max at Slow Process Corner)
  Data Path Delay:        3.440ns  (logic 0.107ns (3.110%)  route 3.333ns (96.890%))
  Logic Levels:           1  (BUFGCE=1)
  Clock Path Skew:        -0.207ns (DCD - SCD + CPR)
    Destination Clock Delay (DCD):    2.124ns
    Source Clock Delay      (SCD):    2.331ns
    Clock Pessimism Removal (CPR):    0.000ns
  Clock Uncertainty:      0.130ns  ((TSJ^2 + DJ^2)^1/2) / 2 + PE
    Total System Jitter     (TSJ):    0.071ns
    Discrete Jitter          (DJ):    0.250ns
    Phase Error              (PE):    0.000ns
  Clock Net Delay (Source):      2.105ns (routing 0.676ns, distribution 1.429ns)
  Clock Net Delay (Destination): 1.942ns (routing 0.611ns, distribution 1.331ns)
  Timing Exception:       False Path

    Location             Delay type                Incr(ns)  Path(ns)    Netlist Resource(s)
  -------------------------------------------------------------------    -------------------
                         (clock clk_pl_0 rise edge)
                                                      0.000     0.000 r  
    PS8_X0Y0             PS8                          0.000     0.000 r  top_i/zynq_ps/inst/PS8_i/PLCLK[0]
                         net (fo=1, routed)           0.198     0.198    top_i/zynq_ps/inst/pl_clk_unbuffered[0]
    BUFG_PS_X0Y58        BUFG_PS (Prop_BUFG_PS_I_O)
                                                      0.028     0.226 r  top_i/zynq_ps/inst/buffer_pl_clk_0.PL_CLK_0_BUFG/O
    X2Y3 (CLOCK_ROOT)    net (fo=89829, routed)       2.105     2.331    top_i/rst_zynq_ps_99M/U0/slowest_sync_clk
    SLICE_X38Y45         FDRE                                         r  top_i/rst_zynq_ps_99M/U0/ACTIVE_LOW_PR_OUT_DFF[0].FDRE_PER_N/C
  -------------------------------------------------------------------    -------------------
    SLICE_X38Y45         FDRE (Prop_EFF_SLICEL_C_Q)
                                                      0.079     2.410 r  top_i/rst_zynq_ps_99M/U0/ACTIVE_LOW_PR_OUT_DFF[0].FDRE_PER_N/Q
                         net (fo=1, routed)           1.834     4.244    top_i/rst_zynq_ps_99M/U0/peripheral_aresetn[0]_bufg_place
    BUFGCE_X0Y44         BUFGCE (Prop_BUFCE_BUFGCE_I_O)
                                                      0.028     4.272 r  top_i/rst_zynq_ps_99M/U0/ACTIVE_LOW_PR_OUT_DFF[0].FDRE_PER_N_bufg_place/O
                         net (fo=26847, routed)       1.499     5.771    top_i/axi_interconnect_0/s00_couplers/auto_ds/inst/gen_downsizer.gen_simple_downsizer.axi_downsizer_inst/USE_WRITE.write_addr_inst/cmd_queue/inst/fifo_gen_inst/inst_fifo_gen/gconvfifo.rf/grf.rf/rstblk/ngwrdrst.grst.g7serrst.gnsckt_wrst.rst_wr_reg2_inst/src_arst
    SLICE_X29Y14         FDPE                                         f  top_i/axi_interconnect_0/s00_couplers/auto_ds/inst/gen_downsizer.gen_simple_downsizer.axi_downsizer_inst/USE_WRITE.write_addr_inst/cmd_queue/inst/fifo_gen_inst/inst_fifo_gen/gconvfifo.rf/grf.rf/rstblk/ngwrdrst.grst.g7serrst.gnsckt_wrst.rst_wr_reg2_inst/arststages_ff_reg[0]/PRE  (IS_INVERTED)
  -------------------------------------------------------------------    -------------------

                         (clock clk_pl_0 rise edge)
                                                      0.000     0.000 r  
    PS8_X0Y0             PS8                          0.000     0.000 r  top_i/zynq_ps/inst/PS8_i/PLCLK[0]
                         net (fo=1, routed)           0.157     0.157    top_i/zynq_ps/inst/pl_clk_unbuffered[0]
    BUFG_PS_X0Y58        BUFG_PS (Prop_BUFG_PS_I_O)
                                                      0.025     0.182 r  top_i/zynq_ps/inst/buffer_pl_clk_0.PL_CLK_0_BUFG/O
    X2Y3 (CLOCK_ROOT)    net (fo=89829, routed)       1.942     2.124    top_i/axi_interconnect_0/s00_couplers/auto_ds/inst/gen_downsizer.gen_simple_downsizer.axi_downsizer_inst/USE_WRITE.write_addr_inst/cmd_queue/inst/fifo_gen_inst/inst_fifo_gen/gconvfifo.rf/grf.rf/rstblk/ngwrdrst.grst.g7serrst.gnsckt_wrst.rst_wr_reg2_inst/dest_clk
    SLICE_X29Y14         FDPE                                         r  top_i/axi_interconnect_0/s00_couplers/auto_ds/inst/gen_downsizer.gen_simple_downsizer.axi_downsizer_inst/USE_WRITE.write_addr_inst/cmd_queue/inst/fifo_gen_inst/inst_fifo_gen/gconvfifo.rf/grf.rf/rstblk/ngwrdrst.grst.g7serrst.gnsckt_wrst.rst_wr_reg2_inst/arststages_ff_reg[0]/C

Slack:                    inf
  Source:                 top_i/rst_zynq_ps_99M/U0/ACTIVE_LOW_PR_OUT_DFF[0].FDRE_PER_N/C
                            (rising edge-triggered cell FDRE clocked by clk_pl_0  {rise@0.000ns fall@5.000ns period=10.000ns})
  Destination:            top_i/axi_interconnect_0/s00_couplers/auto_ds/inst/gen_downsizer.gen_simple_downsizer.axi_downsizer_inst/USE_WRITE.write_addr_inst/cmd_queue/inst/fifo_gen_inst/inst_fifo_gen/gconvfifo.rf/grf.rf/rstblk/ngwrdrst.grst.g7serrst.gnsckt_wrst.rst_wr_reg2_inst/arststages_ff_reg[1]/PRE
                            (recovery check against rising-edge clock clk_pl_0  {rise@0.000ns fall@5.000ns period=10.000ns})
  Path Group:             (none)
  Path Type:              Recovery (Max at Slow Process Corner)
  Data Path Delay:        3.440ns  (logic 0.107ns (3.110%)  route 3.333ns (96.890%))
  Logic Levels:           1  (BUFGCE=1)
  Clock Path Skew:        -0.207ns (DCD - SCD + CPR)
    Destination Clock Delay (DCD):    2.124ns
    Source Clock Delay      (SCD):    2.331ns
    Clock Pessimism Removal (CPR):    0.000ns
  Clock Uncertainty:      0.130ns  ((TSJ^2 + DJ^2)^1/2) / 2 + PE
    Total System Jitter     (TSJ):    0.071ns
    Discrete Jitter          (DJ):    0.250ns
    Phase Error              (PE):    0.000ns
  Clock Net Delay (Source):      2.105ns (routing 0.676ns, distribution 1.429ns)
  Clock Net Delay (Destination): 1.942ns (routing 0.611ns, distribution 1.331ns)
  Timing Exception:       False Path

    Location             Delay type                Incr(ns)  Path(ns)    Netlist Resource(s)
  -------------------------------------------------------------------    -------------------
                         (clock clk_pl_0 rise edge)
                                                      0.000     0.000 r  
    PS8_X0Y0             PS8                          0.000     0.000 r  top_i/zynq_ps/inst/PS8_i/PLCLK[0]
                         net (fo=1, routed)           0.198     0.198    top_i/zynq_ps/inst/pl_clk_unbuffered[0]
    BUFG_PS_X0Y58        BUFG_PS (Prop_BUFG_PS_I_O)
                                                      0.028     0.226 r  top_i/zynq_ps/inst/buffer_pl_clk_0.PL_CLK_0_BUFG/O
    X2Y3 (CLOCK_ROOT)    net (fo=89829, routed)       2.105     2.331    top_i/rst_zynq_ps_99M/U0/slowest_sync_clk
    SLICE_X38Y45         FDRE                                         r  top_i/rst_zynq_ps_99M/U0/ACTIVE_LOW_PR_OUT_DFF[0].FDRE_PER_N/C
  -------------------------------------------------------------------    -------------------
    SLICE_X38Y45         FDRE (Prop_EFF_SLICEL_C_Q)
                                                      0.079     2.410 r  top_i/rst_zynq_ps_99M/U0/ACTIVE_LOW_PR_OUT_DFF[0].FDRE_PER_N/Q
                         net (fo=1, routed)           1.834     4.244    top_i/rst_zynq_ps_99M/U0/peripheral_aresetn[0]_bufg_place
    BUFGCE_X0Y44         BUFGCE (Prop_BUFCE_BUFGCE_I_O)
                                                      0.028     4.272 r  top_i/rst_zynq_ps_99M/U0/ACTIVE_LOW_PR_OUT_DFF[0].FDRE_PER_N_bufg_place/O
                         net (fo=26847, routed)       1.499     5.771    top_i/axi_interconnect_0/s00_couplers/auto_ds/inst/gen_downsizer.gen_simple_downsizer.axi_downsizer_inst/USE_WRITE.write_addr_inst/cmd_queue/inst/fifo_gen_inst/inst_fifo_gen/gconvfifo.rf/grf.rf/rstblk/ngwrdrst.grst.g7serrst.gnsckt_wrst.rst_wr_reg2_inst/src_arst
    SLICE_X29Y14         FDPE                                         f  top_i/axi_interconnect_0/s00_couplers/auto_ds/inst/gen_downsizer.gen_simple_downsizer.axi_downsizer_inst/USE_WRITE.write_addr_inst/cmd_queue/inst/fifo_gen_inst/inst_fifo_gen/gconvfifo.rf/grf.rf/rstblk/ngwrdrst.grst.g7serrst.gnsckt_wrst.rst_wr_reg2_inst/arststages_ff_reg[1]/PRE  (IS_INVERTED)
  -------------------------------------------------------------------    -------------------

                         (clock clk_pl_0 rise edge)
                                                      0.000     0.000 r  
    PS8_X0Y0             PS8                          0.000     0.000 r  top_i/zynq_ps/inst/PS8_i/PLCLK[0]
                         net (fo=1, routed)           0.157     0.157    top_i/zynq_ps/inst/pl_clk_unbuffered[0]
    BUFG_PS_X0Y58        BUFG_PS (Prop_BUFG_PS_I_O)
                                                      0.025     0.182 r  top_i/zynq_ps/inst/buffer_pl_clk_0.PL_CLK_0_BUFG/O
    X2Y3 (CLOCK_ROOT)    net (fo=89829, routed)       1.942     2.124    top_i/axi_interconnect_0/s00_couplers/auto_ds/inst/gen_downsizer.gen_simple_downsizer.axi_downsizer_inst/USE_WRITE.write_addr_inst/cmd_queue/inst/fifo_gen_inst/inst_fifo_gen/gconvfifo.rf/grf.rf/rstblk/ngwrdrst.grst.g7serrst.gnsckt_wrst.rst_wr_reg2_inst/dest_clk
    SLICE_X29Y14         FDPE                                         r  top_i/axi_interconnect_0/s00_couplers/auto_ds/inst/gen_downsizer.gen_simple_downsizer.axi_downsizer_inst/USE_WRITE.write_addr_inst/cmd_queue/inst/fifo_gen_inst/inst_fifo_gen/gconvfifo.rf/grf.rf/rstblk/ngwrdrst.grst.g7serrst.gnsckt_wrst.rst_wr_reg2_inst/arststages_ff_reg[1]/C

Slack:                    inf
  Source:                 top_i/axi_gpio_0/U0/gpio_core_1/Not_Dual.gpio_Data_Out_reg[0]/C
                            (rising edge-triggered cell FDSE clocked by clk_pl_0  {rise@0.000ns fall@5.000ns period=10.000ns})
  Destination:            top_i/rst_zynq_ps_99M/U0/EXT_LPF/ACTIVE_LOW_AUX.ACT_LO_AUX/GENERATE_LEVEL_P_S_CDC.SINGLE_BIT.CROSS_PLEVEL_IN2SCNDRY_IN_cdc_to/D
                            (rising edge-triggered cell FDRE clocked by clk_pl_0  {rise@0.000ns fall@5.000ns period=10.000ns})
  Path Group:             (none)
  Path Type:              Setup (Max at Slow Process Corner)
  Data Path Delay:        1.433ns  (logic 0.228ns (15.915%)  route 1.205ns (84.085%))
  Logic Levels:           1  (LUT1=1)
  Clock Path Skew:        -0.344ns (DCD - SCD + CPR)
    Destination Clock Delay (DCD):    2.042ns
    Source Clock Delay      (SCD):    2.386ns
    Clock Pessimism Removal (CPR):    0.000ns
  Clock Uncertainty:      0.130ns  ((TSJ^2 + DJ^2)^1/2) / 2 + PE
    Total System Jitter     (TSJ):    0.071ns
    Discrete Jitter          (DJ):    0.250ns
    Phase Error              (PE):    0.000ns
  Clock Net Delay (Source):      2.160ns (routing 0.676ns, distribution 1.484ns)
  Clock Net Delay (Destination): 1.860ns (routing 0.611ns, distribution 1.249ns)
  Timing Exception:       False Path

    Location             Delay type                Incr(ns)  Path(ns)    Netlist Resource(s)
  -------------------------------------------------------------------    -------------------
                         (clock clk_pl_0 rise edge)
                                                      0.000     0.000 r  
    PS8_X0Y0             PS8                          0.000     0.000 r  top_i/zynq_ps/inst/PS8_i/PLCLK[0]
                         net (fo=1, routed)           0.198     0.198    top_i/zynq_ps/inst/pl_clk_unbuffered[0]
    BUFG_PS_X0Y58        BUFG_PS (Prop_BUFG_PS_I_O)
                                                      0.028     0.226 r  top_i/zynq_ps/inst/buffer_pl_clk_0.PL_CLK_0_BUFG/O
    X2Y3 (CLOCK_ROOT)    net (fo=89829, routed)       2.160     2.386    top_i/axi_gpio_0/U0/gpio_core_1/s_axi_aclk
    SLICE_X30Y36         FDSE                                         r  top_i/axi_gpio_0/U0/gpio_core_1/Not_Dual.gpio_Data_Out_reg[0]/C
  -------------------------------------------------------------------    -------------------
    SLICE_X30Y36         FDSE (Prop_CFF_SLICEM_C_Q)
                                                      0.078     2.464 f  top_i/axi_gpio_0/U0/gpio_core_1/Not_Dual.gpio_Data_Out_reg[0]/Q
                         net (fo=3, routed)           0.490     2.954    top_i/rst_zynq_ps_99M/U0/EXT_LPF/ACTIVE_LOW_AUX.ACT_LO_AUX/aux_reset_in
    SLICE_X34Y44         LUT1 (Prop_G6LUT_SLICEM_I0_O)
                                                      0.150     3.104 r  top_i/rst_zynq_ps_99M/U0/EXT_LPF/ACTIVE_LOW_AUX.ACT_LO_AUX/GENERATE_LEVEL_P_S_CDC.SINGLE_BIT.CROSS_PLEVEL_IN2SCNDRY_IN_cdc_to_i_1__0/O
                         net (fo=1, routed)           0.715     3.819    top_i/rst_zynq_ps_99M/U0/EXT_LPF/ACTIVE_LOW_AUX.ACT_LO_AUX/asr_d1
    SLICE_X38Y46         FDRE                                         r  top_i/rst_zynq_ps_99M/U0/EXT_LPF/ACTIVE_LOW_AUX.ACT_LO_AUX/GENERATE_LEVEL_P_S_CDC.SINGLE_BIT.CROSS_PLEVEL_IN2SCNDRY_IN_cdc_to/D
  -------------------------------------------------------------------    -------------------

                         (clock clk_pl_0 rise edge)
                                                      0.000     0.000 r  
    PS8_X0Y0             PS8                          0.000     0.000 r  top_i/zynq_ps/inst/PS8_i/PLCLK[0]
                         net (fo=1, routed)           0.157     0.157    top_i/zynq_ps/inst/pl_clk_unbuffered[0]
    BUFG_PS_X0Y58        BUFG_PS (Prop_BUFG_PS_I_O)
                                                      0.025     0.182 r  top_i/zynq_ps/inst/buffer_pl_clk_0.PL_CLK_0_BUFG/O
    X2Y3 (CLOCK_ROOT)    net (fo=89829, routed)       1.860     2.042    top_i/rst_zynq_ps_99M/U0/EXT_LPF/ACTIVE_LOW_AUX.ACT_LO_AUX/slowest_sync_clk
    SLICE_X38Y46         FDRE                                         r  top_i/rst_zynq_ps_99M/U0/EXT_LPF/ACTIVE_LOW_AUX.ACT_LO_AUX/GENERATE_LEVEL_P_S_CDC.SINGLE_BIT.CROSS_PLEVEL_IN2SCNDRY_IN_cdc_to/C





Min Delay Paths
--------------------------------------------------------------------------------------
Slack:                    inf
  Source:                 top_i/axi_gpio_0/U0/gpio_core_1/Not_Dual.gpio_Data_Out_reg[0]/C
                            (rising edge-triggered cell FDSE clocked by clk_pl_0  {rise@0.000ns fall@5.000ns period=10.000ns})
  Destination:            top_i/rst_zynq_ps_99M/U0/EXT_LPF/ACTIVE_LOW_AUX.ACT_LO_AUX/GENERATE_LEVEL_P_S_CDC.SINGLE_BIT.CROSS_PLEVEL_IN2SCNDRY_IN_cdc_to/D
                            (rising edge-triggered cell FDRE clocked by clk_pl_0  {rise@0.000ns fall@5.000ns period=10.000ns})
  Path Group:             (none)
  Path Type:              Hold (Min at Fast Process Corner)
  Data Path Delay:        0.649ns  (logic 0.098ns (15.096%)  route 0.551ns (84.904%))
  Logic Levels:           1  (LUT1=1)
  Clock Path Skew:        0.139ns (DCD - SCD - CPR)
    Destination Clock Delay (DCD):    1.450ns
    Source Clock Delay      (SCD):    1.311ns
    Clock Pessimism Removal (CPR):    -0.000ns
  Clock Uncertainty:      0.130ns  ((TSJ^2 + DJ^2)^1/2) / 2 + PE
    Total System Jitter     (TSJ):    0.071ns
    Discrete Jitter          (DJ):    0.250ns
    Phase Error              (PE):    0.000ns
  Clock Net Delay (Source):      1.191ns (routing 0.366ns, distribution 0.825ns)
  Clock Net Delay (Destination): 1.303ns (routing 0.411ns, distribution 0.892ns)
  Timing Exception:       False Path

    Location             Delay type                Incr(ns)  Path(ns)    Netlist Resource(s)
  -------------------------------------------------------------------    -------------------
                         (clock clk_pl_0 rise edge)
                                                      0.000     0.000 r  
    PS8_X0Y0             PS8                          0.000     0.000 r  top_i/zynq_ps/inst/PS8_i/PLCLK[0]
                         net (fo=1, routed)           0.103     0.103    top_i/zynq_ps/inst/pl_clk_unbuffered[0]
    BUFG_PS_X0Y58        BUFG_PS (Prop_BUFG_PS_I_O)
                                                      0.017     0.120 r  top_i/zynq_ps/inst/buffer_pl_clk_0.PL_CLK_0_BUFG/O
    X2Y3 (CLOCK_ROOT)    net (fo=89829, routed)       1.191     1.311    top_i/axi_gpio_0/U0/gpio_core_1/s_axi_aclk
    SLICE_X30Y36         FDSE                                         r  top_i/axi_gpio_0/U0/gpio_core_1/Not_Dual.gpio_Data_Out_reg[0]/C
  -------------------------------------------------------------------    -------------------
    SLICE_X30Y36         FDSE (Prop_CFF_SLICEM_C_Q)
                                                      0.038     1.349 f  top_i/axi_gpio_0/U0/gpio_core_1/Not_Dual.gpio_Data_Out_reg[0]/Q
                         net (fo=3, routed)           0.225     1.574    top_i/rst_zynq_ps_99M/U0/EXT_LPF/ACTIVE_LOW_AUX.ACT_LO_AUX/aux_reset_in
    SLICE_X34Y44         LUT1 (Prop_G6LUT_SLICEM_I0_O)
                                                      0.060     1.634 r  top_i/rst_zynq_ps_99M/U0/EXT_LPF/ACTIVE_LOW_AUX.ACT_LO_AUX/GENERATE_LEVEL_P_S_CDC.SINGLE_BIT.CROSS_PLEVEL_IN2SCNDRY_IN_cdc_to_i_1__0/O
                         net (fo=1, routed)           0.326     1.960    top_i/rst_zynq_ps_99M/U0/EXT_LPF/ACTIVE_LOW_AUX.ACT_LO_AUX/asr_d1
    SLICE_X38Y46         FDRE                                         r  top_i/rst_zynq_ps_99M/U0/EXT_LPF/ACTIVE_LOW_AUX.ACT_LO_AUX/GENERATE_LEVEL_P_S_CDC.SINGLE_BIT.CROSS_PLEVEL_IN2SCNDRY_IN_cdc_to/D
  -------------------------------------------------------------------    -------------------

                         (clock clk_pl_0 rise edge)
                                                      0.000     0.000 r  
    PS8_X0Y0             PS8                          0.000     0.000 r  top_i/zynq_ps/inst/PS8_i/PLCLK[0]
                         net (fo=1, routed)           0.129     0.129    top_i/zynq_ps/inst/pl_clk_unbuffered[0]
    BUFG_PS_X0Y58        BUFG_PS (Prop_BUFG_PS_I_O)
                                                      0.018     0.147 r  top_i/zynq_ps/inst/buffer_pl_clk_0.PL_CLK_0_BUFG/O
    X2Y3 (CLOCK_ROOT)    net (fo=89829, routed)       1.303     1.450    top_i/rst_zynq_ps_99M/U0/EXT_LPF/ACTIVE_LOW_AUX.ACT_LO_AUX/slowest_sync_clk
    SLICE_X38Y46         FDRE                                         r  top_i/rst_zynq_ps_99M/U0/EXT_LPF/ACTIVE_LOW_AUX.ACT_LO_AUX/GENERATE_LEVEL_P_S_CDC.SINGLE_BIT.CROSS_PLEVEL_IN2SCNDRY_IN_cdc_to/C

Slack:                    inf
  Source:                 top_i/rst_zynq_ps_99M/U0/ACTIVE_LOW_PR_OUT_DFF[0].FDRE_PER_N/C
                            (rising edge-triggered cell FDRE clocked by clk_pl_0  {rise@0.000ns fall@5.000ns period=10.000ns})
  Destination:            top_i/axi_interconnect_0/s00_couplers/auto_ds/inst/gen_downsizer.gen_simple_downsizer.axi_downsizer_inst/USE_WRITE.write_addr_inst/USE_B_CHANNEL.cmd_b_queue/inst/fifo_gen_inst/inst_fifo_gen/gconvfifo.rf/grf.rf/rstblk/ngwrdrst.grst.g7serrst.gnsckt_wrst.rst_wr_reg2_inst/arststages_ff_reg[0]/PRE
                            (removal check against rising-edge clock clk_pl_0  {rise@0.000ns fall@5.000ns period=10.000ns})
  Path Group:             (none)
  Path Type:              Removal (Min at Fast Process Corner)
  Data Path Delay:        1.842ns  (logic 0.056ns (3.040%)  route 1.786ns (96.960%))
  Logic Levels:           1  (BUFGCE=1)
  Clock Path Skew:        0.229ns (DCD - SCD - CPR)
    Destination Clock Delay (DCD):    1.508ns
    Source Clock Delay      (SCD):    1.279ns
    Clock Pessimism Removal (CPR):    -0.000ns
  Clock Uncertainty:      0.130ns  ((TSJ^2 + DJ^2)^1/2) / 2 + PE
    Total System Jitter     (TSJ):    0.071ns
    Discrete Jitter          (DJ):    0.250ns
    Phase Error              (PE):    0.000ns
  Clock Net Delay (Source):      1.159ns (routing 0.366ns, distribution 0.793ns)
  Clock Net Delay (Destination): 1.361ns (routing 0.411ns, distribution 0.950ns)
  Timing Exception:       False Path

    Location             Delay type                Incr(ns)  Path(ns)    Netlist Resource(s)
  -------------------------------------------------------------------    -------------------
                         (clock clk_pl_0 rise edge)
                                                      0.000     0.000 r  
    PS8_X0Y0             PS8                          0.000     0.000 r  top_i/zynq_ps/inst/PS8_i/PLCLK[0]
                         net (fo=1, routed)           0.103     0.103    top_i/zynq_ps/inst/pl_clk_unbuffered[0]
    BUFG_PS_X0Y58        BUFG_PS (Prop_BUFG_PS_I_O)
                                                      0.017     0.120 r  top_i/zynq_ps/inst/buffer_pl_clk_0.PL_CLK_0_BUFG/O
    X2Y3 (CLOCK_ROOT)    net (fo=89829, routed)       1.159     1.279    top_i/rst_zynq_ps_99M/U0/slowest_sync_clk
    SLICE_X38Y45         FDRE                                         r  top_i/rst_zynq_ps_99M/U0/ACTIVE_LOW_PR_OUT_DFF[0].FDRE_PER_N/C
  -------------------------------------------------------------------    -------------------
    SLICE_X38Y45         FDRE (Prop_EFF_SLICEL_C_Q)
                                                      0.039     1.318 r  top_i/rst_zynq_ps_99M/U0/ACTIVE_LOW_PR_OUT_DFF[0].FDRE_PER_N/Q
                         net (fo=1, routed)           0.950     2.268    top_i/rst_zynq_ps_99M/U0/peripheral_aresetn[0]_bufg_place
    BUFGCE_X0Y44         BUFGCE (Prop_BUFCE_BUFGCE_I_O)
                                                      0.017     2.285 r  top_i/rst_zynq_ps_99M/U0/ACTIVE_LOW_PR_OUT_DFF[0].FDRE_PER_N_bufg_place/O
                         net (fo=26847, routed)       0.836     3.121    top_i/axi_interconnect_0/s00_couplers/auto_ds/inst/gen_downsizer.gen_simple_downsizer.axi_downsizer_inst/USE_WRITE.write_addr_inst/USE_B_CHANNEL.cmd_b_queue/inst/fifo_gen_inst/inst_fifo_gen/gconvfifo.rf/grf.rf/rstblk/ngwrdrst.grst.g7serrst.gnsckt_wrst.rst_wr_reg2_inst/src_arst
    SLICE_X29Y14         FDPE                                         f  top_i/axi_interconnect_0/s00_couplers/auto_ds/inst/gen_downsizer.gen_simple_downsizer.axi_downsizer_inst/USE_WRITE.write_addr_inst/USE_B_CHANNEL.cmd_b_queue/inst/fifo_gen_inst/inst_fifo_gen/gconvfifo.rf/grf.rf/rstblk/ngwrdrst.grst.g7serrst.gnsckt_wrst.rst_wr_reg2_inst/arststages_ff_reg[0]/PRE  (IS_INVERTED)
  -------------------------------------------------------------------    -------------------

                         (clock clk_pl_0 rise edge)
                                                      0.000     0.000 r  
    PS8_X0Y0             PS8                          0.000     0.000 r  top_i/zynq_ps/inst/PS8_i/PLCLK[0]
                         net (fo=1, routed)           0.129     0.129    top_i/zynq_ps/inst/pl_clk_unbuffered[0]
    BUFG_PS_X0Y58        BUFG_PS (Prop_BUFG_PS_I_O)
                                                      0.018     0.147 r  top_i/zynq_ps/inst/buffer_pl_clk_0.PL_CLK_0_BUFG/O
    X2Y3 (CLOCK_ROOT)    net (fo=89829, routed)       1.361     1.508    top_i/axi_interconnect_0/s00_couplers/auto_ds/inst/gen_downsizer.gen_simple_downsizer.axi_downsizer_inst/USE_WRITE.write_addr_inst/USE_B_CHANNEL.cmd_b_queue/inst/fifo_gen_inst/inst_fifo_gen/gconvfifo.rf/grf.rf/rstblk/ngwrdrst.grst.g7serrst.gnsckt_wrst.rst_wr_reg2_inst/dest_clk
    SLICE_X29Y14         FDPE                                         r  top_i/axi_interconnect_0/s00_couplers/auto_ds/inst/gen_downsizer.gen_simple_downsizer.axi_downsizer_inst/USE_WRITE.write_addr_inst/USE_B_CHANNEL.cmd_b_queue/inst/fifo_gen_inst/inst_fifo_gen/gconvfifo.rf/grf.rf/rstblk/ngwrdrst.grst.g7serrst.gnsckt_wrst.rst_wr_reg2_inst/arststages_ff_reg[0]/C

Slack:                    inf
  Source:                 top_i/rst_zynq_ps_99M/U0/ACTIVE_LOW_PR_OUT_DFF[0].FDRE_PER_N/C
                            (rising edge-triggered cell FDRE clocked by clk_pl_0  {rise@0.000ns fall@5.000ns period=10.000ns})
  Destination:            top_i/axi_interconnect_0/s00_couplers/auto_ds/inst/gen_downsizer.gen_simple_downsizer.axi_downsizer_inst/USE_WRITE.write_addr_inst/USE_B_CHANNEL.cmd_b_queue/inst/fifo_gen_inst/inst_fifo_gen/gconvfifo.rf/grf.rf/rstblk/ngwrdrst.grst.g7serrst.gnsckt_wrst.rst_wr_reg2_inst/arststages_ff_reg[1]/PRE
                            (removal check against rising-edge clock clk_pl_0  {rise@0.000ns fall@5.000ns period=10.000ns})
  Path Group:             (none)
  Path Type:              Removal (Min at Fast Process Corner)
  Data Path Delay:        1.842ns  (logic 0.056ns (3.040%)  route 1.786ns (96.960%))
  Logic Levels:           1  (BUFGCE=1)
  Clock Path Skew:        0.229ns (DCD - SCD - CPR)
    Destination Clock Delay (DCD):    1.508ns
    Source Clock Delay      (SCD):    1.279ns
    Clock Pessimism Removal (CPR):    -0.000ns
  Clock Uncertainty:      0.130ns  ((TSJ^2 + DJ^2)^1/2) / 2 + PE
    Total System Jitter     (TSJ):    0.071ns
    Discrete Jitter          (DJ):    0.250ns
    Phase Error              (PE):    0.000ns
  Clock Net Delay (Source):      1.159ns (routing 0.366ns, distribution 0.793ns)
  Clock Net Delay (Destination): 1.361ns (routing 0.411ns, distribution 0.950ns)
  Timing Exception:       False Path

    Location             Delay type                Incr(ns)  Path(ns)    Netlist Resource(s)
  -------------------------------------------------------------------    -------------------
                         (clock clk_pl_0 rise edge)
                                                      0.000     0.000 r  
    PS8_X0Y0             PS8                          0.000     0.000 r  top_i/zynq_ps/inst/PS8_i/PLCLK[0]
                         net (fo=1, routed)           0.103     0.103    top_i/zynq_ps/inst/pl_clk_unbuffered[0]
    BUFG_PS_X0Y58        BUFG_PS (Prop_BUFG_PS_I_O)
                                                      0.017     0.120 r  top_i/zynq_ps/inst/buffer_pl_clk_0.PL_CLK_0_BUFG/O
    X2Y3 (CLOCK_ROOT)    net (fo=89829, routed)       1.159     1.279    top_i/rst_zynq_ps_99M/U0/slowest_sync_clk
    SLICE_X38Y45         FDRE                                         r  top_i/rst_zynq_ps_99M/U0/ACTIVE_LOW_PR_OUT_DFF[0].FDRE_PER_N/C
  -------------------------------------------------------------------    -------------------
    SLICE_X38Y45         FDRE (Prop_EFF_SLICEL_C_Q)
                                                      0.039     1.318 r  top_i/rst_zynq_ps_99M/U0/ACTIVE_LOW_PR_OUT_DFF[0].FDRE_PER_N/Q
                         net (fo=1, routed)           0.950     2.268    top_i/rst_zynq_ps_99M/U0/peripheral_aresetn[0]_bufg_place
    BUFGCE_X0Y44         BUFGCE (Prop_BUFCE_BUFGCE_I_O)
                                                      0.017     2.285 r  top_i/rst_zynq_ps_99M/U0/ACTIVE_LOW_PR_OUT_DFF[0].FDRE_PER_N_bufg_place/O
                         net (fo=26847, routed)       0.836     3.121    top_i/axi_interconnect_0/s00_couplers/auto_ds/inst/gen_downsizer.gen_simple_downsizer.axi_downsizer_inst/USE_WRITE.write_addr_inst/USE_B_CHANNEL.cmd_b_queue/inst/fifo_gen_inst/inst_fifo_gen/gconvfifo.rf/grf.rf/rstblk/ngwrdrst.grst.g7serrst.gnsckt_wrst.rst_wr_reg2_inst/src_arst
    SLICE_X29Y14         FDPE                                         f  top_i/axi_interconnect_0/s00_couplers/auto_ds/inst/gen_downsizer.gen_simple_downsizer.axi_downsizer_inst/USE_WRITE.write_addr_inst/USE_B_CHANNEL.cmd_b_queue/inst/fifo_gen_inst/inst_fifo_gen/gconvfifo.rf/grf.rf/rstblk/ngwrdrst.grst.g7serrst.gnsckt_wrst.rst_wr_reg2_inst/arststages_ff_reg[1]/PRE  (IS_INVERTED)
  -------------------------------------------------------------------    -------------------

                         (clock clk_pl_0 rise edge)
                                                      0.000     0.000 r  
    PS8_X0Y0             PS8                          0.000     0.000 r  top_i/zynq_ps/inst/PS8_i/PLCLK[0]
                         net (fo=1, routed)           0.129     0.129    top_i/zynq_ps/inst/pl_clk_unbuffered[0]
    BUFG_PS_X0Y58        BUFG_PS (Prop_BUFG_PS_I_O)
                                                      0.018     0.147 r  top_i/zynq_ps/inst/buffer_pl_clk_0.PL_CLK_0_BUFG/O
    X2Y3 (CLOCK_ROOT)    net (fo=89829, routed)       1.361     1.508    top_i/axi_interconnect_0/s00_couplers/auto_ds/inst/gen_downsizer.gen_simple_downsizer.axi_downsizer_inst/USE_WRITE.write_addr_inst/USE_B_CHANNEL.cmd_b_queue/inst/fifo_gen_inst/inst_fifo_gen/gconvfifo.rf/grf.rf/rstblk/ngwrdrst.grst.g7serrst.gnsckt_wrst.rst_wr_reg2_inst/dest_clk
    SLICE_X29Y14         FDPE                                         r  top_i/axi_interconnect_0/s00_couplers/auto_ds/inst/gen_downsizer.gen_simple_downsizer.axi_downsizer_inst/USE_WRITE.write_addr_inst/USE_B_CHANNEL.cmd_b_queue/inst/fifo_gen_inst/inst_fifo_gen/gconvfifo.rf/grf.rf/rstblk/ngwrdrst.grst.g7serrst.gnsckt_wrst.rst_wr_reg2_inst/arststages_ff_reg[1]/C

Slack:                    inf
  Source:                 top_i/rst_zynq_ps_99M/U0/ACTIVE_LOW_PR_OUT_DFF[0].FDRE_PER_N/C
                            (rising edge-triggered cell FDRE clocked by clk_pl_0  {rise@0.000ns fall@5.000ns period=10.000ns})
  Destination:            top_i/axi_interconnect_0/s00_couplers/auto_ds/inst/gen_downsizer.gen_simple_downsizer.axi_downsizer_inst/USE_WRITE.write_addr_inst/cmd_queue/inst/fifo_gen_inst/inst_fifo_gen/gconvfifo.rf/grf.rf/rstblk/ngwrdrst.grst.g7serrst.gnsckt_wrst.rst_wr_reg2_inst/arststages_ff_reg[0]/PRE
                            (removal check against rising-edge clock clk_pl_0  {rise@0.000ns fall@5.000ns period=10.000ns})
  Path Group:             (none)
  Path Type:              Removal (Min at Fast Process Corner)
  Data Path Delay:        1.842ns  (logic 0.056ns (3.040%)  route 1.786ns (96.960%))
  Logic Levels:           1  (BUFGCE=1)
  Clock Path Skew:        0.229ns (DCD - SCD - CPR)
    Destination Clock Delay (DCD):    1.508ns
    Source Clock Delay      (SCD):    1.279ns
    Clock Pessimism Removal (CPR):    -0.000ns
  Clock Uncertainty:      0.130ns  ((TSJ^2 + DJ^2)^1/2) / 2 + PE
    Total System Jitter     (TSJ):    0.071ns
    Discrete Jitter          (DJ):    0.250ns
    Phase Error              (PE):    0.000ns
  Clock Net Delay (Source):      1.159ns (routing 0.366ns, distribution 0.793ns)
  Clock Net Delay (Destination): 1.361ns (routing 0.411ns, distribution 0.950ns)
  Timing Exception:       False Path

    Location             Delay type                Incr(ns)  Path(ns)    Netlist Resource(s)
  -------------------------------------------------------------------    -------------------
                         (clock clk_pl_0 rise edge)
                                                      0.000     0.000 r  
    PS8_X0Y0             PS8                          0.000     0.000 r  top_i/zynq_ps/inst/PS8_i/PLCLK[0]
                         net (fo=1, routed)           0.103     0.103    top_i/zynq_ps/inst/pl_clk_unbuffered[0]
    BUFG_PS_X0Y58        BUFG_PS (Prop_BUFG_PS_I_O)
                                                      0.017     0.120 r  top_i/zynq_ps/inst/buffer_pl_clk_0.PL_CLK_0_BUFG/O
    X2Y3 (CLOCK_ROOT)    net (fo=89829, routed)       1.159     1.279    top_i/rst_zynq_ps_99M/U0/slowest_sync_clk
    SLICE_X38Y45         FDRE                                         r  top_i/rst_zynq_ps_99M/U0/ACTIVE_LOW_PR_OUT_DFF[0].FDRE_PER_N/C
  -------------------------------------------------------------------    -------------------
    SLICE_X38Y45         FDRE (Prop_EFF_SLICEL_C_Q)
                                                      0.039     1.318 r  top_i/rst_zynq_ps_99M/U0/ACTIVE_LOW_PR_OUT_DFF[0].FDRE_PER_N/Q
                         net (fo=1, routed)           0.950     2.268    top_i/rst_zynq_ps_99M/U0/peripheral_aresetn[0]_bufg_place
    BUFGCE_X0Y44         BUFGCE (Prop_BUFCE_BUFGCE_I_O)
                                                      0.017     2.285 r  top_i/rst_zynq_ps_99M/U0/ACTIVE_LOW_PR_OUT_DFF[0].FDRE_PER_N_bufg_place/O
                         net (fo=26847, routed)       0.836     3.121    top_i/axi_interconnect_0/s00_couplers/auto_ds/inst/gen_downsizer.gen_simple_downsizer.axi_downsizer_inst/USE_WRITE.write_addr_inst/cmd_queue/inst/fifo_gen_inst/inst_fifo_gen/gconvfifo.rf/grf.rf/rstblk/ngwrdrst.grst.g7serrst.gnsckt_wrst.rst_wr_reg2_inst/src_arst
    SLICE_X29Y14         FDPE                                         f  top_i/axi_interconnect_0/s00_couplers/auto_ds/inst/gen_downsizer.gen_simple_downsizer.axi_downsizer_inst/USE_WRITE.write_addr_inst/cmd_queue/inst/fifo_gen_inst/inst_fifo_gen/gconvfifo.rf/grf.rf/rstblk/ngwrdrst.grst.g7serrst.gnsckt_wrst.rst_wr_reg2_inst/arststages_ff_reg[0]/PRE  (IS_INVERTED)
  -------------------------------------------------------------------    -------------------

                         (clock clk_pl_0 rise edge)
                                                      0.000     0.000 r  
    PS8_X0Y0             PS8                          0.000     0.000 r  top_i/zynq_ps/inst/PS8_i/PLCLK[0]
                         net (fo=1, routed)           0.129     0.129    top_i/zynq_ps/inst/pl_clk_unbuffered[0]
    BUFG_PS_X0Y58        BUFG_PS (Prop_BUFG_PS_I_O)
                                                      0.018     0.147 r  top_i/zynq_ps/inst/buffer_pl_clk_0.PL_CLK_0_BUFG/O
    X2Y3 (CLOCK_ROOT)    net (fo=89829, routed)       1.361     1.508    top_i/axi_interconnect_0/s00_couplers/auto_ds/inst/gen_downsizer.gen_simple_downsizer.axi_downsizer_inst/USE_WRITE.write_addr_inst/cmd_queue/inst/fifo_gen_inst/inst_fifo_gen/gconvfifo.rf/grf.rf/rstblk/ngwrdrst.grst.g7serrst.gnsckt_wrst.rst_wr_reg2_inst/dest_clk
    SLICE_X29Y14         FDPE                                         r  top_i/axi_interconnect_0/s00_couplers/auto_ds/inst/gen_downsizer.gen_simple_downsizer.axi_downsizer_inst/USE_WRITE.write_addr_inst/cmd_queue/inst/fifo_gen_inst/inst_fifo_gen/gconvfifo.rf/grf.rf/rstblk/ngwrdrst.grst.g7serrst.gnsckt_wrst.rst_wr_reg2_inst/arststages_ff_reg[0]/C

Slack:                    inf
  Source:                 top_i/rst_zynq_ps_99M/U0/ACTIVE_LOW_PR_OUT_DFF[0].FDRE_PER_N/C
                            (rising edge-triggered cell FDRE clocked by clk_pl_0  {rise@0.000ns fall@5.000ns period=10.000ns})
  Destination:            top_i/axi_interconnect_0/s00_couplers/auto_ds/inst/gen_downsizer.gen_simple_downsizer.axi_downsizer_inst/USE_WRITE.write_addr_inst/cmd_queue/inst/fifo_gen_inst/inst_fifo_gen/gconvfifo.rf/grf.rf/rstblk/ngwrdrst.grst.g7serrst.gnsckt_wrst.rst_wr_reg2_inst/arststages_ff_reg[1]/PRE
                            (removal check against rising-edge clock clk_pl_0  {rise@0.000ns fall@5.000ns period=10.000ns})
  Path Group:             (none)
  Path Type:              Removal (Min at Fast Process Corner)
  Data Path Delay:        1.842ns  (logic 0.056ns (3.040%)  route 1.786ns (96.960%))
  Logic Levels:           1  (BUFGCE=1)
  Clock Path Skew:        0.229ns (DCD - SCD - CPR)
    Destination Clock Delay (DCD):    1.508ns
    Source Clock Delay      (SCD):    1.279ns
    Clock Pessimism Removal (CPR):    -0.000ns
  Clock Uncertainty:      0.130ns  ((TSJ^2 + DJ^2)^1/2) / 2 + PE
    Total System Jitter     (TSJ):    0.071ns
    Discrete Jitter          (DJ):    0.250ns
    Phase Error              (PE):    0.000ns
  Clock Net Delay (Source):      1.159ns (routing 0.366ns, distribution 0.793ns)
  Clock Net Delay (Destination): 1.361ns (routing 0.411ns, distribution 0.950ns)
  Timing Exception:       False Path

    Location             Delay type                Incr(ns)  Path(ns)    Netlist Resource(s)
  -------------------------------------------------------------------    -------------------
                         (clock clk_pl_0 rise edge)
                                                      0.000     0.000 r  
    PS8_X0Y0             PS8                          0.000     0.000 r  top_i/zynq_ps/inst/PS8_i/PLCLK[0]
                         net (fo=1, routed)           0.103     0.103    top_i/zynq_ps/inst/pl_clk_unbuffered[0]
    BUFG_PS_X0Y58        BUFG_PS (Prop_BUFG_PS_I_O)
                                                      0.017     0.120 r  top_i/zynq_ps/inst/buffer_pl_clk_0.PL_CLK_0_BUFG/O
    X2Y3 (CLOCK_ROOT)    net (fo=89829, routed)       1.159     1.279    top_i/rst_zynq_ps_99M/U0/slowest_sync_clk
    SLICE_X38Y45         FDRE                                         r  top_i/rst_zynq_ps_99M/U0/ACTIVE_LOW_PR_OUT_DFF[0].FDRE_PER_N/C
  -------------------------------------------------------------------    -------------------
    SLICE_X38Y45         FDRE (Prop_EFF_SLICEL_C_Q)
                                                      0.039     1.318 r  top_i/rst_zynq_ps_99M/U0/ACTIVE_LOW_PR_OUT_DFF[0].FDRE_PER_N/Q
                         net (fo=1, routed)           0.950     2.268    top_i/rst_zynq_ps_99M/U0/peripheral_aresetn[0]_bufg_place
    BUFGCE_X0Y44         BUFGCE (Prop_BUFCE_BUFGCE_I_O)
                                                      0.017     2.285 r  top_i/rst_zynq_ps_99M/U0/ACTIVE_LOW_PR_OUT_DFF[0].FDRE_PER_N_bufg_place/O
                         net (fo=26847, routed)       0.836     3.121    top_i/axi_interconnect_0/s00_couplers/auto_ds/inst/gen_downsizer.gen_simple_downsizer.axi_downsizer_inst/USE_WRITE.write_addr_inst/cmd_queue/inst/fifo_gen_inst/inst_fifo_gen/gconvfifo.rf/grf.rf/rstblk/ngwrdrst.grst.g7serrst.gnsckt_wrst.rst_wr_reg2_inst/src_arst
    SLICE_X29Y14         FDPE                                         f  top_i/axi_interconnect_0/s00_couplers/auto_ds/inst/gen_downsizer.gen_simple_downsizer.axi_downsizer_inst/USE_WRITE.write_addr_inst/cmd_queue/inst/fifo_gen_inst/inst_fifo_gen/gconvfifo.rf/grf.rf/rstblk/ngwrdrst.grst.g7serrst.gnsckt_wrst.rst_wr_reg2_inst/arststages_ff_reg[1]/PRE  (IS_INVERTED)
  -------------------------------------------------------------------    -------------------

                         (clock clk_pl_0 rise edge)
                                                      0.000     0.000 r  
    PS8_X0Y0             PS8                          0.000     0.000 r  top_i/zynq_ps/inst/PS8_i/PLCLK[0]
                         net (fo=1, routed)           0.129     0.129    top_i/zynq_ps/inst/pl_clk_unbuffered[0]
    BUFG_PS_X0Y58        BUFG_PS (Prop_BUFG_PS_I_O)
                                                      0.018     0.147 r  top_i/zynq_ps/inst/buffer_pl_clk_0.PL_CLK_0_BUFG/O
    X2Y3 (CLOCK_ROOT)    net (fo=89829, routed)       1.361     1.508    top_i/axi_interconnect_0/s00_couplers/auto_ds/inst/gen_downsizer.gen_simple_downsizer.axi_downsizer_inst/USE_WRITE.write_addr_inst/cmd_queue/inst/fifo_gen_inst/inst_fifo_gen/gconvfifo.rf/grf.rf/rstblk/ngwrdrst.grst.g7serrst.gnsckt_wrst.rst_wr_reg2_inst/dest_clk
    SLICE_X29Y14         FDPE                                         r  top_i/axi_interconnect_0/s00_couplers/auto_ds/inst/gen_downsizer.gen_simple_downsizer.axi_downsizer_inst/USE_WRITE.write_addr_inst/cmd_queue/inst/fifo_gen_inst/inst_fifo_gen/gconvfifo.rf/grf.rf/rstblk/ngwrdrst.grst.g7serrst.gnsckt_wrst.rst_wr_reg2_inst/arststages_ff_reg[1]/C

Slack:                    inf
  Source:                 top_i/rst_zynq_ps_99M/U0/ACTIVE_LOW_PR_OUT_DFF[0].FDRE_PER_N/C
                            (rising edge-triggered cell FDRE clocked by clk_pl_0  {rise@0.000ns fall@5.000ns period=10.000ns})
  Destination:            top_i/axi_interconnect_0/s00_couplers/auto_ds/inst/gen_downsizer.gen_simple_downsizer.axi_downsizer_inst/USE_READ.read_addr_inst/cmd_queue/inst/fifo_gen_inst/inst_fifo_gen/gconvfifo.rf/grf.rf/rstblk/ngwrdrst.grst.g7serrst.gnsckt_wrst.rst_wr_reg2_inst/arststages_ff_reg[0]/PRE
                            (removal check against rising-edge clock clk_pl_0  {rise@0.000ns fall@5.000ns period=10.000ns})
  Path Group:             (none)
  Path Type:              Removal (Min at Fast Process Corner)
  Data Path Delay:        1.845ns  (logic 0.056ns (3.035%)  route 1.789ns (96.965%))
  Logic Levels:           1  (BUFGCE=1)
  Clock Path Skew:        0.233ns (DCD - SCD - CPR)
    Destination Clock Delay (DCD):    1.512ns
    Source Clock Delay      (SCD):    1.279ns
    Clock Pessimism Removal (CPR):    -0.000ns
  Clock Uncertainty:      0.130ns  ((TSJ^2 + DJ^2)^1/2) / 2 + PE
    Total System Jitter     (TSJ):    0.071ns
    Discrete Jitter          (DJ):    0.250ns
    Phase Error              (PE):    0.000ns
  Clock Net Delay (Source):      1.159ns (routing 0.366ns, distribution 0.793ns)
  Clock Net Delay (Destination): 1.365ns (routing 0.411ns, distribution 0.954ns)
  Timing Exception:       False Path

    Location             Delay type                Incr(ns)  Path(ns)    Netlist Resource(s)
  -------------------------------------------------------------------    -------------------
                         (clock clk_pl_0 rise edge)
                                                      0.000     0.000 r  
    PS8_X0Y0             PS8                          0.000     0.000 r  top_i/zynq_ps/inst/PS8_i/PLCLK[0]
                         net (fo=1, routed)           0.103     0.103    top_i/zynq_ps/inst/pl_clk_unbuffered[0]
    BUFG_PS_X0Y58        BUFG_PS (Prop_BUFG_PS_I_O)
                                                      0.017     0.120 r  top_i/zynq_ps/inst/buffer_pl_clk_0.PL_CLK_0_BUFG/O
    X2Y3 (CLOCK_ROOT)    net (fo=89829, routed)       1.159     1.279    top_i/rst_zynq_ps_99M/U0/slowest_sync_clk
    SLICE_X38Y45         FDRE                                         r  top_i/rst_zynq_ps_99M/U0/ACTIVE_LOW_PR_OUT_DFF[0].FDRE_PER_N/C
  -------------------------------------------------------------------    -------------------
    SLICE_X38Y45         FDRE (Prop_EFF_SLICEL_C_Q)
                                                      0.039     1.318 r  top_i/rst_zynq_ps_99M/U0/ACTIVE_LOW_PR_OUT_DFF[0].FDRE_PER_N/Q
                         net (fo=1, routed)           0.950     2.268    top_i/rst_zynq_ps_99M/U0/peripheral_aresetn[0]_bufg_place
    BUFGCE_X0Y44         BUFGCE (Prop_BUFCE_BUFGCE_I_O)
                                                      0.017     2.285 r  top_i/rst_zynq_ps_99M/U0/ACTIVE_LOW_PR_OUT_DFF[0].FDRE_PER_N_bufg_place/O
                         net (fo=26847, routed)       0.839     3.124    top_i/axi_interconnect_0/s00_couplers/auto_ds/inst/gen_downsizer.gen_simple_downsizer.axi_downsizer_inst/USE_READ.read_addr_inst/cmd_queue/inst/fifo_gen_inst/inst_fifo_gen/gconvfifo.rf/grf.rf/rstblk/ngwrdrst.grst.g7serrst.gnsckt_wrst.rst_wr_reg2_inst/src_arst
    SLICE_X25Y56         FDPE                                         f  top_i/axi_interconnect_0/s00_couplers/auto_ds/inst/gen_downsizer.gen_simple_downsizer.axi_downsizer_inst/USE_READ.read_addr_inst/cmd_queue/inst/fifo_gen_inst/inst_fifo_gen/gconvfifo.rf/grf.rf/rstblk/ngwrdrst.grst.g7serrst.gnsckt_wrst.rst_wr_reg2_inst/arststages_ff_reg[0]/PRE  (IS_INVERTED)
  -------------------------------------------------------------------    -------------------

                         (clock clk_pl_0 rise edge)
                                                      0.000     0.000 r  
    PS8_X0Y0             PS8                          0.000     0.000 r  top_i/zynq_ps/inst/PS8_i/PLCLK[0]
                         net (fo=1, routed)           0.129     0.129    top_i/zynq_ps/inst/pl_clk_unbuffered[0]
    BUFG_PS_X0Y58        BUFG_PS (Prop_BUFG_PS_I_O)
                                                      0.018     0.147 r  top_i/zynq_ps/inst/buffer_pl_clk_0.PL_CLK_0_BUFG/O
    X2Y3 (CLOCK_ROOT)    net (fo=89829, routed)       1.365     1.512    top_i/axi_interconnect_0/s00_couplers/auto_ds/inst/gen_downsizer.gen_simple_downsizer.axi_downsizer_inst/USE_READ.read_addr_inst/cmd_queue/inst/fifo_gen_inst/inst_fifo_gen/gconvfifo.rf/grf.rf/rstblk/ngwrdrst.grst.g7serrst.gnsckt_wrst.rst_wr_reg2_inst/dest_clk
    SLICE_X25Y56         FDPE                                         r  top_i/axi_interconnect_0/s00_couplers/auto_ds/inst/gen_downsizer.gen_simple_downsizer.axi_downsizer_inst/USE_READ.read_addr_inst/cmd_queue/inst/fifo_gen_inst/inst_fifo_gen/gconvfifo.rf/grf.rf/rstblk/ngwrdrst.grst.g7serrst.gnsckt_wrst.rst_wr_reg2_inst/arststages_ff_reg[0]/C

Slack:                    inf
  Source:                 top_i/rst_zynq_ps_99M/U0/ACTIVE_LOW_PR_OUT_DFF[0].FDRE_PER_N/C
                            (rising edge-triggered cell FDRE clocked by clk_pl_0  {rise@0.000ns fall@5.000ns period=10.000ns})
  Destination:            top_i/axi_interconnect_0/s00_couplers/auto_ds/inst/gen_downsizer.gen_simple_downsizer.axi_downsizer_inst/USE_READ.read_addr_inst/cmd_queue/inst/fifo_gen_inst/inst_fifo_gen/gconvfifo.rf/grf.rf/rstblk/ngwrdrst.grst.g7serrst.gnsckt_wrst.rst_wr_reg2_inst/arststages_ff_reg[1]/PRE
                            (removal check against rising-edge clock clk_pl_0  {rise@0.000ns fall@5.000ns period=10.000ns})
  Path Group:             (none)
  Path Type:              Removal (Min at Fast Process Corner)
  Data Path Delay:        1.845ns  (logic 0.056ns (3.035%)  route 1.789ns (96.965%))
  Logic Levels:           1  (BUFGCE=1)
  Clock Path Skew:        0.233ns (DCD - SCD - CPR)
    Destination Clock Delay (DCD):    1.512ns
    Source Clock Delay      (SCD):    1.279ns
    Clock Pessimism Removal (CPR):    -0.000ns
  Clock Uncertainty:      0.130ns  ((TSJ^2 + DJ^2)^1/2) / 2 + PE
    Total System Jitter     (TSJ):    0.071ns
    Discrete Jitter          (DJ):    0.250ns
    Phase Error              (PE):    0.000ns
  Clock Net Delay (Source):      1.159ns (routing 0.366ns, distribution 0.793ns)
  Clock Net Delay (Destination): 1.365ns (routing 0.411ns, distribution 0.954ns)
  Timing Exception:       False Path

    Location             Delay type                Incr(ns)  Path(ns)    Netlist Resource(s)
  -------------------------------------------------------------------    -------------------
                         (clock clk_pl_0 rise edge)
                                                      0.000     0.000 r  
    PS8_X0Y0             PS8                          0.000     0.000 r  top_i/zynq_ps/inst/PS8_i/PLCLK[0]
                         net (fo=1, routed)           0.103     0.103    top_i/zynq_ps/inst/pl_clk_unbuffered[0]
    BUFG_PS_X0Y58        BUFG_PS (Prop_BUFG_PS_I_O)
                                                      0.017     0.120 r  top_i/zynq_ps/inst/buffer_pl_clk_0.PL_CLK_0_BUFG/O
    X2Y3 (CLOCK_ROOT)    net (fo=89829, routed)       1.159     1.279    top_i/rst_zynq_ps_99M/U0/slowest_sync_clk
    SLICE_X38Y45         FDRE                                         r  top_i/rst_zynq_ps_99M/U0/ACTIVE_LOW_PR_OUT_DFF[0].FDRE_PER_N/C
  -------------------------------------------------------------------    -------------------
    SLICE_X38Y45         FDRE (Prop_EFF_SLICEL_C_Q)
                                                      0.039     1.318 r  top_i/rst_zynq_ps_99M/U0/ACTIVE_LOW_PR_OUT_DFF[0].FDRE_PER_N/Q
                         net (fo=1, routed)           0.950     2.268    top_i/rst_zynq_ps_99M/U0/peripheral_aresetn[0]_bufg_place
    BUFGCE_X0Y44         BUFGCE (Prop_BUFCE_BUFGCE_I_O)
                                                      0.017     2.285 r  top_i/rst_zynq_ps_99M/U0/ACTIVE_LOW_PR_OUT_DFF[0].FDRE_PER_N_bufg_place/O
                         net (fo=26847, routed)       0.839     3.124    top_i/axi_interconnect_0/s00_couplers/auto_ds/inst/gen_downsizer.gen_simple_downsizer.axi_downsizer_inst/USE_READ.read_addr_inst/cmd_queue/inst/fifo_gen_inst/inst_fifo_gen/gconvfifo.rf/grf.rf/rstblk/ngwrdrst.grst.g7serrst.gnsckt_wrst.rst_wr_reg2_inst/src_arst
    SLICE_X25Y56         FDPE                                         f  top_i/axi_interconnect_0/s00_couplers/auto_ds/inst/gen_downsizer.gen_simple_downsizer.axi_downsizer_inst/USE_READ.read_addr_inst/cmd_queue/inst/fifo_gen_inst/inst_fifo_gen/gconvfifo.rf/grf.rf/rstblk/ngwrdrst.grst.g7serrst.gnsckt_wrst.rst_wr_reg2_inst/arststages_ff_reg[1]/PRE  (IS_INVERTED)
  -------------------------------------------------------------------    -------------------

                         (clock clk_pl_0 rise edge)
                                                      0.000     0.000 r  
    PS8_X0Y0             PS8                          0.000     0.000 r  top_i/zynq_ps/inst/PS8_i/PLCLK[0]
                         net (fo=1, routed)           0.129     0.129    top_i/zynq_ps/inst/pl_clk_unbuffered[0]
    BUFG_PS_X0Y58        BUFG_PS (Prop_BUFG_PS_I_O)
                                                      0.018     0.147 r  top_i/zynq_ps/inst/buffer_pl_clk_0.PL_CLK_0_BUFG/O
    X2Y3 (CLOCK_ROOT)    net (fo=89829, routed)       1.365     1.512    top_i/axi_interconnect_0/s00_couplers/auto_ds/inst/gen_downsizer.gen_simple_downsizer.axi_downsizer_inst/USE_READ.read_addr_inst/cmd_queue/inst/fifo_gen_inst/inst_fifo_gen/gconvfifo.rf/grf.rf/rstblk/ngwrdrst.grst.g7serrst.gnsckt_wrst.rst_wr_reg2_inst/dest_clk
    SLICE_X25Y56         FDPE                                         r  top_i/axi_interconnect_0/s00_couplers/auto_ds/inst/gen_downsizer.gen_simple_downsizer.axi_downsizer_inst/USE_READ.read_addr_inst/cmd_queue/inst/fifo_gen_inst/inst_fifo_gen/gconvfifo.rf/grf.rf/rstblk/ngwrdrst.grst.g7serrst.gnsckt_wrst.rst_wr_reg2_inst/arststages_ff_reg[1]/C





