Copyright 1986-2022 Xilinx, Inc. All Rights Reserved.
----------------------------------------------------------------------------------------------------------------------------------------------------------------------------------------------------------------
| Tool Version      : Vivado v.2022.2 (lin64) Build 3671981 Fri Oct 14 04:59:54 MDT 2022
| Date              : Sat Mar 15 23:25:34 2025
| Host              : n2cn0914 running 64-bit Ubuntu 22.04.1 LTS
| Command           : report_timing_summary -max_paths 10 -report_unconstrained -file top_wrapper_timing_summary_routed.rpt -pb top_wrapper_timing_summary_routed.pb -rpx top_wrapper_timing_summary_routed.rpx
| Design            : top_wrapper
| Device            : xczu28dr-ffvg1517
| Speed File        : -2  PRODUCTION 1.30 05-03-2022
| Temperature Grade : E
----------------------------------------------------------------------------------------------------------------------------------------------------------------------------------------------------------------

Timing Summary Report

------------------------------------------------------------------------------------------------
| Timer Settings
| --------------
------------------------------------------------------------------------------------------------

  Enable Multi Corner Analysis               :  Yes
  Enable Pessimism Removal                   :  Yes
  Pessimism Removal Resolution               :  Nearest Common Node
  Enable Input Delay Default Clock           :  No
  Enable Preset / Clear Arcs                 :  No
  Disable Flight Delays                      :  No
  Ignore I/O Paths                           :  No
  Timing Early Launch at Borrowing Latches   :  No
  Borrow Time for Max Delay Exceptions       :  Yes
  Merge Timing Exceptions                    :  Yes

  Corner  Analyze    Analyze    
  Name    Max Paths  Min Paths  
  ------  ---------  ---------  
  Slow    Yes        Yes        
  Fast    Yes        Yes        


------------------------------------------------------------------------------------------------
| Report Methodology
| ------------------
------------------------------------------------------------------------------------------------

Rule     Severity  Description                   Violations  
-------  --------  ----------------------------  ----------  
LUTAR-1  Warning   LUT drives async reset alert  3           

Note: This report is based on the most recent report_methodology run and may not be up-to-date. Run report_methodology on the current design for the latest report.



check_timing report

Table of Contents
-----------------
1. checking no_clock (0)
2. checking constant_clock (0)
3. checking pulse_width_clock (0)
4. checking unconstrained_internal_endpoints (0)
5. checking no_input_delay (0)
6. checking no_output_delay (0)
7. checking multiple_clock (0)
8. checking generated_clocks (0)
9. checking loops (0)
10. checking partial_input_delay (0)
11. checking partial_output_delay (0)
12. checking latch_loops (0)

1. checking no_clock (0)
------------------------
 There are 0 register/latch pins with no clock.


2. checking constant_clock (0)
------------------------------
 There are 0 register/latch pins with constant_clock.


3. checking pulse_width_clock (0)
---------------------------------
 There are 0 register/latch pins which need pulse_width check


4. checking unconstrained_internal_endpoints (0)
------------------------------------------------
 There are 0 pins that are not constrained for maximum delay.

 There are 0 pins that are not constrained for maximum delay due to constant clock.


5. checking no_input_delay (0)
------------------------------
 There are 0 input ports with no input delay specified.

 There are 0 input ports with no input delay but user has a false path constraint.


6. checking no_output_delay (0)
-------------------------------
 There are 0 ports with no output delay specified.

 There are 0 ports with no output delay but user has a false path constraint

 There are 0 ports with no output delay but with a timing clock defined on it or propagating through it


7. checking multiple_clock (0)
------------------------------
 There are 0 register/latch pins with multiple clocks.


8. checking generated_clocks (0)
--------------------------------
 There are 0 generated clocks that are not connected to a clock source.


9. checking loops (0)
---------------------
 There are 0 combinational loops in the design.


10. checking partial_input_delay (0)
------------------------------------
 There are 0 input ports with partial input delay specified.


11. checking partial_output_delay (0)
-------------------------------------
 There are 0 ports with partial output delay specified.


12. checking latch_loops (0)
----------------------------
 There are 0 combinational latch loops in the design through latch input



------------------------------------------------------------------------------------------------
| Design Timing Summary
| ---------------------
------------------------------------------------------------------------------------------------

    WNS(ns)      TNS(ns)  TNS Failing Endpoints  TNS Total Endpoints      WHS(ns)      THS(ns)  THS Failing Endpoints  THS Total Endpoints     WPWS(ns)     TPWS(ns)  TPWS Failing Endpoints  TPWS Total Endpoints  
    -------      -------  ---------------------  -------------------      -------      -------  ---------------------  -------------------     --------     --------  ----------------------  --------------------  
      2.013        0.000                      0               420924        0.009        0.000                      0               420924        3.500        0.000                       0                109124  


All user specified timing constraints are met.


------------------------------------------------------------------------------------------------
| Clock Summary
| -------------
------------------------------------------------------------------------------------------------

Clock     Waveform(ns)       Period(ns)      Frequency(MHz)
-----     ------------       ----------      --------------
clk_pl_0  {0.000 5.000}      10.000          100.000         


------------------------------------------------------------------------------------------------
| Intra Clock Table
| -----------------
------------------------------------------------------------------------------------------------

Clock             WNS(ns)      TNS(ns)  TNS Failing Endpoints  TNS Total Endpoints      WHS(ns)      THS(ns)  THS Failing Endpoints  THS Total Endpoints     WPWS(ns)     TPWS(ns)  TPWS Failing Endpoints  TPWS Total Endpoints  
-----             -------      -------  ---------------------  -------------------      -------      -------  ---------------------  -------------------     --------     --------  ----------------------  --------------------  
clk_pl_0            2.013        0.000                      0               420828        0.009        0.000                      0               420828        3.500        0.000                       0                109124  


------------------------------------------------------------------------------------------------
| Inter Clock Table
| -----------------
------------------------------------------------------------------------------------------------

From Clock    To Clock          WNS(ns)      TNS(ns)  TNS Failing Endpoints  TNS Total Endpoints      WHS(ns)      THS(ns)  THS Failing Endpoints  THS Total Endpoints  
----------    --------          -------      -------  ---------------------  -------------------      -------      -------  ---------------------  -------------------  


------------------------------------------------------------------------------------------------
| Other Path Groups Table
| -----------------------
------------------------------------------------------------------------------------------------

Path Group         From Clock         To Clock               WNS(ns)      TNS(ns)  TNS Failing Endpoints  TNS Total Endpoints      WHS(ns)      THS(ns)  THS Failing Endpoints  THS Total Endpoints  
----------         ----------         --------               -------      -------  ---------------------  -------------------      -------      -------  ---------------------  -------------------  
**async_default**  clk_pl_0           clk_pl_0                 8.673        0.000                      0                   96        0.167        0.000                      0                   96  


------------------------------------------------------------------------------------------------
| User Ignored Path Table
| -----------------------
------------------------------------------------------------------------------------------------

Path Group    From Clock    To Clock    
----------    ----------    --------    
(none)                      clk_pl_0      
(none)        clk_pl_0      clk_pl_0      


------------------------------------------------------------------------------------------------
| Unconstrained Path Table
| ------------------------
------------------------------------------------------------------------------------------------

Path Group    From Clock    To Clock    
----------    ----------    --------    


------------------------------------------------------------------------------------------------
| Timing Details
| --------------
------------------------------------------------------------------------------------------------


---------------------------------------------------------------------------------------------------
From Clock:  clk_pl_0
  To Clock:  clk_pl_0

Setup :            0  Failing Endpoints,  Worst Slack        2.013ns,  Total Violation        0.000ns
Hold  :            0  Failing Endpoints,  Worst Slack        0.009ns,  Total Violation        0.000ns
PW    :            0  Failing Endpoints,  Worst Slack        3.500ns,  Total Violation        0.000ns
---------------------------------------------------------------------------------------------------


Max Delay Paths
--------------------------------------------------------------------------------------
Slack (MET) :             2.013ns  (required time - arrival time)
  Source:                 top_i/StreamingDataflowPartition_0/inst/StreamingDataflowPartition_0_StreamingFIFO_rtl_21/inst/genblk1_0.impl/addr_reg[4]/C
                            (rising edge-triggered cell FDRE clocked by clk_pl_0  {rise@0.000ns fall@5.000ns period=10.000ns})
  Destination:            top_i/StreamingDataflowPartition_0/inst/StreamingDataflowPartition_0_StreamingFIFO_rtl_21/inst/genblk1_0.impl/srlo_reg[22]/D
                            (rising edge-triggered cell FDRE clocked by clk_pl_0  {rise@0.000ns fall@5.000ns period=10.000ns})
  Path Group:             clk_pl_0
  Path Type:              Setup (Max at Slow Process Corner)
  Requirement:            10.000ns  (clk_pl_0 rise@10.000ns - clk_pl_0 rise@0.000ns)
  Data Path Delay:        7.631ns  (logic 0.306ns (4.010%)  route 7.325ns (95.990%))
  Logic Levels:           4  (LUT6=1 MUXF7=1 MUXF8=1 SRLC32E=1)
  Clock Path Skew:        -0.252ns (DCD - SCD + CPR)
    Destination Clock Delay (DCD):    2.212ns = ( 12.212 - 10.000 ) 
    Source Clock Delay      (SCD):    2.572ns
    Clock Pessimism Removal (CPR):    0.108ns
  Clock Uncertainty:      0.130ns  ((TSJ^2 + DJ^2)^1/2) / 2 + PE
    Total System Jitter     (TSJ):    0.071ns
    Discrete Jitter          (DJ):    0.250ns
    Phase Error              (PE):    0.000ns
  Clock Net Delay (Source):      2.346ns (routing 0.670ns, distribution 1.676ns)
  Clock Net Delay (Destination): 2.030ns (routing 0.606ns, distribution 1.424ns)

    Location             Delay type                Incr(ns)  Path(ns)    Netlist Resource(s)
  -------------------------------------------------------------------    -------------------
                         (clock clk_pl_0 rise edge)
                                                      0.000     0.000 r  
    PS8_X0Y0             PS8                          0.000     0.000 r  top_i/zynq_ps/inst/PS8_i/PLCLK[0]
                         net (fo=1, routed)           0.198     0.198    top_i/zynq_ps/inst/pl_clk_unbuffered[0]
    BUFG_PS_X0Y53        BUFG_PS (Prop_BUFG_PS_I_O)
                                                      0.028     0.226 r  top_i/zynq_ps/inst/buffer_pl_clk_0.PL_CLK_0_BUFG/O
    X2Y3 (CLOCK_ROOT)    net (fo=114764, routed)      2.346     2.572    top_i/StreamingDataflowPartition_0/inst/StreamingDataflowPartition_0_StreamingFIFO_rtl_21/inst/genblk1_0.impl/ap_clk
    SLICE_X91Y291        FDRE                                         r  top_i/StreamingDataflowPartition_0/inst/StreamingDataflowPartition_0_StreamingFIFO_rtl_21/inst/genblk1_0.impl/addr_reg[4]/C
  -------------------------------------------------------------------    -------------------
    SLICE_X91Y291        FDRE (Prop_EFF2_SLICEL_C_Q)
                                                      0.081     2.653 r  top_i/StreamingDataflowPartition_0/inst/StreamingDataflowPartition_0_StreamingFIFO_rtl_21/inst/genblk1_0.impl/addr_reg[4]/Q
                         net (fo=3085, routed)        7.108     9.760    top_i/StreamingDataflowPartition_0/inst/StreamingDataflowPartition_0_StreamingFIFO_rtl_21/inst/genblk1_0.impl/addr[4]
    SLICE_X96Y210        SRLC32E (Prop_F6LUT_SLICEM_A[4]_Q)
                                                      0.037     9.797 r  top_i/StreamingDataflowPartition_0/inst/StreamingDataflowPartition_0_StreamingFIFO_rtl_21/inst/genblk1_0.impl/srl_reg[228][22]_srl32__1/Q
                         net (fo=1, routed)           0.023     9.820    top_i/StreamingDataflowPartition_0/inst/StreamingDataflowPartition_0_StreamingFIFO_rtl_21/inst/genblk1_0.impl/srl_reg[228][22]_srl32__1_n_3
    SLICE_X96Y210        MUXF7 (Prop_F7MUX_EF_SLICEM_I0_O)
                                                      0.061     9.881 r  top_i/StreamingDataflowPartition_0/inst/StreamingDataflowPartition_0_StreamingFIFO_rtl_21/inst/genblk1_0.impl/srl_reg[228][22]_mux__0/O
                         net (fo=1, routed)           0.000     9.881    top_i/StreamingDataflowPartition_0/inst/StreamingDataflowPartition_0_StreamingFIFO_rtl_21/inst/genblk1_0.impl/srl_reg[228][22]_mux__0_n_3
    SLICE_X96Y210        MUXF8 (Prop_F8MUX_TOP_SLICEM_I1_O)
                                                      0.028     9.909 r  top_i/StreamingDataflowPartition_0/inst/StreamingDataflowPartition_0_StreamingFIFO_rtl_21/inst/genblk1_0.impl/srl_reg[228][22]_mux__3/O
                         net (fo=1, routed)           0.143    10.052    top_i/StreamingDataflowPartition_0/inst/StreamingDataflowPartition_0_StreamingFIFO_rtl_21/inst/genblk1_0.impl/srl_reg[228][22]_mux__3_n_3
    SLICE_X95Y210        LUT6 (Prop_H6LUT_SLICEL_I5_O)
                                                      0.099    10.151 r  top_i/StreamingDataflowPartition_0/inst/StreamingDataflowPartition_0_StreamingFIFO_rtl_21/inst/genblk1_0.impl/srlo[22]_i_1__26/O
                         net (fo=1, routed)           0.051    10.202    top_i/StreamingDataflowPartition_0/inst/StreamingDataflowPartition_0_StreamingFIFO_rtl_21/inst/genblk1_0.impl/srlo[22]_i_1__26_n_3
    SLICE_X95Y210        FDRE                                         r  top_i/StreamingDataflowPartition_0/inst/StreamingDataflowPartition_0_StreamingFIFO_rtl_21/inst/genblk1_0.impl/srlo_reg[22]/D
  -------------------------------------------------------------------    -------------------

                         (clock clk_pl_0 rise edge)
                                                     10.000    10.000 r  
    PS8_X0Y0             PS8                          0.000    10.000 r  top_i/zynq_ps/inst/PS8_i/PLCLK[0]
                         net (fo=1, routed)           0.157    10.157    top_i/zynq_ps/inst/pl_clk_unbuffered[0]
    BUFG_PS_X0Y53        BUFG_PS (Prop_BUFG_PS_I_O)
                                                      0.025    10.182 r  top_i/zynq_ps/inst/buffer_pl_clk_0.PL_CLK_0_BUFG/O
    X2Y3 (CLOCK_ROOT)    net (fo=114764, routed)      2.030    12.212    top_i/StreamingDataflowPartition_0/inst/StreamingDataflowPartition_0_StreamingFIFO_rtl_21/inst/genblk1_0.impl/ap_clk
    SLICE_X95Y210        FDRE                                         r  top_i/StreamingDataflowPartition_0/inst/StreamingDataflowPartition_0_StreamingFIFO_rtl_21/inst/genblk1_0.impl/srlo_reg[22]/C
                         clock pessimism              0.108    12.320    
                         clock uncertainty           -0.130    12.190    
    SLICE_X95Y210        FDRE (Setup_HFF_SLICEL_C_D)
                                                      0.025    12.215    top_i/StreamingDataflowPartition_0/inst/StreamingDataflowPartition_0_StreamingFIFO_rtl_21/inst/genblk1_0.impl/srlo_reg[22]
  -------------------------------------------------------------------
                         required time                         12.215    
                         arrival time                         -10.202    
  -------------------------------------------------------------------
                         slack                                  2.013    

Slack (MET) :             2.147ns  (required time - arrival time)
  Source:                 top_i/StreamingDataflowPartition_0/inst/StreamingDataflowPartition_0_StreamingFIFO_rtl_21/inst/genblk1_0.impl/addr_reg[4]/C
                            (rising edge-triggered cell FDRE clocked by clk_pl_0  {rise@0.000ns fall@5.000ns period=10.000ns})
  Destination:            top_i/StreamingDataflowPartition_0/inst/StreamingDataflowPartition_0_StreamingFIFO_rtl_21/inst/genblk1_0.impl/srlo_reg[16]/D
                            (rising edge-triggered cell FDRE clocked by clk_pl_0  {rise@0.000ns fall@5.000ns period=10.000ns})
  Path Group:             clk_pl_0
  Path Type:              Setup (Max at Slow Process Corner)
  Requirement:            10.000ns  (clk_pl_0 rise@10.000ns - clk_pl_0 rise@0.000ns)
  Data Path Delay:        7.508ns  (logic 0.308ns (4.102%)  route 7.200ns (95.898%))
  Logic Levels:           4  (LUT6=1 MUXF7=1 MUXF8=1 SRLC32E=1)
  Clock Path Skew:        -0.240ns (DCD - SCD + CPR)
    Destination Clock Delay (DCD):    2.223ns = ( 12.223 - 10.000 ) 
    Source Clock Delay      (SCD):    2.572ns
    Clock Pessimism Removal (CPR):    0.108ns
  Clock Uncertainty:      0.130ns  ((TSJ^2 + DJ^2)^1/2) / 2 + PE
    Total System Jitter     (TSJ):    0.071ns
    Discrete Jitter          (DJ):    0.250ns
    Phase Error              (PE):    0.000ns
  Clock Net Delay (Source):      2.346ns (routing 0.670ns, distribution 1.676ns)
  Clock Net Delay (Destination): 2.041ns (routing 0.606ns, distribution 1.435ns)

    Location             Delay type                Incr(ns)  Path(ns)    Netlist Resource(s)
  -------------------------------------------------------------------    -------------------
                         (clock clk_pl_0 rise edge)
                                                      0.000     0.000 r  
    PS8_X0Y0             PS8                          0.000     0.000 r  top_i/zynq_ps/inst/PS8_i/PLCLK[0]
                         net (fo=1, routed)           0.198     0.198    top_i/zynq_ps/inst/pl_clk_unbuffered[0]
    BUFG_PS_X0Y53        BUFG_PS (Prop_BUFG_PS_I_O)
                                                      0.028     0.226 r  top_i/zynq_ps/inst/buffer_pl_clk_0.PL_CLK_0_BUFG/O
    X2Y3 (CLOCK_ROOT)    net (fo=114764, routed)      2.346     2.572    top_i/StreamingDataflowPartition_0/inst/StreamingDataflowPartition_0_StreamingFIFO_rtl_21/inst/genblk1_0.impl/ap_clk
    SLICE_X91Y291        FDRE                                         r  top_i/StreamingDataflowPartition_0/inst/StreamingDataflowPartition_0_StreamingFIFO_rtl_21/inst/genblk1_0.impl/addr_reg[4]/C
  -------------------------------------------------------------------    -------------------
    SLICE_X91Y291        FDRE (Prop_EFF2_SLICEL_C_Q)
                                                      0.081     2.653 r  top_i/StreamingDataflowPartition_0/inst/StreamingDataflowPartition_0_StreamingFIFO_rtl_21/inst/genblk1_0.impl/addr_reg[4]/Q
                         net (fo=3085, routed)        6.979     9.632    top_i/StreamingDataflowPartition_0/inst/StreamingDataflowPartition_0_StreamingFIFO_rtl_21/inst/genblk1_0.impl/addr[4]
    SLICE_X94Y208        SRLC32E (Prop_F6LUT_SLICEM_A[4]_Q)
                                                      0.037     9.669 r  top_i/StreamingDataflowPartition_0/inst/StreamingDataflowPartition_0_StreamingFIFO_rtl_21/inst/genblk1_0.impl/srl_reg[228][16]_srl32__1/Q
                         net (fo=1, routed)           0.023     9.692    top_i/StreamingDataflowPartition_0/inst/StreamingDataflowPartition_0_StreamingFIFO_rtl_21/inst/genblk1_0.impl/srl_reg[228][16]_srl32__1_n_3
    SLICE_X94Y208        MUXF7 (Prop_F7MUX_EF_SLICEM_I0_O)
                                                      0.061     9.753 r  top_i/StreamingDataflowPartition_0/inst/StreamingDataflowPartition_0_StreamingFIFO_rtl_21/inst/genblk1_0.impl/srl_reg[228][16]_mux__0/O
                         net (fo=1, routed)           0.000     9.753    top_i/StreamingDataflowPartition_0/inst/StreamingDataflowPartition_0_StreamingFIFO_rtl_21/inst/genblk1_0.impl/srl_reg[228][16]_mux__0_n_3
    SLICE_X94Y208        MUXF8 (Prop_F8MUX_TOP_SLICEM_I1_O)
                                                      0.028     9.781 r  top_i/StreamingDataflowPartition_0/inst/StreamingDataflowPartition_0_StreamingFIFO_rtl_21/inst/genblk1_0.impl/srl_reg[228][16]_mux__3/O
                         net (fo=1, routed)           0.140     9.921    top_i/StreamingDataflowPartition_0/inst/StreamingDataflowPartition_0_StreamingFIFO_rtl_21/inst/genblk1_0.impl/srl_reg[228][16]_mux__3_n_3
    SLICE_X94Y209        LUT6 (Prop_H6LUT_SLICEM_I5_O)
                                                      0.101    10.022 r  top_i/StreamingDataflowPartition_0/inst/StreamingDataflowPartition_0_StreamingFIFO_rtl_21/inst/genblk1_0.impl/srlo[16]_i_1__26/O
                         net (fo=1, routed)           0.058    10.080    top_i/StreamingDataflowPartition_0/inst/StreamingDataflowPartition_0_StreamingFIFO_rtl_21/inst/genblk1_0.impl/srlo[16]_i_1__26_n_3
    SLICE_X94Y209        FDRE                                         r  top_i/StreamingDataflowPartition_0/inst/StreamingDataflowPartition_0_StreamingFIFO_rtl_21/inst/genblk1_0.impl/srlo_reg[16]/D
  -------------------------------------------------------------------    -------------------

                         (clock clk_pl_0 rise edge)
                                                     10.000    10.000 r  
    PS8_X0Y0             PS8                          0.000    10.000 r  top_i/zynq_ps/inst/PS8_i/PLCLK[0]
                         net (fo=1, routed)           0.157    10.157    top_i/zynq_ps/inst/pl_clk_unbuffered[0]
    BUFG_PS_X0Y53        BUFG_PS (Prop_BUFG_PS_I_O)
                                                      0.025    10.182 r  top_i/zynq_ps/inst/buffer_pl_clk_0.PL_CLK_0_BUFG/O
    X2Y3 (CLOCK_ROOT)    net (fo=114764, routed)      2.041    12.223    top_i/StreamingDataflowPartition_0/inst/StreamingDataflowPartition_0_StreamingFIFO_rtl_21/inst/genblk1_0.impl/ap_clk
    SLICE_X94Y209        FDRE                                         r  top_i/StreamingDataflowPartition_0/inst/StreamingDataflowPartition_0_StreamingFIFO_rtl_21/inst/genblk1_0.impl/srlo_reg[16]/C
                         clock pessimism              0.108    12.331    
                         clock uncertainty           -0.130    12.202    
    SLICE_X94Y209        FDRE (Setup_HFF_SLICEM_C_D)
                                                      0.025    12.227    top_i/StreamingDataflowPartition_0/inst/StreamingDataflowPartition_0_StreamingFIFO_rtl_21/inst/genblk1_0.impl/srlo_reg[16]
  -------------------------------------------------------------------
                         required time                         12.227    
                         arrival time                         -10.080    
  -------------------------------------------------------------------
                         slack                                  2.147    

Slack (MET) :             2.156ns  (required time - arrival time)
  Source:                 top_i/StreamingDataflowPartition_0/inst/StreamingDataflowPartition_0_StreamingFIFO_rtl_21/inst/genblk1_0.impl/addr_reg[4]/C
                            (rising edge-triggered cell FDRE clocked by clk_pl_0  {rise@0.000ns fall@5.000ns period=10.000ns})
  Destination:            top_i/StreamingDataflowPartition_0/inst/StreamingDataflowPartition_0_StreamingFIFO_rtl_21/inst/genblk1_0.impl/srlo_reg[134]/D
                            (rising edge-triggered cell FDRE clocked by clk_pl_0  {rise@0.000ns fall@5.000ns period=10.000ns})
  Path Group:             clk_pl_0
  Path Type:              Setup (Max at Slow Process Corner)
  Requirement:            10.000ns  (clk_pl_0 rise@10.000ns - clk_pl_0 rise@0.000ns)
  Data Path Delay:        7.487ns  (logic 0.306ns (4.087%)  route 7.181ns (95.913%))
  Logic Levels:           4  (LUT6=1 MUXF7=1 MUXF8=1 SRLC32E=1)
  Clock Path Skew:        -0.252ns (DCD - SCD + CPR)
    Destination Clock Delay (DCD):    2.212ns = ( 12.212 - 10.000 ) 
    Source Clock Delay      (SCD):    2.572ns
    Clock Pessimism Removal (CPR):    0.108ns
  Clock Uncertainty:      0.130ns  ((TSJ^2 + DJ^2)^1/2) / 2 + PE
    Total System Jitter     (TSJ):    0.071ns
    Discrete Jitter          (DJ):    0.250ns
    Phase Error              (PE):    0.000ns
  Clock Net Delay (Source):      2.346ns (routing 0.670ns, distribution 1.676ns)
  Clock Net Delay (Destination): 2.030ns (routing 0.606ns, distribution 1.424ns)

    Location             Delay type                Incr(ns)  Path(ns)    Netlist Resource(s)
  -------------------------------------------------------------------    -------------------
                         (clock clk_pl_0 rise edge)
                                                      0.000     0.000 r  
    PS8_X0Y0             PS8                          0.000     0.000 r  top_i/zynq_ps/inst/PS8_i/PLCLK[0]
                         net (fo=1, routed)           0.198     0.198    top_i/zynq_ps/inst/pl_clk_unbuffered[0]
    BUFG_PS_X0Y53        BUFG_PS (Prop_BUFG_PS_I_O)
                                                      0.028     0.226 r  top_i/zynq_ps/inst/buffer_pl_clk_0.PL_CLK_0_BUFG/O
    X2Y3 (CLOCK_ROOT)    net (fo=114764, routed)      2.346     2.572    top_i/StreamingDataflowPartition_0/inst/StreamingDataflowPartition_0_StreamingFIFO_rtl_21/inst/genblk1_0.impl/ap_clk
    SLICE_X91Y291        FDRE                                         r  top_i/StreamingDataflowPartition_0/inst/StreamingDataflowPartition_0_StreamingFIFO_rtl_21/inst/genblk1_0.impl/addr_reg[4]/C
  -------------------------------------------------------------------    -------------------
    SLICE_X91Y291        FDRE (Prop_EFF2_SLICEL_C_Q)
                                                      0.081     2.653 r  top_i/StreamingDataflowPartition_0/inst/StreamingDataflowPartition_0_StreamingFIFO_rtl_21/inst/genblk1_0.impl/addr_reg[4]/Q
                         net (fo=3085, routed)        6.580     9.233    top_i/StreamingDataflowPartition_0/inst/StreamingDataflowPartition_0_StreamingFIFO_rtl_21/inst/genblk1_0.impl/addr[4]
    SLICE_X93Y201        SRLC32E (Prop_F6LUT_SLICEM_A[4]_Q)
                                                      0.037     9.270 r  top_i/StreamingDataflowPartition_0/inst/StreamingDataflowPartition_0_StreamingFIFO_rtl_21/inst/genblk1_0.impl/srl_reg[228][134]_srl32__1/Q
                         net (fo=1, routed)           0.023     9.293    top_i/StreamingDataflowPartition_0/inst/StreamingDataflowPartition_0_StreamingFIFO_rtl_21/inst/genblk1_0.impl/srl_reg[228][134]_srl32__1_n_3
    SLICE_X93Y201        MUXF7 (Prop_F7MUX_EF_SLICEM_I0_O)
                                                      0.061     9.354 r  top_i/StreamingDataflowPartition_0/inst/StreamingDataflowPartition_0_StreamingFIFO_rtl_21/inst/genblk1_0.impl/srl_reg[228][134]_mux__0/O
                         net (fo=1, routed)           0.000     9.354    top_i/StreamingDataflowPartition_0/inst/StreamingDataflowPartition_0_StreamingFIFO_rtl_21/inst/genblk1_0.impl/srl_reg[228][134]_mux__0_n_3
    SLICE_X93Y201        MUXF8 (Prop_F8MUX_TOP_SLICEM_I1_O)
                                                      0.028     9.382 r  top_i/StreamingDataflowPartition_0/inst/StreamingDataflowPartition_0_StreamingFIFO_rtl_21/inst/genblk1_0.impl/srl_reg[228][134]_mux__3/O
                         net (fo=1, routed)           0.527     9.909    top_i/StreamingDataflowPartition_0/inst/StreamingDataflowPartition_0_StreamingFIFO_rtl_21/inst/genblk1_0.impl/srl_reg[228][134]_mux__3_n_3
    SLICE_X91Y201        LUT6 (Prop_H6LUT_SLICEL_I5_O)
                                                      0.099    10.008 r  top_i/StreamingDataflowPartition_0/inst/StreamingDataflowPartition_0_StreamingFIFO_rtl_21/inst/genblk1_0.impl/srlo[134]_i_1__8/O
                         net (fo=1, routed)           0.051    10.059    top_i/StreamingDataflowPartition_0/inst/StreamingDataflowPartition_0_StreamingFIFO_rtl_21/inst/genblk1_0.impl/srlo[134]_i_1__8_n_3
    SLICE_X91Y201        FDRE                                         r  top_i/StreamingDataflowPartition_0/inst/StreamingDataflowPartition_0_StreamingFIFO_rtl_21/inst/genblk1_0.impl/srlo_reg[134]/D
  -------------------------------------------------------------------    -------------------

                         (clock clk_pl_0 rise edge)
                                                     10.000    10.000 r  
    PS8_X0Y0             PS8                          0.000    10.000 r  top_i/zynq_ps/inst/PS8_i/PLCLK[0]
                         net (fo=1, routed)           0.157    10.157    top_i/zynq_ps/inst/pl_clk_unbuffered[0]
    BUFG_PS_X0Y53        BUFG_PS (Prop_BUFG_PS_I_O)
                                                      0.025    10.182 r  top_i/zynq_ps/inst/buffer_pl_clk_0.PL_CLK_0_BUFG/O
    X2Y3 (CLOCK_ROOT)    net (fo=114764, routed)      2.030    12.212    top_i/StreamingDataflowPartition_0/inst/StreamingDataflowPartition_0_StreamingFIFO_rtl_21/inst/genblk1_0.impl/ap_clk
    SLICE_X91Y201        FDRE                                         r  top_i/StreamingDataflowPartition_0/inst/StreamingDataflowPartition_0_StreamingFIFO_rtl_21/inst/genblk1_0.impl/srlo_reg[134]/C
                         clock pessimism              0.108    12.320    
                         clock uncertainty           -0.130    12.190    
    SLICE_X91Y201        FDRE (Setup_HFF_SLICEL_C_D)
                                                      0.025    12.215    top_i/StreamingDataflowPartition_0/inst/StreamingDataflowPartition_0_StreamingFIFO_rtl_21/inst/genblk1_0.impl/srlo_reg[134]
  -------------------------------------------------------------------
                         required time                         12.215    
                         arrival time                         -10.059    
  -------------------------------------------------------------------
                         slack                                  2.156    

Slack (MET) :             2.172ns  (required time - arrival time)
  Source:                 top_i/StreamingDataflowPartition_0/inst/StreamingDataflowPartition_0_StreamingFIFO_rtl_21/inst/genblk1_0.impl/addr_reg[4]/C
                            (rising edge-triggered cell FDRE clocked by clk_pl_0  {rise@0.000ns fall@5.000ns period=10.000ns})
  Destination:            top_i/StreamingDataflowPartition_0/inst/StreamingDataflowPartition_0_StreamingFIFO_rtl_21/inst/genblk1_0.impl/srlo_reg[1]/D
                            (rising edge-triggered cell FDRE clocked by clk_pl_0  {rise@0.000ns fall@5.000ns period=10.000ns})
  Path Group:             clk_pl_0
  Path Type:              Setup (Max at Slow Process Corner)
  Requirement:            10.000ns  (clk_pl_0 rise@10.000ns - clk_pl_0 rise@0.000ns)
  Data Path Delay:        7.472ns  (logic 0.353ns (4.725%)  route 7.119ns (95.275%))
  Logic Levels:           4  (LUT6=1 MUXF7=1 MUXF8=1 SRLC32E=1)
  Clock Path Skew:        -0.252ns (DCD - SCD + CPR)
    Destination Clock Delay (DCD):    2.212ns = ( 12.212 - 10.000 ) 
    Source Clock Delay      (SCD):    2.572ns
    Clock Pessimism Removal (CPR):    0.108ns
  Clock Uncertainty:      0.130ns  ((TSJ^2 + DJ^2)^1/2) / 2 + PE
    Total System Jitter     (TSJ):    0.071ns
    Discrete Jitter          (DJ):    0.250ns
    Phase Error              (PE):    0.000ns
  Clock Net Delay (Source):      2.346ns (routing 0.670ns, distribution 1.676ns)
  Clock Net Delay (Destination): 2.030ns (routing 0.606ns, distribution 1.424ns)

    Location             Delay type                Incr(ns)  Path(ns)    Netlist Resource(s)
  -------------------------------------------------------------------    -------------------
                         (clock clk_pl_0 rise edge)
                                                      0.000     0.000 r  
    PS8_X0Y0             PS8                          0.000     0.000 r  top_i/zynq_ps/inst/PS8_i/PLCLK[0]
                         net (fo=1, routed)           0.198     0.198    top_i/zynq_ps/inst/pl_clk_unbuffered[0]
    BUFG_PS_X0Y53        BUFG_PS (Prop_BUFG_PS_I_O)
                                                      0.028     0.226 r  top_i/zynq_ps/inst/buffer_pl_clk_0.PL_CLK_0_BUFG/O
    X2Y3 (CLOCK_ROOT)    net (fo=114764, routed)      2.346     2.572    top_i/StreamingDataflowPartition_0/inst/StreamingDataflowPartition_0_StreamingFIFO_rtl_21/inst/genblk1_0.impl/ap_clk
    SLICE_X91Y291        FDRE                                         r  top_i/StreamingDataflowPartition_0/inst/StreamingDataflowPartition_0_StreamingFIFO_rtl_21/inst/genblk1_0.impl/addr_reg[4]/C
  -------------------------------------------------------------------    -------------------
    SLICE_X91Y291        FDRE (Prop_EFF2_SLICEL_C_Q)
                                                      0.081     2.653 r  top_i/StreamingDataflowPartition_0/inst/StreamingDataflowPartition_0_StreamingFIFO_rtl_21/inst/genblk1_0.impl/addr_reg[4]/Q
                         net (fo=3085, routed)        6.892     9.544    top_i/StreamingDataflowPartition_0/inst/StreamingDataflowPartition_0_StreamingFIFO_rtl_21/inst/genblk1_0.impl/addr[4]
    SLICE_X93Y206        SRLC32E (Prop_F6LUT_SLICEM_A[4]_Q)
                                                      0.037     9.581 r  top_i/StreamingDataflowPartition_0/inst/StreamingDataflowPartition_0_StreamingFIFO_rtl_21/inst/genblk1_0.impl/srl_reg[228][1]_srl32__1/Q
                         net (fo=1, routed)           0.023     9.604    top_i/StreamingDataflowPartition_0/inst/StreamingDataflowPartition_0_StreamingFIFO_rtl_21/inst/genblk1_0.impl/srl_reg[228][1]_srl32__1_n_3
    SLICE_X93Y206        MUXF7 (Prop_F7MUX_EF_SLICEM_I0_O)
                                                      0.061     9.665 r  top_i/StreamingDataflowPartition_0/inst/StreamingDataflowPartition_0_StreamingFIFO_rtl_21/inst/genblk1_0.impl/srl_reg[228][1]_mux__0/O
                         net (fo=1, routed)           0.000     9.665    top_i/StreamingDataflowPartition_0/inst/StreamingDataflowPartition_0_StreamingFIFO_rtl_21/inst/genblk1_0.impl/srl_reg[228][1]_mux__0_n_3
    SLICE_X93Y206        MUXF8 (Prop_F8MUX_TOP_SLICEM_I1_O)
                                                      0.028     9.693 r  top_i/StreamingDataflowPartition_0/inst/StreamingDataflowPartition_0_StreamingFIFO_rtl_21/inst/genblk1_0.impl/srl_reg[228][1]_mux__3/O
                         net (fo=1, routed)           0.154     9.847    top_i/StreamingDataflowPartition_0/inst/StreamingDataflowPartition_0_StreamingFIFO_rtl_21/inst/genblk1_0.impl/srl_reg[228][1]_mux__3_n_3
    SLICE_X92Y206        LUT6 (Prop_C6LUT_SLICEL_I5_O)
                                                      0.146     9.993 r  top_i/StreamingDataflowPartition_0/inst/StreamingDataflowPartition_0_StreamingFIFO_rtl_21/inst/genblk1_0.impl/srlo[1]_i_1__32/O
                         net (fo=1, routed)           0.050    10.043    top_i/StreamingDataflowPartition_0/inst/StreamingDataflowPartition_0_StreamingFIFO_rtl_21/inst/genblk1_0.impl/srlo[1]_i_1__32_n_3
    SLICE_X92Y206        FDRE                                         r  top_i/StreamingDataflowPartition_0/inst/StreamingDataflowPartition_0_StreamingFIFO_rtl_21/inst/genblk1_0.impl/srlo_reg[1]/D
  -------------------------------------------------------------------    -------------------

                         (clock clk_pl_0 rise edge)
                                                     10.000    10.000 r  
    PS8_X0Y0             PS8                          0.000    10.000 r  top_i/zynq_ps/inst/PS8_i/PLCLK[0]
                         net (fo=1, routed)           0.157    10.157    top_i/zynq_ps/inst/pl_clk_unbuffered[0]
    BUFG_PS_X0Y53        BUFG_PS (Prop_BUFG_PS_I_O)
                                                      0.025    10.182 r  top_i/zynq_ps/inst/buffer_pl_clk_0.PL_CLK_0_BUFG/O
    X2Y3 (CLOCK_ROOT)    net (fo=114764, routed)      2.030    12.212    top_i/StreamingDataflowPartition_0/inst/StreamingDataflowPartition_0_StreamingFIFO_rtl_21/inst/genblk1_0.impl/ap_clk
    SLICE_X92Y206        FDRE                                         r  top_i/StreamingDataflowPartition_0/inst/StreamingDataflowPartition_0_StreamingFIFO_rtl_21/inst/genblk1_0.impl/srlo_reg[1]/C
                         clock pessimism              0.108    12.320    
                         clock uncertainty           -0.130    12.190    
    SLICE_X92Y206        FDRE (Setup_CFF_SLICEL_C_D)
                                                      0.025    12.215    top_i/StreamingDataflowPartition_0/inst/StreamingDataflowPartition_0_StreamingFIFO_rtl_21/inst/genblk1_0.impl/srlo_reg[1]
  -------------------------------------------------------------------
                         required time                         12.215    
                         arrival time                         -10.043    
  -------------------------------------------------------------------
                         slack                                  2.172    

Slack (MET) :             2.180ns  (required time - arrival time)
  Source:                 top_i/StreamingDataflowPartition_0/inst/StreamingDataflowPartition_0_StreamingFIFO_rtl_21/inst/genblk1_0.impl/addr_reg[4]/C
                            (rising edge-triggered cell FDRE clocked by clk_pl_0  {rise@0.000ns fall@5.000ns period=10.000ns})
  Destination:            top_i/StreamingDataflowPartition_0/inst/StreamingDataflowPartition_0_StreamingFIFO_rtl_21/inst/genblk1_0.impl/srlo_reg[2]/D
                            (rising edge-triggered cell FDRE clocked by clk_pl_0  {rise@0.000ns fall@5.000ns period=10.000ns})
  Path Group:             clk_pl_0
  Path Type:              Setup (Max at Slow Process Corner)
  Requirement:            10.000ns  (clk_pl_0 rise@10.000ns - clk_pl_0 rise@0.000ns)
  Data Path Delay:        7.466ns  (logic 0.357ns (4.781%)  route 7.109ns (95.219%))
  Logic Levels:           4  (LUT6=1 MUXF7=1 MUXF8=1 SRLC32E=1)
  Clock Path Skew:        -0.249ns (DCD - SCD + CPR)
    Destination Clock Delay (DCD):    2.215ns = ( 12.215 - 10.000 ) 
    Source Clock Delay      (SCD):    2.572ns
    Clock Pessimism Removal (CPR):    0.108ns
  Clock Uncertainty:      0.130ns  ((TSJ^2 + DJ^2)^1/2) / 2 + PE
    Total System Jitter     (TSJ):    0.071ns
    Discrete Jitter          (DJ):    0.250ns
    Phase Error              (PE):    0.000ns
  Clock Net Delay (Source):      2.346ns (routing 0.670ns, distribution 1.676ns)
  Clock Net Delay (Destination): 2.033ns (routing 0.606ns, distribution 1.427ns)

    Location             Delay type                Incr(ns)  Path(ns)    Netlist Resource(s)
  -------------------------------------------------------------------    -------------------
                         (clock clk_pl_0 rise edge)
                                                      0.000     0.000 r  
    PS8_X0Y0             PS8                          0.000     0.000 r  top_i/zynq_ps/inst/PS8_i/PLCLK[0]
                         net (fo=1, routed)           0.198     0.198    top_i/zynq_ps/inst/pl_clk_unbuffered[0]
    BUFG_PS_X0Y53        BUFG_PS (Prop_BUFG_PS_I_O)
                                                      0.028     0.226 r  top_i/zynq_ps/inst/buffer_pl_clk_0.PL_CLK_0_BUFG/O
    X2Y3 (CLOCK_ROOT)    net (fo=114764, routed)      2.346     2.572    top_i/StreamingDataflowPartition_0/inst/StreamingDataflowPartition_0_StreamingFIFO_rtl_21/inst/genblk1_0.impl/ap_clk
    SLICE_X91Y291        FDRE                                         r  top_i/StreamingDataflowPartition_0/inst/StreamingDataflowPartition_0_StreamingFIFO_rtl_21/inst/genblk1_0.impl/addr_reg[4]/C
  -------------------------------------------------------------------    -------------------
    SLICE_X91Y291        FDRE (Prop_EFF2_SLICEL_C_Q)
                                                      0.081     2.653 r  top_i/StreamingDataflowPartition_0/inst/StreamingDataflowPartition_0_StreamingFIFO_rtl_21/inst/genblk1_0.impl/addr_reg[4]/Q
                         net (fo=3085, routed)        6.691     9.344    top_i/StreamingDataflowPartition_0/inst/StreamingDataflowPartition_0_StreamingFIFO_rtl_21/inst/genblk1_0.impl/addr[4]
    SLICE_X93Y205        SRLC32E (Prop_F6LUT_SLICEM_A[4]_Q)
                                                      0.037     9.381 r  top_i/StreamingDataflowPartition_0/inst/StreamingDataflowPartition_0_StreamingFIFO_rtl_21/inst/genblk1_0.impl/srl_reg[228][2]_srl32__1/Q
                         net (fo=1, routed)           0.023     9.404    top_i/StreamingDataflowPartition_0/inst/StreamingDataflowPartition_0_StreamingFIFO_rtl_21/inst/genblk1_0.impl/srl_reg[228][2]_srl32__1_n_3
    SLICE_X93Y205        MUXF7 (Prop_F7MUX_EF_SLICEM_I0_O)
                                                      0.061     9.465 r  top_i/StreamingDataflowPartition_0/inst/StreamingDataflowPartition_0_StreamingFIFO_rtl_21/inst/genblk1_0.impl/srl_reg[228][2]_mux__0/O
                         net (fo=1, routed)           0.000     9.465    top_i/StreamingDataflowPartition_0/inst/StreamingDataflowPartition_0_StreamingFIFO_rtl_21/inst/genblk1_0.impl/srl_reg[228][2]_mux__0_n_3
    SLICE_X93Y205        MUXF8 (Prop_F8MUX_TOP_SLICEM_I1_O)
                                                      0.028     9.493 r  top_i/StreamingDataflowPartition_0/inst/StreamingDataflowPartition_0_StreamingFIFO_rtl_21/inst/genblk1_0.impl/srl_reg[228][2]_mux__3/O
                         net (fo=1, routed)           0.344     9.837    top_i/StreamingDataflowPartition_0/inst/StreamingDataflowPartition_0_StreamingFIFO_rtl_21/inst/genblk1_0.impl/srl_reg[228][2]_mux__3_n_3
    SLICE_X92Y205        LUT6 (Prop_H6LUT_SLICEL_I5_O)
                                                      0.150     9.987 r  top_i/StreamingDataflowPartition_0/inst/StreamingDataflowPartition_0_StreamingFIFO_rtl_21/inst/genblk1_0.impl/srlo[2]_i_1__32/O
                         net (fo=1, routed)           0.051    10.038    top_i/StreamingDataflowPartition_0/inst/StreamingDataflowPartition_0_StreamingFIFO_rtl_21/inst/genblk1_0.impl/srlo[2]_i_1__32_n_3
    SLICE_X92Y205        FDRE                                         r  top_i/StreamingDataflowPartition_0/inst/StreamingDataflowPartition_0_StreamingFIFO_rtl_21/inst/genblk1_0.impl/srlo_reg[2]/D
  -------------------------------------------------------------------    -------------------

                         (clock clk_pl_0 rise edge)
                                                     10.000    10.000 r  
    PS8_X0Y0             PS8                          0.000    10.000 r  top_i/zynq_ps/inst/PS8_i/PLCLK[0]
                         net (fo=1, routed)           0.157    10.157    top_i/zynq_ps/inst/pl_clk_unbuffered[0]
    BUFG_PS_X0Y53        BUFG_PS (Prop_BUFG_PS_I_O)
                                                      0.025    10.182 r  top_i/zynq_ps/inst/buffer_pl_clk_0.PL_CLK_0_BUFG/O
    X2Y3 (CLOCK_ROOT)    net (fo=114764, routed)      2.033    12.215    top_i/StreamingDataflowPartition_0/inst/StreamingDataflowPartition_0_StreamingFIFO_rtl_21/inst/genblk1_0.impl/ap_clk
    SLICE_X92Y205        FDRE                                         r  top_i/StreamingDataflowPartition_0/inst/StreamingDataflowPartition_0_StreamingFIFO_rtl_21/inst/genblk1_0.impl/srlo_reg[2]/C
                         clock pessimism              0.108    12.323    
                         clock uncertainty           -0.130    12.193    
    SLICE_X92Y205        FDRE (Setup_HFF_SLICEL_C_D)
                                                      0.025    12.218    top_i/StreamingDataflowPartition_0/inst/StreamingDataflowPartition_0_StreamingFIFO_rtl_21/inst/genblk1_0.impl/srlo_reg[2]
  -------------------------------------------------------------------
                         required time                         12.218    
                         arrival time                         -10.038    
  -------------------------------------------------------------------
                         slack                                  2.180    

Slack (MET) :             2.314ns  (required time - arrival time)
  Source:                 top_i/StreamingDataflowPartition_0/inst/StreamingDataflowPartition_0_StreamingFIFO_rtl_21/inst/genblk1_0.impl/addr_reg[4]/C
                            (rising edge-triggered cell FDRE clocked by clk_pl_0  {rise@0.000ns fall@5.000ns period=10.000ns})
  Destination:            top_i/StreamingDataflowPartition_0/inst/StreamingDataflowPartition_0_StreamingFIFO_rtl_21/inst/genblk1_0.impl/srlo_reg[152]/D
                            (rising edge-triggered cell FDRE clocked by clk_pl_0  {rise@0.000ns fall@5.000ns period=10.000ns})
  Path Group:             clk_pl_0
  Path Type:              Setup (Max at Slow Process Corner)
  Requirement:            10.000ns  (clk_pl_0 rise@10.000ns - clk_pl_0 rise@0.000ns)
  Data Path Delay:        7.397ns  (logic 0.246ns (3.326%)  route 7.151ns (96.674%))
  Logic Levels:           4  (LUT6=1 MUXF7=1 MUXF8=1 SRLC32E=1)
  Clock Path Skew:        -0.184ns (DCD - SCD + CPR)
    Destination Clock Delay (DCD):    2.280ns = ( 12.280 - 10.000 ) 
    Source Clock Delay      (SCD):    2.572ns
    Clock Pessimism Removal (CPR):    0.108ns
  Clock Uncertainty:      0.130ns  ((TSJ^2 + DJ^2)^1/2) / 2 + PE
    Total System Jitter     (TSJ):    0.071ns
    Discrete Jitter          (DJ):    0.250ns
    Phase Error              (PE):    0.000ns
  Clock Net Delay (Source):      2.346ns (routing 0.670ns, distribution 1.676ns)
  Clock Net Delay (Destination): 2.098ns (routing 0.606ns, distribution 1.492ns)

    Location             Delay type                Incr(ns)  Path(ns)    Netlist Resource(s)
  -------------------------------------------------------------------    -------------------
                         (clock clk_pl_0 rise edge)
                                                      0.000     0.000 r  
    PS8_X0Y0             PS8                          0.000     0.000 r  top_i/zynq_ps/inst/PS8_i/PLCLK[0]
                         net (fo=1, routed)           0.198     0.198    top_i/zynq_ps/inst/pl_clk_unbuffered[0]
    BUFG_PS_X0Y53        BUFG_PS (Prop_BUFG_PS_I_O)
                                                      0.028     0.226 r  top_i/zynq_ps/inst/buffer_pl_clk_0.PL_CLK_0_BUFG/O
    X2Y3 (CLOCK_ROOT)    net (fo=114764, routed)      2.346     2.572    top_i/StreamingDataflowPartition_0/inst/StreamingDataflowPartition_0_StreamingFIFO_rtl_21/inst/genblk1_0.impl/ap_clk
    SLICE_X91Y291        FDRE                                         r  top_i/StreamingDataflowPartition_0/inst/StreamingDataflowPartition_0_StreamingFIFO_rtl_21/inst/genblk1_0.impl/addr_reg[4]/C
  -------------------------------------------------------------------    -------------------
    SLICE_X91Y291        FDRE (Prop_EFF2_SLICEL_C_Q)
                                                      0.081     2.653 r  top_i/StreamingDataflowPartition_0/inst/StreamingDataflowPartition_0_StreamingFIFO_rtl_21/inst/genblk1_0.impl/addr_reg[4]/Q
                         net (fo=3085, routed)        6.871     9.524    top_i/StreamingDataflowPartition_0/inst/StreamingDataflowPartition_0_StreamingFIFO_rtl_21/inst/genblk1_0.impl/addr[4]
    SLICE_X104Y201       SRLC32E (Prop_D6LUT_SLICEM_A[4]_Q)
                                                      0.037     9.561 r  top_i/StreamingDataflowPartition_0/inst/StreamingDataflowPartition_0_StreamingFIFO_rtl_21/inst/genblk1_0.impl/srl_reg[228][152]_srl32__3/Q
                         net (fo=1, routed)           0.025     9.586    top_i/StreamingDataflowPartition_0/inst/StreamingDataflowPartition_0_StreamingFIFO_rtl_21/inst/genblk1_0.impl/srl_reg[228][152]_srl32__3_n_3
    SLICE_X104Y201       MUXF7 (Prop_F7MUX_CD_SLICEM_I0_O)
                                                      0.062     9.648 r  top_i/StreamingDataflowPartition_0/inst/StreamingDataflowPartition_0_StreamingFIFO_rtl_21/inst/genblk1_0.impl/srl_reg[228][152]_mux__1/O
                         net (fo=1, routed)           0.000     9.648    top_i/StreamingDataflowPartition_0/inst/StreamingDataflowPartition_0_StreamingFIFO_rtl_21/inst/genblk1_0.impl/srl_reg[228][152]_mux__1_n_3
    SLICE_X104Y201       MUXF8 (Prop_F8MUX_BOT_SLICEM_I0_O)
                                                      0.030     9.678 r  top_i/StreamingDataflowPartition_0/inst/StreamingDataflowPartition_0_StreamingFIFO_rtl_21/inst/genblk1_0.impl/srl_reg[228][152]_mux__4/O
                         net (fo=1, routed)           0.204     9.882    top_i/StreamingDataflowPartition_0/inst/StreamingDataflowPartition_0_StreamingFIFO_rtl_21/inst/genblk1_0.impl/srl_reg[228][152]_mux__4_n_3
    SLICE_X102Y201       LUT6 (Prop_H6LUT_SLICEL_I3_O)
                                                      0.036     9.918 r  top_i/StreamingDataflowPartition_0/inst/StreamingDataflowPartition_0_StreamingFIFO_rtl_21/inst/genblk1_0.impl/srlo[152]_i_1__8/O
                         net (fo=1, routed)           0.051     9.969    top_i/StreamingDataflowPartition_0/inst/StreamingDataflowPartition_0_StreamingFIFO_rtl_21/inst/genblk1_0.impl/srlo[152]_i_1__8_n_3
    SLICE_X102Y201       FDRE                                         r  top_i/StreamingDataflowPartition_0/inst/StreamingDataflowPartition_0_StreamingFIFO_rtl_21/inst/genblk1_0.impl/srlo_reg[152]/D
  -------------------------------------------------------------------    -------------------

                         (clock clk_pl_0 rise edge)
                                                     10.000    10.000 r  
    PS8_X0Y0             PS8                          0.000    10.000 r  top_i/zynq_ps/inst/PS8_i/PLCLK[0]
                         net (fo=1, routed)           0.157    10.157    top_i/zynq_ps/inst/pl_clk_unbuffered[0]
    BUFG_PS_X0Y53        BUFG_PS (Prop_BUFG_PS_I_O)
                                                      0.025    10.182 r  top_i/zynq_ps/inst/buffer_pl_clk_0.PL_CLK_0_BUFG/O
    X2Y3 (CLOCK_ROOT)    net (fo=114764, routed)      2.098    12.280    top_i/StreamingDataflowPartition_0/inst/StreamingDataflowPartition_0_StreamingFIFO_rtl_21/inst/genblk1_0.impl/ap_clk
    SLICE_X102Y201       FDRE                                         r  top_i/StreamingDataflowPartition_0/inst/StreamingDataflowPartition_0_StreamingFIFO_rtl_21/inst/genblk1_0.impl/srlo_reg[152]/C
                         clock pessimism              0.108    12.388    
                         clock uncertainty           -0.130    12.258    
    SLICE_X102Y201       FDRE (Setup_HFF_SLICEL_C_D)
                                                      0.025    12.283    top_i/StreamingDataflowPartition_0/inst/StreamingDataflowPartition_0_StreamingFIFO_rtl_21/inst/genblk1_0.impl/srlo_reg[152]
  -------------------------------------------------------------------
                         required time                         12.283    
                         arrival time                          -9.969    
  -------------------------------------------------------------------
                         slack                                  2.314    

Slack (MET) :             2.317ns  (required time - arrival time)
  Source:                 top_i/StreamingDataflowPartition_0/inst/StreamingDataflowPartition_0_StreamingFIFO_rtl_21/inst/genblk1_0.impl/addr_reg[4]/C
                            (rising edge-triggered cell FDRE clocked by clk_pl_0  {rise@0.000ns fall@5.000ns period=10.000ns})
  Destination:            top_i/StreamingDataflowPartition_0/inst/StreamingDataflowPartition_0_StreamingFIFO_rtl_21/inst/genblk1_0.impl/srlo_reg[126]/D
                            (rising edge-triggered cell FDRE clocked by clk_pl_0  {rise@0.000ns fall@5.000ns period=10.000ns})
  Path Group:             clk_pl_0
  Path Type:              Setup (Max at Slow Process Corner)
  Requirement:            10.000ns  (clk_pl_0 rise@10.000ns - clk_pl_0 rise@0.000ns)
  Data Path Delay:        7.325ns  (logic 0.308ns (4.204%)  route 7.017ns (95.796%))
  Logic Levels:           4  (LUT6=1 MUXF7=1 MUXF8=1 SRLC32E=1)
  Clock Path Skew:        -0.253ns (DCD - SCD + CPR)
    Destination Clock Delay (DCD):    2.211ns = ( 12.211 - 10.000 ) 
    Source Clock Delay      (SCD):    2.572ns
    Clock Pessimism Removal (CPR):    0.108ns
  Clock Uncertainty:      0.130ns  ((TSJ^2 + DJ^2)^1/2) / 2 + PE
    Total System Jitter     (TSJ):    0.071ns
    Discrete Jitter          (DJ):    0.250ns
    Phase Error              (PE):    0.000ns
  Clock Net Delay (Source):      2.346ns (routing 0.670ns, distribution 1.676ns)
  Clock Net Delay (Destination): 2.029ns (routing 0.606ns, distribution 1.423ns)

    Location             Delay type                Incr(ns)  Path(ns)    Netlist Resource(s)
  -------------------------------------------------------------------    -------------------
                         (clock clk_pl_0 rise edge)
                                                      0.000     0.000 r  
    PS8_X0Y0             PS8                          0.000     0.000 r  top_i/zynq_ps/inst/PS8_i/PLCLK[0]
                         net (fo=1, routed)           0.198     0.198    top_i/zynq_ps/inst/pl_clk_unbuffered[0]
    BUFG_PS_X0Y53        BUFG_PS (Prop_BUFG_PS_I_O)
                                                      0.028     0.226 r  top_i/zynq_ps/inst/buffer_pl_clk_0.PL_CLK_0_BUFG/O
    X2Y3 (CLOCK_ROOT)    net (fo=114764, routed)      2.346     2.572    top_i/StreamingDataflowPartition_0/inst/StreamingDataflowPartition_0_StreamingFIFO_rtl_21/inst/genblk1_0.impl/ap_clk
    SLICE_X91Y291        FDRE                                         r  top_i/StreamingDataflowPartition_0/inst/StreamingDataflowPartition_0_StreamingFIFO_rtl_21/inst/genblk1_0.impl/addr_reg[4]/C
  -------------------------------------------------------------------    -------------------
    SLICE_X91Y291        FDRE (Prop_EFF2_SLICEL_C_Q)
                                                      0.081     2.653 r  top_i/StreamingDataflowPartition_0/inst/StreamingDataflowPartition_0_StreamingFIFO_rtl_21/inst/genblk1_0.impl/addr_reg[4]/Q
                         net (fo=3085, routed)        6.621     9.274    top_i/StreamingDataflowPartition_0/inst/StreamingDataflowPartition_0_StreamingFIFO_rtl_21/inst/genblk1_0.impl/addr[4]
    SLICE_X93Y204        SRLC32E (Prop_D6LUT_SLICEM_A[4]_Q)
                                                      0.037     9.311 r  top_i/StreamingDataflowPartition_0/inst/StreamingDataflowPartition_0_StreamingFIFO_rtl_21/inst/genblk1_0.impl/srl_reg[228][126]_srl32__3/Q
                         net (fo=1, routed)           0.025     9.336    top_i/StreamingDataflowPartition_0/inst/StreamingDataflowPartition_0_StreamingFIFO_rtl_21/inst/genblk1_0.impl/srl_reg[228][126]_srl32__3_n_3
    SLICE_X93Y204        MUXF7 (Prop_F7MUX_CD_SLICEM_I0_O)
                                                      0.062     9.398 r  top_i/StreamingDataflowPartition_0/inst/StreamingDataflowPartition_0_StreamingFIFO_rtl_21/inst/genblk1_0.impl/srl_reg[228][126]_mux__1/O
                         net (fo=1, routed)           0.000     9.398    top_i/StreamingDataflowPartition_0/inst/StreamingDataflowPartition_0_StreamingFIFO_rtl_21/inst/genblk1_0.impl/srl_reg[228][126]_mux__1_n_3
    SLICE_X93Y204        MUXF8 (Prop_F8MUX_BOT_SLICEM_I0_O)
                                                      0.030     9.428 r  top_i/StreamingDataflowPartition_0/inst/StreamingDataflowPartition_0_StreamingFIFO_rtl_21/inst/genblk1_0.impl/srl_reg[228][126]_mux__4/O
                         net (fo=1, routed)           0.322     9.750    top_i/StreamingDataflowPartition_0/inst/StreamingDataflowPartition_0_StreamingFIFO_rtl_21/inst/genblk1_0.impl/srl_reg[228][126]_mux__4_n_3
    SLICE_X91Y204        LUT6 (Prop_B6LUT_SLICEL_I3_O)
                                                      0.098     9.848 r  top_i/StreamingDataflowPartition_0/inst/StreamingDataflowPartition_0_StreamingFIFO_rtl_21/inst/genblk1_0.impl/srlo[126]_i_1__20/O
                         net (fo=1, routed)           0.049     9.897    top_i/StreamingDataflowPartition_0/inst/StreamingDataflowPartition_0_StreamingFIFO_rtl_21/inst/genblk1_0.impl/srlo[126]_i_1__20_n_3
    SLICE_X91Y204        FDRE                                         r  top_i/StreamingDataflowPartition_0/inst/StreamingDataflowPartition_0_StreamingFIFO_rtl_21/inst/genblk1_0.impl/srlo_reg[126]/D
  -------------------------------------------------------------------    -------------------

                         (clock clk_pl_0 rise edge)
                                                     10.000    10.000 r  
    PS8_X0Y0             PS8                          0.000    10.000 r  top_i/zynq_ps/inst/PS8_i/PLCLK[0]
                         net (fo=1, routed)           0.157    10.157    top_i/zynq_ps/inst/pl_clk_unbuffered[0]
    BUFG_PS_X0Y53        BUFG_PS (Prop_BUFG_PS_I_O)
                                                      0.025    10.182 r  top_i/zynq_ps/inst/buffer_pl_clk_0.PL_CLK_0_BUFG/O
    X2Y3 (CLOCK_ROOT)    net (fo=114764, routed)      2.029    12.211    top_i/StreamingDataflowPartition_0/inst/StreamingDataflowPartition_0_StreamingFIFO_rtl_21/inst/genblk1_0.impl/ap_clk
    SLICE_X91Y204        FDRE                                         r  top_i/StreamingDataflowPartition_0/inst/StreamingDataflowPartition_0_StreamingFIFO_rtl_21/inst/genblk1_0.impl/srlo_reg[126]/C
                         clock pessimism              0.108    12.319    
                         clock uncertainty           -0.130    12.189    
    SLICE_X91Y204        FDRE (Setup_BFF_SLICEL_C_D)
                                                      0.025    12.214    top_i/StreamingDataflowPartition_0/inst/StreamingDataflowPartition_0_StreamingFIFO_rtl_21/inst/genblk1_0.impl/srlo_reg[126]
  -------------------------------------------------------------------
                         required time                         12.214    
                         arrival time                          -9.897    
  -------------------------------------------------------------------
                         slack                                  2.317    

Slack (MET) :             2.319ns  (required time - arrival time)
  Source:                 top_i/StreamingDataflowPartition_0/inst/StreamingDataflowPartition_0_StreamingFIFO_rtl_21/inst/genblk1_0.impl/addr_reg[4]/C
                            (rising edge-triggered cell FDRE clocked by clk_pl_0  {rise@0.000ns fall@5.000ns period=10.000ns})
  Destination:            top_i/StreamingDataflowPartition_0/inst/StreamingDataflowPartition_0_StreamingFIFO_rtl_21/inst/genblk1_0.impl/srlo_reg[127]/D
                            (rising edge-triggered cell FDRE clocked by clk_pl_0  {rise@0.000ns fall@5.000ns period=10.000ns})
  Path Group:             clk_pl_0
  Path Type:              Setup (Max at Slow Process Corner)
  Requirement:            10.000ns  (clk_pl_0 rise@10.000ns - clk_pl_0 rise@0.000ns)
  Data Path Delay:        7.326ns  (logic 0.257ns (3.508%)  route 7.069ns (96.492%))
  Logic Levels:           4  (LUT6=1 MUXF7=1 MUXF8=1 SRLC32E=1)
  Clock Path Skew:        -0.250ns (DCD - SCD + CPR)
    Destination Clock Delay (DCD):    2.214ns = ( 12.214 - 10.000 ) 
    Source Clock Delay      (SCD):    2.572ns
    Clock Pessimism Removal (CPR):    0.108ns
  Clock Uncertainty:      0.130ns  ((TSJ^2 + DJ^2)^1/2) / 2 + PE
    Total System Jitter     (TSJ):    0.071ns
    Discrete Jitter          (DJ):    0.250ns
    Phase Error              (PE):    0.000ns
  Clock Net Delay (Source):      2.346ns (routing 0.670ns, distribution 1.676ns)
  Clock Net Delay (Destination): 2.032ns (routing 0.606ns, distribution 1.426ns)

    Location             Delay type                Incr(ns)  Path(ns)    Netlist Resource(s)
  -------------------------------------------------------------------    -------------------
                         (clock clk_pl_0 rise edge)
                                                      0.000     0.000 r  
    PS8_X0Y0             PS8                          0.000     0.000 r  top_i/zynq_ps/inst/PS8_i/PLCLK[0]
                         net (fo=1, routed)           0.198     0.198    top_i/zynq_ps/inst/pl_clk_unbuffered[0]
    BUFG_PS_X0Y53        BUFG_PS (Prop_BUFG_PS_I_O)
                                                      0.028     0.226 r  top_i/zynq_ps/inst/buffer_pl_clk_0.PL_CLK_0_BUFG/O
    X2Y3 (CLOCK_ROOT)    net (fo=114764, routed)      2.346     2.572    top_i/StreamingDataflowPartition_0/inst/StreamingDataflowPartition_0_StreamingFIFO_rtl_21/inst/genblk1_0.impl/ap_clk
    SLICE_X91Y291        FDRE                                         r  top_i/StreamingDataflowPartition_0/inst/StreamingDataflowPartition_0_StreamingFIFO_rtl_21/inst/genblk1_0.impl/addr_reg[4]/C
  -------------------------------------------------------------------    -------------------
    SLICE_X91Y291        FDRE (Prop_EFF2_SLICEL_C_Q)
                                                      0.081     2.653 r  top_i/StreamingDataflowPartition_0/inst/StreamingDataflowPartition_0_StreamingFIFO_rtl_21/inst/genblk1_0.impl/addr_reg[4]/Q
                         net (fo=3085, routed)        6.725     9.378    top_i/StreamingDataflowPartition_0/inst/StreamingDataflowPartition_0_StreamingFIFO_rtl_21/inst/genblk1_0.impl/addr[4]
    SLICE_X90Y206        SRLC32E (Prop_F6LUT_SLICEM_A[4]_Q)
                                                      0.037     9.415 r  top_i/StreamingDataflowPartition_0/inst/StreamingDataflowPartition_0_StreamingFIFO_rtl_21/inst/genblk1_0.impl/srl_reg[228][127]_srl32__1/Q
                         net (fo=1, routed)           0.023     9.438    top_i/StreamingDataflowPartition_0/inst/StreamingDataflowPartition_0_StreamingFIFO_rtl_21/inst/genblk1_0.impl/srl_reg[228][127]_srl32__1_n_3
    SLICE_X90Y206        MUXF7 (Prop_F7MUX_EF_SLICEM_I0_O)
                                                      0.061     9.499 r  top_i/StreamingDataflowPartition_0/inst/StreamingDataflowPartition_0_StreamingFIFO_rtl_21/inst/genblk1_0.impl/srl_reg[228][127]_mux__0/O
                         net (fo=1, routed)           0.000     9.499    top_i/StreamingDataflowPartition_0/inst/StreamingDataflowPartition_0_StreamingFIFO_rtl_21/inst/genblk1_0.impl/srl_reg[228][127]_mux__0_n_3
    SLICE_X90Y206        MUXF8 (Prop_F8MUX_TOP_SLICEM_I1_O)
                                                      0.028     9.527 r  top_i/StreamingDataflowPartition_0/inst/StreamingDataflowPartition_0_StreamingFIFO_rtl_21/inst/genblk1_0.impl/srl_reg[228][127]_mux__3/O
                         net (fo=1, routed)           0.271     9.798    top_i/StreamingDataflowPartition_0/inst/StreamingDataflowPartition_0_StreamingFIFO_rtl_21/inst/genblk1_0.impl/srl_reg[228][127]_mux__3_n_3
    SLICE_X91Y206        LUT6 (Prop_C6LUT_SLICEL_I5_O)
                                                      0.050     9.848 r  top_i/StreamingDataflowPartition_0/inst/StreamingDataflowPartition_0_StreamingFIFO_rtl_21/inst/genblk1_0.impl/srlo[127]_i_1__19/O
                         net (fo=1, routed)           0.050     9.898    top_i/StreamingDataflowPartition_0/inst/StreamingDataflowPartition_0_StreamingFIFO_rtl_21/inst/genblk1_0.impl/srlo[127]_i_1__19_n_3
    SLICE_X91Y206        FDRE                                         r  top_i/StreamingDataflowPartition_0/inst/StreamingDataflowPartition_0_StreamingFIFO_rtl_21/inst/genblk1_0.impl/srlo_reg[127]/D
  -------------------------------------------------------------------    -------------------

                         (clock clk_pl_0 rise edge)
                                                     10.000    10.000 r  
    PS8_X0Y0             PS8                          0.000    10.000 r  top_i/zynq_ps/inst/PS8_i/PLCLK[0]
                         net (fo=1, routed)           0.157    10.157    top_i/zynq_ps/inst/pl_clk_unbuffered[0]
    BUFG_PS_X0Y53        BUFG_PS (Prop_BUFG_PS_I_O)
                                                      0.025    10.182 r  top_i/zynq_ps/inst/buffer_pl_clk_0.PL_CLK_0_BUFG/O
    X2Y3 (CLOCK_ROOT)    net (fo=114764, routed)      2.032    12.214    top_i/StreamingDataflowPartition_0/inst/StreamingDataflowPartition_0_StreamingFIFO_rtl_21/inst/genblk1_0.impl/ap_clk
    SLICE_X91Y206        FDRE                                         r  top_i/StreamingDataflowPartition_0/inst/StreamingDataflowPartition_0_StreamingFIFO_rtl_21/inst/genblk1_0.impl/srlo_reg[127]/C
                         clock pessimism              0.108    12.322    
                         clock uncertainty           -0.130    12.192    
    SLICE_X91Y206        FDRE (Setup_CFF_SLICEL_C_D)
                                                      0.025    12.217    top_i/StreamingDataflowPartition_0/inst/StreamingDataflowPartition_0_StreamingFIFO_rtl_21/inst/genblk1_0.impl/srlo_reg[127]
  -------------------------------------------------------------------
                         required time                         12.217    
                         arrival time                          -9.898    
  -------------------------------------------------------------------
                         slack                                  2.319    

Slack (MET) :             2.342ns  (required time - arrival time)
  Source:                 top_i/StreamingDataflowPartition_0/inst/StreamingDataflowPartition_0_StreamingFIFO_rtl_21/inst/genblk1_0.impl/addr_reg[4]/C
                            (rising edge-triggered cell FDRE clocked by clk_pl_0  {rise@0.000ns fall@5.000ns period=10.000ns})
  Destination:            top_i/StreamingDataflowPartition_0/inst/StreamingDataflowPartition_0_StreamingFIFO_rtl_21/inst/genblk1_0.impl/srlo_reg[153]/D
                            (rising edge-triggered cell FDRE clocked by clk_pl_0  {rise@0.000ns fall@5.000ns period=10.000ns})
  Path Group:             clk_pl_0
  Path Type:              Setup (Max at Slow Process Corner)
  Requirement:            10.000ns  (clk_pl_0 rise@10.000ns - clk_pl_0 rise@0.000ns)
  Data Path Delay:        7.366ns  (logic 0.258ns (3.503%)  route 7.108ns (96.497%))
  Logic Levels:           4  (LUT6=1 MUXF7=1 MUXF8=1 SRLC32E=1)
  Clock Path Skew:        -0.188ns (DCD - SCD + CPR)
    Destination Clock Delay (DCD):    2.276ns = ( 12.276 - 10.000 ) 
    Source Clock Delay      (SCD):    2.572ns
    Clock Pessimism Removal (CPR):    0.108ns
  Clock Uncertainty:      0.130ns  ((TSJ^2 + DJ^2)^1/2) / 2 + PE
    Total System Jitter     (TSJ):    0.071ns
    Discrete Jitter          (DJ):    0.250ns
    Phase Error              (PE):    0.000ns
  Clock Net Delay (Source):      2.346ns (routing 0.670ns, distribution 1.676ns)
  Clock Net Delay (Destination): 2.094ns (routing 0.606ns, distribution 1.488ns)

    Location             Delay type                Incr(ns)  Path(ns)    Netlist Resource(s)
  -------------------------------------------------------------------    -------------------
                         (clock clk_pl_0 rise edge)
                                                      0.000     0.000 r  
    PS8_X0Y0             PS8                          0.000     0.000 r  top_i/zynq_ps/inst/PS8_i/PLCLK[0]
                         net (fo=1, routed)           0.198     0.198    top_i/zynq_ps/inst/pl_clk_unbuffered[0]
    BUFG_PS_X0Y53        BUFG_PS (Prop_BUFG_PS_I_O)
                                                      0.028     0.226 r  top_i/zynq_ps/inst/buffer_pl_clk_0.PL_CLK_0_BUFG/O
    X2Y3 (CLOCK_ROOT)    net (fo=114764, routed)      2.346     2.572    top_i/StreamingDataflowPartition_0/inst/StreamingDataflowPartition_0_StreamingFIFO_rtl_21/inst/genblk1_0.impl/ap_clk
    SLICE_X91Y291        FDRE                                         r  top_i/StreamingDataflowPartition_0/inst/StreamingDataflowPartition_0_StreamingFIFO_rtl_21/inst/genblk1_0.impl/addr_reg[4]/C
  -------------------------------------------------------------------    -------------------
    SLICE_X91Y291        FDRE (Prop_EFF2_SLICEL_C_Q)
                                                      0.081     2.653 r  top_i/StreamingDataflowPartition_0/inst/StreamingDataflowPartition_0_StreamingFIFO_rtl_21/inst/genblk1_0.impl/addr_reg[4]/Q
                         net (fo=3085, routed)        6.823     9.475    top_i/StreamingDataflowPartition_0/inst/StreamingDataflowPartition_0_StreamingFIFO_rtl_21/inst/genblk1_0.impl/addr[4]
    SLICE_X104Y203       SRLC32E (Prop_F6LUT_SLICEM_A[4]_Q)
                                                      0.037     9.512 r  top_i/StreamingDataflowPartition_0/inst/StreamingDataflowPartition_0_StreamingFIFO_rtl_21/inst/genblk1_0.impl/srl_reg[228][153]_srl32__1/Q
                         net (fo=1, routed)           0.023     9.535    top_i/StreamingDataflowPartition_0/inst/StreamingDataflowPartition_0_StreamingFIFO_rtl_21/inst/genblk1_0.impl/srl_reg[228][153]_srl32__1_n_3
    SLICE_X104Y203       MUXF7 (Prop_F7MUX_EF_SLICEM_I0_O)
                                                      0.061     9.596 r  top_i/StreamingDataflowPartition_0/inst/StreamingDataflowPartition_0_StreamingFIFO_rtl_21/inst/genblk1_0.impl/srl_reg[228][153]_mux__0/O
                         net (fo=1, routed)           0.000     9.596    top_i/StreamingDataflowPartition_0/inst/StreamingDataflowPartition_0_StreamingFIFO_rtl_21/inst/genblk1_0.impl/srl_reg[228][153]_mux__0_n_3
    SLICE_X104Y203       MUXF8 (Prop_F8MUX_TOP_SLICEM_I1_O)
                                                      0.028     9.624 r  top_i/StreamingDataflowPartition_0/inst/StreamingDataflowPartition_0_StreamingFIFO_rtl_21/inst/genblk1_0.impl/srl_reg[228][153]_mux__3/O
                         net (fo=1, routed)           0.213     9.837    top_i/StreamingDataflowPartition_0/inst/StreamingDataflowPartition_0_StreamingFIFO_rtl_21/inst/genblk1_0.impl/srl_reg[228][153]_mux__3_n_3
    SLICE_X101Y203       LUT6 (Prop_B6LUT_SLICEL_I5_O)
                                                      0.051     9.888 r  top_i/StreamingDataflowPartition_0/inst/StreamingDataflowPartition_0_StreamingFIFO_rtl_21/inst/genblk1_0.impl/srlo[153]_i_1__8/O
                         net (fo=1, routed)           0.049     9.937    top_i/StreamingDataflowPartition_0/inst/StreamingDataflowPartition_0_StreamingFIFO_rtl_21/inst/genblk1_0.impl/srlo[153]_i_1__8_n_3
    SLICE_X101Y203       FDRE                                         r  top_i/StreamingDataflowPartition_0/inst/StreamingDataflowPartition_0_StreamingFIFO_rtl_21/inst/genblk1_0.impl/srlo_reg[153]/D
  -------------------------------------------------------------------    -------------------

                         (clock clk_pl_0 rise edge)
                                                     10.000    10.000 r  
    PS8_X0Y0             PS8                          0.000    10.000 r  top_i/zynq_ps/inst/PS8_i/PLCLK[0]
                         net (fo=1, routed)           0.157    10.157    top_i/zynq_ps/inst/pl_clk_unbuffered[0]
    BUFG_PS_X0Y53        BUFG_PS (Prop_BUFG_PS_I_O)
                                                      0.025    10.182 r  top_i/zynq_ps/inst/buffer_pl_clk_0.PL_CLK_0_BUFG/O
    X2Y3 (CLOCK_ROOT)    net (fo=114764, routed)      2.094    12.276    top_i/StreamingDataflowPartition_0/inst/StreamingDataflowPartition_0_StreamingFIFO_rtl_21/inst/genblk1_0.impl/ap_clk
    SLICE_X101Y203       FDRE                                         r  top_i/StreamingDataflowPartition_0/inst/StreamingDataflowPartition_0_StreamingFIFO_rtl_21/inst/genblk1_0.impl/srlo_reg[153]/C
                         clock pessimism              0.108    12.384    
                         clock uncertainty           -0.130    12.254    
    SLICE_X101Y203       FDRE (Setup_BFF_SLICEL_C_D)
                                                      0.025    12.279    top_i/StreamingDataflowPartition_0/inst/StreamingDataflowPartition_0_StreamingFIFO_rtl_21/inst/genblk1_0.impl/srlo_reg[153]
  -------------------------------------------------------------------
                         required time                         12.279    
                         arrival time                          -9.937    
  -------------------------------------------------------------------
                         slack                                  2.342    

Slack (MET) :             2.343ns  (required time - arrival time)
  Source:                 top_i/StreamingDataflowPartition_0/inst/StreamingDataflowPartition_0_StreamingFIFO_rtl_21/inst/genblk1_0.impl/addr_reg[4]/C
                            (rising edge-triggered cell FDRE clocked by clk_pl_0  {rise@0.000ns fall@5.000ns period=10.000ns})
  Destination:            top_i/StreamingDataflowPartition_0/inst/StreamingDataflowPartition_0_StreamingFIFO_rtl_21/inst/genblk1_0.impl/srlo_reg[142]/D
                            (rising edge-triggered cell FDRE clocked by clk_pl_0  {rise@0.000ns fall@5.000ns period=10.000ns})
  Path Group:             clk_pl_0
  Path Type:              Setup (Max at Slow Process Corner)
  Requirement:            10.000ns  (clk_pl_0 rise@10.000ns - clk_pl_0 rise@0.000ns)
  Data Path Delay:        7.315ns  (logic 0.356ns (4.866%)  route 6.959ns (95.134%))
  Logic Levels:           4  (LUT6=1 MUXF7=1 MUXF8=1 SRLC32E=1)
  Clock Path Skew:        -0.237ns (DCD - SCD + CPR)
    Destination Clock Delay (DCD):    2.227ns = ( 12.227 - 10.000 ) 
    Source Clock Delay      (SCD):    2.572ns
    Clock Pessimism Removal (CPR):    0.108ns
  Clock Uncertainty:      0.130ns  ((TSJ^2 + DJ^2)^1/2) / 2 + PE
    Total System Jitter     (TSJ):    0.071ns
    Discrete Jitter          (DJ):    0.250ns
    Phase Error              (PE):    0.000ns
  Clock Net Delay (Source):      2.346ns (routing 0.670ns, distribution 1.676ns)
  Clock Net Delay (Destination): 2.045ns (routing 0.606ns, distribution 1.439ns)

    Location             Delay type                Incr(ns)  Path(ns)    Netlist Resource(s)
  -------------------------------------------------------------------    -------------------
                         (clock clk_pl_0 rise edge)
                                                      0.000     0.000 r  
    PS8_X0Y0             PS8                          0.000     0.000 r  top_i/zynq_ps/inst/PS8_i/PLCLK[0]
                         net (fo=1, routed)           0.198     0.198    top_i/zynq_ps/inst/pl_clk_unbuffered[0]
    BUFG_PS_X0Y53        BUFG_PS (Prop_BUFG_PS_I_O)
                                                      0.028     0.226 r  top_i/zynq_ps/inst/buffer_pl_clk_0.PL_CLK_0_BUFG/O
    X2Y3 (CLOCK_ROOT)    net (fo=114764, routed)      2.346     2.572    top_i/StreamingDataflowPartition_0/inst/StreamingDataflowPartition_0_StreamingFIFO_rtl_21/inst/genblk1_0.impl/ap_clk
    SLICE_X91Y291        FDRE                                         r  top_i/StreamingDataflowPartition_0/inst/StreamingDataflowPartition_0_StreamingFIFO_rtl_21/inst/genblk1_0.impl/addr_reg[4]/C
  -------------------------------------------------------------------    -------------------
    SLICE_X91Y291        FDRE (Prop_EFF2_SLICEL_C_Q)
                                                      0.081     2.653 r  top_i/StreamingDataflowPartition_0/inst/StreamingDataflowPartition_0_StreamingFIFO_rtl_21/inst/genblk1_0.impl/addr_reg[4]/Q
                         net (fo=3085, routed)        6.685     9.338    top_i/StreamingDataflowPartition_0/inst/StreamingDataflowPartition_0_StreamingFIFO_rtl_21/inst/genblk1_0.impl/addr[4]
    SLICE_X96Y200        SRLC32E (Prop_F6LUT_SLICEM_A[4]_Q)
                                                      0.037     9.375 r  top_i/StreamingDataflowPartition_0/inst/StreamingDataflowPartition_0_StreamingFIFO_rtl_21/inst/genblk1_0.impl/srl_reg[228][142]_srl32__1/Q
                         net (fo=1, routed)           0.023     9.398    top_i/StreamingDataflowPartition_0/inst/StreamingDataflowPartition_0_StreamingFIFO_rtl_21/inst/genblk1_0.impl/srl_reg[228][142]_srl32__1_n_3
    SLICE_X96Y200        MUXF7 (Prop_F7MUX_EF_SLICEM_I0_O)
                                                      0.061     9.459 r  top_i/StreamingDataflowPartition_0/inst/StreamingDataflowPartition_0_StreamingFIFO_rtl_21/inst/genblk1_0.impl/srl_reg[228][142]_mux__0/O
                         net (fo=1, routed)           0.000     9.459    top_i/StreamingDataflowPartition_0/inst/StreamingDataflowPartition_0_StreamingFIFO_rtl_21/inst/genblk1_0.impl/srl_reg[228][142]_mux__0_n_3
    SLICE_X96Y200        MUXF8 (Prop_F8MUX_TOP_SLICEM_I1_O)
                                                      0.028     9.487 r  top_i/StreamingDataflowPartition_0/inst/StreamingDataflowPartition_0_StreamingFIFO_rtl_21/inst/genblk1_0.impl/srl_reg[228][142]_mux__3/O
                         net (fo=1, routed)           0.203     9.690    top_i/StreamingDataflowPartition_0/inst/StreamingDataflowPartition_0_StreamingFIFO_rtl_21/inst/genblk1_0.impl/srl_reg[228][142]_mux__3_n_3
    SLICE_X95Y200        LUT6 (Prop_G6LUT_SLICEL_I5_O)
                                                      0.149     9.839 r  top_i/StreamingDataflowPartition_0/inst/StreamingDataflowPartition_0_StreamingFIFO_rtl_21/inst/genblk1_0.impl/srlo[142]_i_1__8/O
                         net (fo=1, routed)           0.048     9.887    top_i/StreamingDataflowPartition_0/inst/StreamingDataflowPartition_0_StreamingFIFO_rtl_21/inst/genblk1_0.impl/srlo[142]_i_1__8_n_3
    SLICE_X95Y200        FDRE                                         r  top_i/StreamingDataflowPartition_0/inst/StreamingDataflowPartition_0_StreamingFIFO_rtl_21/inst/genblk1_0.impl/srlo_reg[142]/D
  -------------------------------------------------------------------    -------------------

                         (clock clk_pl_0 rise edge)
                                                     10.000    10.000 r  
    PS8_X0Y0             PS8                          0.000    10.000 r  top_i/zynq_ps/inst/PS8_i/PLCLK[0]
                         net (fo=1, routed)           0.157    10.157    top_i/zynq_ps/inst/pl_clk_unbuffered[0]
    BUFG_PS_X0Y53        BUFG_PS (Prop_BUFG_PS_I_O)
                                                      0.025    10.182 r  top_i/zynq_ps/inst/buffer_pl_clk_0.PL_CLK_0_BUFG/O
    X2Y3 (CLOCK_ROOT)    net (fo=114764, routed)      2.045    12.227    top_i/StreamingDataflowPartition_0/inst/StreamingDataflowPartition_0_StreamingFIFO_rtl_21/inst/genblk1_0.impl/ap_clk
    SLICE_X95Y200        FDRE                                         r  top_i/StreamingDataflowPartition_0/inst/StreamingDataflowPartition_0_StreamingFIFO_rtl_21/inst/genblk1_0.impl/srlo_reg[142]/C
                         clock pessimism              0.108    12.335    
                         clock uncertainty           -0.130    12.205    
    SLICE_X95Y200        FDRE (Setup_GFF_SLICEL_C_D)
                                                      0.025    12.230    top_i/StreamingDataflowPartition_0/inst/StreamingDataflowPartition_0_StreamingFIFO_rtl_21/inst/genblk1_0.impl/srlo_reg[142]
  -------------------------------------------------------------------
                         required time                         12.230    
                         arrival time                          -9.887    
  -------------------------------------------------------------------
                         slack                                  2.343    





Min Delay Paths
--------------------------------------------------------------------------------------
Slack (MET) :             0.009ns  (arrival time - required time)
  Source:                 top_i/StreamingDataflowPartition_0/inst/StreamingDataflowPartition_0_ConvolutionInputGenerator_rtl_4/inst/impl/window_buffer_inst/reg_buffer_inst_0/Data_reg[2][23]/C
                            (rising edge-triggered cell FDRE clocked by clk_pl_0  {rise@0.000ns fall@5.000ns period=10.000ns})
  Destination:            top_i/StreamingDataflowPartition_0/inst/StreamingDataflowPartition_0_StreamingFIFO_rtl_35/inst/genblk1_0.impl/srl_reg[59][23]_srl32/D
                            (rising edge-triggered cell SRLC32E clocked by clk_pl_0  {rise@0.000ns fall@5.000ns period=10.000ns})
  Path Group:             clk_pl_0
  Path Type:              Hold (Min at Slow Process Corner)
  Requirement:            0.000ns  (clk_pl_0 rise@0.000ns - clk_pl_0 rise@0.000ns)
  Data Path Delay:        0.132ns  (logic 0.058ns (43.962%)  route 0.074ns (56.038%))
  Logic Levels:           0  
  Clock Path Skew:        0.066ns (DCD - SCD - CPR)
    Destination Clock Delay (DCD):    2.456ns
    Source Clock Delay      (SCD):    2.139ns
    Clock Pessimism Removal (CPR):    0.251ns
  Clock Net Delay (Source):      1.957ns (routing 0.606ns, distribution 1.351ns)
  Clock Net Delay (Destination): 2.230ns (routing 0.670ns, distribution 1.560ns)

    Location             Delay type                Incr(ns)  Path(ns)    Netlist Resource(s)
  -------------------------------------------------------------------    -------------------
                         (clock clk_pl_0 rise edge)
                                                      0.000     0.000 r  
    PS8_X0Y0             PS8                          0.000     0.000 r  top_i/zynq_ps/inst/PS8_i/PLCLK[0]
                         net (fo=1, routed)           0.157     0.157    top_i/zynq_ps/inst/pl_clk_unbuffered[0]
    BUFG_PS_X0Y53        BUFG_PS (Prop_BUFG_PS_I_O)
                                                      0.025     0.182 r  top_i/zynq_ps/inst/buffer_pl_clk_0.PL_CLK_0_BUFG/O
    X2Y3 (CLOCK_ROOT)    net (fo=114764, routed)      1.957     2.139    top_i/StreamingDataflowPartition_0/inst/StreamingDataflowPartition_0_ConvolutionInputGenerator_rtl_4/inst/impl/window_buffer_inst/reg_buffer_inst_0/ap_clk
    SLICE_X72Y107        FDRE                                         r  top_i/StreamingDataflowPartition_0/inst/StreamingDataflowPartition_0_ConvolutionInputGenerator_rtl_4/inst/impl/window_buffer_inst/reg_buffer_inst_0/Data_reg[2][23]/C
  -------------------------------------------------------------------    -------------------
    SLICE_X72Y107        FDRE (Prop_EFF_SLICEM_C_Q)
                                                      0.058     2.197 r  top_i/StreamingDataflowPartition_0/inst/StreamingDataflowPartition_0_ConvolutionInputGenerator_rtl_4/inst/impl/window_buffer_inst/reg_buffer_inst_0/Data_reg[2][23]/Q
                         net (fo=2, routed)           0.074     2.271    top_i/StreamingDataflowPartition_0/inst/StreamingDataflowPartition_0_StreamingFIFO_rtl_35/inst/genblk1_0.impl/in[23]
    SLICE_X72Y108        SRLC32E                                      r  top_i/StreamingDataflowPartition_0/inst/StreamingDataflowPartition_0_StreamingFIFO_rtl_35/inst/genblk1_0.impl/srl_reg[59][23]_srl32/D
  -------------------------------------------------------------------    -------------------

                         (clock clk_pl_0 rise edge)
                                                      0.000     0.000 r  
    PS8_X0Y0             PS8                          0.000     0.000 r  top_i/zynq_ps/inst/PS8_i/PLCLK[0]
                         net (fo=1, routed)           0.198     0.198    top_i/zynq_ps/inst/pl_clk_unbuffered[0]
    BUFG_PS_X0Y53        BUFG_PS (Prop_BUFG_PS_I_O)
                                                      0.028     0.226 r  top_i/zynq_ps/inst/buffer_pl_clk_0.PL_CLK_0_BUFG/O
    X2Y3 (CLOCK_ROOT)    net (fo=114764, routed)      2.230     2.456    top_i/StreamingDataflowPartition_0/inst/StreamingDataflowPartition_0_StreamingFIFO_rtl_35/inst/genblk1_0.impl/ap_clk
    SLICE_X72Y108        SRLC32E                                      r  top_i/StreamingDataflowPartition_0/inst/StreamingDataflowPartition_0_StreamingFIFO_rtl_35/inst/genblk1_0.impl/srl_reg[59][23]_srl32/CLK
                         clock pessimism             -0.251     2.205    
    SLICE_X72Y108        SRLC32E (Hold_F6LUT_SLICEM_CLK_D)
                                                      0.056     2.261    top_i/StreamingDataflowPartition_0/inst/StreamingDataflowPartition_0_StreamingFIFO_rtl_35/inst/genblk1_0.impl/srl_reg[59][23]_srl32
  -------------------------------------------------------------------
                         required time                         -2.261    
                         arrival time                           2.271    
  -------------------------------------------------------------------
                         slack                                  0.009    

Slack (MET) :             0.010ns  (arrival time - required time)
  Source:                 top_i/StreamingDataflowPartition_0/inst/StreamingDataflowPartition_0_StreamingFIFO_rtl_52/inst/genblk1_0.impl/srlo_reg[105]/C
                            (rising edge-triggered cell FDRE clocked by clk_pl_0  {rise@0.000ns fall@5.000ns period=10.000ns})
  Destination:            top_i/StreamingDataflowPartition_0/inst/StreamingDataflowPartition_0_MVAU_rtl_7/StreamingDataflowPartition_0_MVAU_rtl_7/inst/inst/activation_replay/Mem_reg_0_7_98_111/RAMD_D1/I
                            (rising edge-triggered cell RAMD32 clocked by clk_pl_0  {rise@0.000ns fall@5.000ns period=10.000ns})
  Path Group:             clk_pl_0
  Path Type:              Hold (Min at Slow Process Corner)
  Requirement:            0.000ns  (clk_pl_0 rise@0.000ns - clk_pl_0 rise@0.000ns)
  Data Path Delay:        0.168ns  (logic 0.058ns (34.524%)  route 0.110ns (65.476%))
  Logic Levels:           0  
  Clock Path Skew:        0.099ns (DCD - SCD - CPR)
    Destination Clock Delay (DCD):    2.432ns
    Source Clock Delay      (SCD):    2.087ns
    Clock Pessimism Removal (CPR):    0.246ns
  Clock Net Delay (Source):      1.905ns (routing 0.606ns, distribution 1.299ns)
  Clock Net Delay (Destination): 2.206ns (routing 0.670ns, distribution 1.536ns)

    Location             Delay type                Incr(ns)  Path(ns)    Netlist Resource(s)
  -------------------------------------------------------------------    -------------------
                         (clock clk_pl_0 rise edge)
                                                      0.000     0.000 r  
    PS8_X0Y0             PS8                          0.000     0.000 r  top_i/zynq_ps/inst/PS8_i/PLCLK[0]
                         net (fo=1, routed)           0.157     0.157    top_i/zynq_ps/inst/pl_clk_unbuffered[0]
    BUFG_PS_X0Y53        BUFG_PS (Prop_BUFG_PS_I_O)
                                                      0.025     0.182 r  top_i/zynq_ps/inst/buffer_pl_clk_0.PL_CLK_0_BUFG/O
    X2Y3 (CLOCK_ROOT)    net (fo=114764, routed)      1.905     2.087    top_i/StreamingDataflowPartition_0/inst/StreamingDataflowPartition_0_StreamingFIFO_rtl_52/inst/genblk1_0.impl/ap_clk
    SLICE_X36Y69         FDRE                                         r  top_i/StreamingDataflowPartition_0/inst/StreamingDataflowPartition_0_StreamingFIFO_rtl_52/inst/genblk1_0.impl/srlo_reg[105]/C
  -------------------------------------------------------------------    -------------------
    SLICE_X36Y69         FDRE (Prop_CFF_SLICEL_C_Q)
                                                      0.058     2.145 r  top_i/StreamingDataflowPartition_0/inst/StreamingDataflowPartition_0_StreamingFIFO_rtl_52/inst/genblk1_0.impl/srlo_reg[105]/Q
                         net (fo=1, routed)           0.110     2.255    top_i/StreamingDataflowPartition_0/inst/StreamingDataflowPartition_0_MVAU_rtl_7/StreamingDataflowPartition_0_MVAU_rtl_7/inst/inst/activation_replay/Mem_reg_0_7_98_111/DID1
    SLICE_X35Y68         RAMD32                                       r  top_i/StreamingDataflowPartition_0/inst/StreamingDataflowPartition_0_MVAU_rtl_7/StreamingDataflowPartition_0_MVAU_rtl_7/inst/inst/activation_replay/Mem_reg_0_7_98_111/RAMD_D1/I
  -------------------------------------------------------------------    -------------------

                         (clock clk_pl_0 rise edge)
                                                      0.000     0.000 r  
    PS8_X0Y0             PS8                          0.000     0.000 r  top_i/zynq_ps/inst/PS8_i/PLCLK[0]
                         net (fo=1, routed)           0.198     0.198    top_i/zynq_ps/inst/pl_clk_unbuffered[0]
    BUFG_PS_X0Y53        BUFG_PS (Prop_BUFG_PS_I_O)
                                                      0.028     0.226 r  top_i/zynq_ps/inst/buffer_pl_clk_0.PL_CLK_0_BUFG/O
    X2Y3 (CLOCK_ROOT)    net (fo=114764, routed)      2.206     2.432    top_i/StreamingDataflowPartition_0/inst/StreamingDataflowPartition_0_MVAU_rtl_7/StreamingDataflowPartition_0_MVAU_rtl_7/inst/inst/activation_replay/Mem_reg_0_7_98_111/WCLK
    SLICE_X35Y68         RAMD32                                       r  top_i/StreamingDataflowPartition_0/inst/StreamingDataflowPartition_0_MVAU_rtl_7/StreamingDataflowPartition_0_MVAU_rtl_7/inst/inst/activation_replay/Mem_reg_0_7_98_111/RAMD_D1/CLK
                         clock pessimism             -0.246     2.187    
    SLICE_X35Y68         RAMD32 (Hold_D6LUT_SLICEM_CLK_I)
                                                      0.059     2.246    top_i/StreamingDataflowPartition_0/inst/StreamingDataflowPartition_0_MVAU_rtl_7/StreamingDataflowPartition_0_MVAU_rtl_7/inst/inst/activation_replay/Mem_reg_0_7_98_111/RAMD_D1
  -------------------------------------------------------------------
                         required time                         -2.246    
                         arrival time                           2.255    
  -------------------------------------------------------------------
                         slack                                  0.010    

Slack (MET) :             0.010ns  (arrival time - required time)
  Source:                 top_i/StreamingDataflowPartition_0/inst/StreamingDataflowPartition_0_StreamingFIFO_rtl_14/inst/genblk1_0.impl/srlo_reg[125]/C
                            (rising edge-triggered cell FDRE clocked by clk_pl_0  {rise@0.000ns fall@5.000ns period=10.000ns})
  Destination:            top_i/StreamingDataflowPartition_0/inst/StreamingDataflowPartition_0_Thresholding_rtl_1/inst/core/impl/genStages[0].genPE[9].P_reg[val][8]/D
                            (rising edge-triggered cell FDRE clocked by clk_pl_0  {rise@0.000ns fall@5.000ns period=10.000ns})
  Path Group:             clk_pl_0
  Path Type:              Hold (Min at Slow Process Corner)
  Requirement:            0.000ns  (clk_pl_0 rise@0.000ns - clk_pl_0 rise@0.000ns)
  Data Path Delay:        0.196ns  (logic 0.059ns (30.102%)  route 0.137ns (69.898%))
  Logic Levels:           0  
  Clock Path Skew:        0.126ns (DCD - SCD - CPR)
    Destination Clock Delay (DCD):    2.539ns
    Source Clock Delay      (SCD):    2.206ns
    Clock Pessimism Removal (CPR):    0.207ns
  Clock Net Delay (Source):      2.024ns (routing 0.606ns, distribution 1.418ns)
  Clock Net Delay (Destination): 2.313ns (routing 0.670ns, distribution 1.643ns)

    Location             Delay type                Incr(ns)  Path(ns)    Netlist Resource(s)
  -------------------------------------------------------------------    -------------------
                         (clock clk_pl_0 rise edge)
                                                      0.000     0.000 r  
    PS8_X0Y0             PS8                          0.000     0.000 r  top_i/zynq_ps/inst/PS8_i/PLCLK[0]
                         net (fo=1, routed)           0.157     0.157    top_i/zynq_ps/inst/pl_clk_unbuffered[0]
    BUFG_PS_X0Y53        BUFG_PS (Prop_BUFG_PS_I_O)
                                                      0.025     0.182 r  top_i/zynq_ps/inst/buffer_pl_clk_0.PL_CLK_0_BUFG/O
    X2Y3 (CLOCK_ROOT)    net (fo=114764, routed)      2.024     2.206    top_i/StreamingDataflowPartition_0/inst/StreamingDataflowPartition_0_StreamingFIFO_rtl_14/inst/genblk1_0.impl/ap_clk
    SLICE_X74Y424        FDRE                                         r  top_i/StreamingDataflowPartition_0/inst/StreamingDataflowPartition_0_StreamingFIFO_rtl_14/inst/genblk1_0.impl/srlo_reg[125]/C
  -------------------------------------------------------------------    -------------------
    SLICE_X74Y424        FDRE (Prop_DFF_SLICEL_C_Q)
                                                      0.059     2.265 r  top_i/StreamingDataflowPartition_0/inst/StreamingDataflowPartition_0_StreamingFIFO_rtl_14/inst/genblk1_0.impl/srlo_reg[125]/Q
                         net (fo=1, routed)           0.137     2.402    top_i/StreamingDataflowPartition_0/inst/StreamingDataflowPartition_0_Thresholding_rtl_1/inst/core/impl/out_V_TDATA[125]
    SLICE_X76Y424        FDRE                                         r  top_i/StreamingDataflowPartition_0/inst/StreamingDataflowPartition_0_Thresholding_rtl_1/inst/core/impl/genStages[0].genPE[9].P_reg[val][8]/D
  -------------------------------------------------------------------    -------------------

                         (clock clk_pl_0 rise edge)
                                                      0.000     0.000 r  
    PS8_X0Y0             PS8                          0.000     0.000 r  top_i/zynq_ps/inst/PS8_i/PLCLK[0]
                         net (fo=1, routed)           0.198     0.198    top_i/zynq_ps/inst/pl_clk_unbuffered[0]
    BUFG_PS_X0Y53        BUFG_PS (Prop_BUFG_PS_I_O)
                                                      0.028     0.226 r  top_i/zynq_ps/inst/buffer_pl_clk_0.PL_CLK_0_BUFG/O
    X2Y3 (CLOCK_ROOT)    net (fo=114764, routed)      2.313     2.539    top_i/StreamingDataflowPartition_0/inst/StreamingDataflowPartition_0_Thresholding_rtl_1/inst/core/impl/ap_clk
    SLICE_X76Y424        FDRE                                         r  top_i/StreamingDataflowPartition_0/inst/StreamingDataflowPartition_0_Thresholding_rtl_1/inst/core/impl/genStages[0].genPE[9].P_reg[val][8]/C
                         clock pessimism             -0.207     2.332    
    SLICE_X76Y424        FDRE (Hold_EFF_SLICEM_C_D)
                                                      0.060     2.392    top_i/StreamingDataflowPartition_0/inst/StreamingDataflowPartition_0_Thresholding_rtl_1/inst/core/impl/genStages[0].genPE[9].P_reg[val][8]
  -------------------------------------------------------------------
                         required time                         -2.392    
                         arrival time                           2.402    
  -------------------------------------------------------------------
                         slack                                  0.010    

Slack (MET) :             0.010ns  (arrival time - required time)
  Source:                 top_i/StreamingDataflowPartition_0/inst/StreamingDataflowPartition_0_StreamingFIFO_rtl_43/inst/genblk1_0.impl/srlo_reg[9]/C
                            (rising edge-triggered cell FDRE clocked by clk_pl_0  {rise@0.000ns fall@5.000ns period=10.000ns})
  Destination:            top_i/StreamingDataflowPartition_0/inst/StreamingDataflowPartition_0_Thresholding_rtl_5/inst/core/impl/genStages[0].genPE[0].P_reg[val][9]/D
                            (rising edge-triggered cell FDRE clocked by clk_pl_0  {rise@0.000ns fall@5.000ns period=10.000ns})
  Path Group:             clk_pl_0
  Path Type:              Hold (Min at Slow Process Corner)
  Requirement:            0.000ns  (clk_pl_0 rise@0.000ns - clk_pl_0 rise@0.000ns)
  Data Path Delay:        0.173ns  (logic 0.058ns (33.526%)  route 0.115ns (66.474%))
  Logic Levels:           0  
  Clock Path Skew:        0.103ns (DCD - SCD - CPR)
    Destination Clock Delay (DCD):    2.303ns
    Source Clock Delay      (SCD):    2.012ns
    Clock Pessimism Removal (CPR):    0.187ns
  Clock Net Delay (Source):      1.830ns (routing 0.606ns, distribution 1.224ns)
  Clock Net Delay (Destination): 2.077ns (routing 0.670ns, distribution 1.407ns)

    Location             Delay type                Incr(ns)  Path(ns)    Netlist Resource(s)
  -------------------------------------------------------------------    -------------------
                         (clock clk_pl_0 rise edge)
                                                      0.000     0.000 r  
    PS8_X0Y0             PS8                          0.000     0.000 r  top_i/zynq_ps/inst/PS8_i/PLCLK[0]
                         net (fo=1, routed)           0.157     0.157    top_i/zynq_ps/inst/pl_clk_unbuffered[0]
    BUFG_PS_X0Y53        BUFG_PS (Prop_BUFG_PS_I_O)
                                                      0.025     0.182 r  top_i/zynq_ps/inst/buffer_pl_clk_0.PL_CLK_0_BUFG/O
    X2Y3 (CLOCK_ROOT)    net (fo=114764, routed)      1.830     2.012    top_i/StreamingDataflowPartition_0/inst/StreamingDataflowPartition_0_StreamingFIFO_rtl_43/inst/genblk1_0.impl/ap_clk
    SLICE_X58Y134        FDRE                                         r  top_i/StreamingDataflowPartition_0/inst/StreamingDataflowPartition_0_StreamingFIFO_rtl_43/inst/genblk1_0.impl/srlo_reg[9]/C
  -------------------------------------------------------------------    -------------------
    SLICE_X58Y134        FDRE (Prop_CFF_SLICEL_C_Q)
                                                      0.058     2.070 r  top_i/StreamingDataflowPartition_0/inst/StreamingDataflowPartition_0_StreamingFIFO_rtl_43/inst/genblk1_0.impl/srlo_reg[9]/Q
                         net (fo=1, routed)           0.115     2.185    top_i/StreamingDataflowPartition_0/inst/StreamingDataflowPartition_0_Thresholding_rtl_5/inst/core/impl/D[9]
    SLICE_X57Y134        FDRE                                         r  top_i/StreamingDataflowPartition_0/inst/StreamingDataflowPartition_0_Thresholding_rtl_5/inst/core/impl/genStages[0].genPE[0].P_reg[val][9]/D
  -------------------------------------------------------------------    -------------------

                         (clock clk_pl_0 rise edge)
                                                      0.000     0.000 r  
    PS8_X0Y0             PS8                          0.000     0.000 r  top_i/zynq_ps/inst/PS8_i/PLCLK[0]
                         net (fo=1, routed)           0.198     0.198    top_i/zynq_ps/inst/pl_clk_unbuffered[0]
    BUFG_PS_X0Y53        BUFG_PS (Prop_BUFG_PS_I_O)
                                                      0.028     0.226 r  top_i/zynq_ps/inst/buffer_pl_clk_0.PL_CLK_0_BUFG/O
    X2Y3 (CLOCK_ROOT)    net (fo=114764, routed)      2.077     2.303    top_i/StreamingDataflowPartition_0/inst/StreamingDataflowPartition_0_Thresholding_rtl_5/inst/core/impl/ap_clk
    SLICE_X57Y134        FDRE                                         r  top_i/StreamingDataflowPartition_0/inst/StreamingDataflowPartition_0_Thresholding_rtl_5/inst/core/impl/genStages[0].genPE[0].P_reg[val][9]/C
                         clock pessimism             -0.187     2.115    
    SLICE_X57Y134        FDRE (Hold_FFF_SLICEL_C_D)
                                                      0.060     2.175    top_i/StreamingDataflowPartition_0/inst/StreamingDataflowPartition_0_Thresholding_rtl_5/inst/core/impl/genStages[0].genPE[0].P_reg[val][9]
  -------------------------------------------------------------------
                         required time                         -2.175    
                         arrival time                           2.185    
  -------------------------------------------------------------------
                         slack                                  0.010    

Slack (MET) :             0.010ns  (arrival time - required time)
  Source:                 top_i/StreamingDataflowPartition_0/inst/StreamingDataflowPartition_0_ConvolutionInputGenerator_rtl_1/inst/impl/window_buffer_inst/reg_buffer_inst_0/Data_reg[1][33]/C
                            (rising edge-triggered cell FDRE clocked by clk_pl_0  {rise@0.000ns fall@5.000ns period=10.000ns})
  Destination:            top_i/StreamingDataflowPartition_0/inst/StreamingDataflowPartition_0_StreamingFIFO_rtl_11/inst/genblk1_0.impl/srl_reg[254][161]_srl32/D
                            (rising edge-triggered cell SRLC32E clocked by clk_pl_0  {rise@0.000ns fall@5.000ns period=10.000ns})
  Path Group:             clk_pl_0
  Path Type:              Hold (Min at Slow Process Corner)
  Requirement:            0.000ns  (clk_pl_0 rise@0.000ns - clk_pl_0 rise@0.000ns)
  Data Path Delay:        0.284ns  (logic 0.058ns (20.412%)  route 0.226ns (79.588%))
  Logic Levels:           0  
  Clock Path Skew:        0.195ns (DCD - SCD - CPR)
    Destination Clock Delay (DCD):    2.442ns
    Source Clock Delay      (SCD):    2.052ns
    Clock Pessimism Removal (CPR):    0.194ns
  Clock Net Delay (Source):      1.870ns (routing 0.606ns, distribution 1.264ns)
  Clock Net Delay (Destination): 2.216ns (routing 0.670ns, distribution 1.546ns)

    Location             Delay type                Incr(ns)  Path(ns)    Netlist Resource(s)
  -------------------------------------------------------------------    -------------------
                         (clock clk_pl_0 rise edge)
                                                      0.000     0.000 r  
    PS8_X0Y0             PS8                          0.000     0.000 r  top_i/zynq_ps/inst/PS8_i/PLCLK[0]
                         net (fo=1, routed)           0.157     0.157    top_i/zynq_ps/inst/pl_clk_unbuffered[0]
    BUFG_PS_X0Y53        BUFG_PS (Prop_BUFG_PS_I_O)
                                                      0.025     0.182 r  top_i/zynq_ps/inst/buffer_pl_clk_0.PL_CLK_0_BUFG/O
    X2Y3 (CLOCK_ROOT)    net (fo=114764, routed)      1.870     2.052    top_i/StreamingDataflowPartition_0/inst/StreamingDataflowPartition_0_ConvolutionInputGenerator_rtl_1/inst/impl/window_buffer_inst/reg_buffer_inst_0/ap_clk
    SLICE_X58Y333        FDRE                                         r  top_i/StreamingDataflowPartition_0/inst/StreamingDataflowPartition_0_ConvolutionInputGenerator_rtl_1/inst/impl/window_buffer_inst/reg_buffer_inst_0/Data_reg[1][33]/C
  -------------------------------------------------------------------    -------------------
    SLICE_X58Y333        FDRE (Prop_CFF_SLICEL_C_Q)
                                                      0.058     2.110 r  top_i/StreamingDataflowPartition_0/inst/StreamingDataflowPartition_0_ConvolutionInputGenerator_rtl_1/inst/impl/window_buffer_inst/reg_buffer_inst_0/Data_reg[1][33]/Q
                         net (fo=3, routed)           0.226     2.337    top_i/StreamingDataflowPartition_0/inst/StreamingDataflowPartition_0_StreamingFIFO_rtl_11/inst/genblk1_0.impl/in[161]
    SLICE_X63Y336        SRLC32E                                      r  top_i/StreamingDataflowPartition_0/inst/StreamingDataflowPartition_0_StreamingFIFO_rtl_11/inst/genblk1_0.impl/srl_reg[254][161]_srl32/D
  -------------------------------------------------------------------    -------------------

                         (clock clk_pl_0 rise edge)
                                                      0.000     0.000 r  
    PS8_X0Y0             PS8                          0.000     0.000 r  top_i/zynq_ps/inst/PS8_i/PLCLK[0]
                         net (fo=1, routed)           0.198     0.198    top_i/zynq_ps/inst/pl_clk_unbuffered[0]
    BUFG_PS_X0Y53        BUFG_PS (Prop_BUFG_PS_I_O)
                                                      0.028     0.226 r  top_i/zynq_ps/inst/buffer_pl_clk_0.PL_CLK_0_BUFG/O
    X2Y3 (CLOCK_ROOT)    net (fo=114764, routed)      2.216     2.442    top_i/StreamingDataflowPartition_0/inst/StreamingDataflowPartition_0_StreamingFIFO_rtl_11/inst/genblk1_0.impl/ap_clk
    SLICE_X63Y336        SRLC32E                                      r  top_i/StreamingDataflowPartition_0/inst/StreamingDataflowPartition_0_StreamingFIFO_rtl_11/inst/genblk1_0.impl/srl_reg[254][161]_srl32/CLK
                         clock pessimism             -0.194     2.248    
    SLICE_X63Y336        SRLC32E (Hold_H6LUT_SLICEM_CLK_D)
                                                      0.079     2.327    top_i/StreamingDataflowPartition_0/inst/StreamingDataflowPartition_0_StreamingFIFO_rtl_11/inst/genblk1_0.impl/srl_reg[254][161]_srl32
  -------------------------------------------------------------------
                         required time                         -2.327    
                         arrival time                           2.337    
  -------------------------------------------------------------------
                         slack                                  0.010    

Slack (MET) :             0.010ns  (arrival time - required time)
  Source:                 top_i/StreamingDataflowPartition_0/inst/StreamingDataflowPartition_0_StreamingFIFO_rtl_28/inst/genblk1_0.impl/srlo_reg[152]/C
                            (rising edge-triggered cell FDRE clocked by clk_pl_0  {rise@0.000ns fall@5.000ns period=10.000ns})
  Destination:            top_i/StreamingDataflowPartition_0/inst/StreamingDataflowPartition_0_MVAU_rtl_3/StreamingDataflowPartition_0_MVAU_rtl_3/inst/inst/activation_replay/Mem_reg_0_1_140_153/RAMG/I
                            (rising edge-triggered cell RAMD32 clocked by clk_pl_0  {rise@0.000ns fall@5.000ns period=10.000ns})
  Path Group:             clk_pl_0
  Path Type:              Hold (Min at Slow Process Corner)
  Requirement:            0.000ns  (clk_pl_0 rise@0.000ns - clk_pl_0 rise@0.000ns)
  Data Path Delay:        0.182ns  (logic 0.058ns (31.868%)  route 0.124ns (68.132%))
  Logic Levels:           0  
  Clock Path Skew:        0.094ns (DCD - SCD - CPR)
    Destination Clock Delay (DCD):    2.638ns
    Source Clock Delay      (SCD):    2.278ns
    Clock Pessimism Removal (CPR):    0.266ns
  Clock Net Delay (Source):      2.096ns (routing 0.606ns, distribution 1.490ns)
  Clock Net Delay (Destination): 2.412ns (routing 0.670ns, distribution 1.742ns)

    Location             Delay type                Incr(ns)  Path(ns)    Netlist Resource(s)
  -------------------------------------------------------------------    -------------------
                         (clock clk_pl_0 rise edge)
                                                      0.000     0.000 r  
    PS8_X0Y0             PS8                          0.000     0.000 r  top_i/zynq_ps/inst/PS8_i/PLCLK[0]
                         net (fo=1, routed)           0.157     0.157    top_i/zynq_ps/inst/pl_clk_unbuffered[0]
    BUFG_PS_X0Y53        BUFG_PS (Prop_BUFG_PS_I_O)
                                                      0.025     0.182 r  top_i/zynq_ps/inst/buffer_pl_clk_0.PL_CLK_0_BUFG/O
    X2Y3 (CLOCK_ROOT)    net (fo=114764, routed)      2.096     2.278    top_i/StreamingDataflowPartition_0/inst/StreamingDataflowPartition_0_StreamingFIFO_rtl_28/inst/genblk1_0.impl/ap_clk
    SLICE_X91Y8          FDRE                                         r  top_i/StreamingDataflowPartition_0/inst/StreamingDataflowPartition_0_StreamingFIFO_rtl_28/inst/genblk1_0.impl/srlo_reg[152]/C
  -------------------------------------------------------------------    -------------------
    SLICE_X91Y8          FDRE (Prop_HFF_SLICEL_C_Q)
                                                      0.058     2.336 r  top_i/StreamingDataflowPartition_0/inst/StreamingDataflowPartition_0_StreamingFIFO_rtl_28/inst/genblk1_0.impl/srlo_reg[152]/Q
                         net (fo=1, routed)           0.124     2.460    top_i/StreamingDataflowPartition_0/inst/StreamingDataflowPartition_0_MVAU_rtl_3/StreamingDataflowPartition_0_MVAU_rtl_3/inst/inst/activation_replay/Mem_reg_0_1_140_153/DIG0
    SLICE_X90Y10         RAMD32                                       r  top_i/StreamingDataflowPartition_0/inst/StreamingDataflowPartition_0_MVAU_rtl_3/StreamingDataflowPartition_0_MVAU_rtl_3/inst/inst/activation_replay/Mem_reg_0_1_140_153/RAMG/I
  -------------------------------------------------------------------    -------------------

                         (clock clk_pl_0 rise edge)
                                                      0.000     0.000 r  
    PS8_X0Y0             PS8                          0.000     0.000 r  top_i/zynq_ps/inst/PS8_i/PLCLK[0]
                         net (fo=1, routed)           0.198     0.198    top_i/zynq_ps/inst/pl_clk_unbuffered[0]
    BUFG_PS_X0Y53        BUFG_PS (Prop_BUFG_PS_I_O)
                                                      0.028     0.226 r  top_i/zynq_ps/inst/buffer_pl_clk_0.PL_CLK_0_BUFG/O
    X2Y3 (CLOCK_ROOT)    net (fo=114764, routed)      2.412     2.638    top_i/StreamingDataflowPartition_0/inst/StreamingDataflowPartition_0_MVAU_rtl_3/StreamingDataflowPartition_0_MVAU_rtl_3/inst/inst/activation_replay/Mem_reg_0_1_140_153/WCLK
    SLICE_X90Y10         RAMD32                                       r  top_i/StreamingDataflowPartition_0/inst/StreamingDataflowPartition_0_MVAU_rtl_3/StreamingDataflowPartition_0_MVAU_rtl_3/inst/inst/activation_replay/Mem_reg_0_1_140_153/RAMG/CLK
                         clock pessimism             -0.266     2.372    
    SLICE_X90Y10         RAMD32 (Hold_G5LUT_SLICEM_CLK_I)
                                                      0.078     2.450    top_i/StreamingDataflowPartition_0/inst/StreamingDataflowPartition_0_MVAU_rtl_3/StreamingDataflowPartition_0_MVAU_rtl_3/inst/inst/activation_replay/Mem_reg_0_1_140_153/RAMG
  -------------------------------------------------------------------
                         required time                         -2.450    
                         arrival time                           2.460    
  -------------------------------------------------------------------
                         slack                                  0.010    

Slack (MET) :             0.010ns  (arrival time - required time)
  Source:                 top_i/StreamingDataflowPartition_0/inst/StreamingDataflowPartition_0_MVAU_rtl_1/StreamingDataflowPartition_0_MVAU_rtl_1/inst/inst/B_reg[dat][9][3]/C
                            (rising edge-triggered cell FDRE clocked by clk_pl_0  {rise@0.000ns fall@5.000ns period=10.000ns})
  Destination:            top_i/StreamingDataflowPartition_0/inst/StreamingDataflowPartition_0_StreamingFIFO_rtl_13/fifo/inst/gen_fifo.xpm_fifo_axis_inst/xpm_fifo_base_inst/gen_sdpram.xpm_memory_base_inst/gen_wr_a.gen_word_narrow.mem_reg_1/DINBDIN[16]
                            (rising edge-triggered cell RAMB36E2 clocked by clk_pl_0  {rise@0.000ns fall@5.000ns period=10.000ns})
  Path Group:             clk_pl_0
  Path Type:              Hold (Min at Slow Process Corner)
  Requirement:            0.000ns  (clk_pl_0 rise@0.000ns - clk_pl_0 rise@0.000ns)
  Data Path Delay:        0.200ns  (logic 0.058ns (29.000%)  route 0.142ns (71.000%))
  Logic Levels:           0  
  Clock Path Skew:        0.218ns (DCD - SCD - CPR)
    Destination Clock Delay (DCD):    2.639ns
    Source Clock Delay      (SCD):    2.211ns
    Clock Pessimism Removal (CPR):    0.210ns
  Clock Net Delay (Source):      2.029ns (routing 0.606ns, distribution 1.423ns)
  Clock Net Delay (Destination): 2.413ns (routing 0.670ns, distribution 1.743ns)

    Location             Delay type                Incr(ns)  Path(ns)    Netlist Resource(s)
  -------------------------------------------------------------------    -------------------
                         (clock clk_pl_0 rise edge)
                                                      0.000     0.000 r  
    PS8_X0Y0             PS8                          0.000     0.000 r  top_i/zynq_ps/inst/PS8_i/PLCLK[0]
                         net (fo=1, routed)           0.157     0.157    top_i/zynq_ps/inst/pl_clk_unbuffered[0]
    BUFG_PS_X0Y53        BUFG_PS (Prop_BUFG_PS_I_O)
                                                      0.025     0.182 r  top_i/zynq_ps/inst/buffer_pl_clk_0.PL_CLK_0_BUFG/O
    X2Y3 (CLOCK_ROOT)    net (fo=114764, routed)      2.029     2.211    top_i/StreamingDataflowPartition_0/inst/StreamingDataflowPartition_0_MVAU_rtl_1/StreamingDataflowPartition_0_MVAU_rtl_1/inst/inst/ap_clk
    SLICE_X73Y421        FDRE                                         r  top_i/StreamingDataflowPartition_0/inst/StreamingDataflowPartition_0_MVAU_rtl_1/StreamingDataflowPartition_0_MVAU_rtl_1/inst/inst/B_reg[dat][9][3]/C
  -------------------------------------------------------------------    -------------------
    SLICE_X73Y421        FDRE (Prop_AFF_SLICEL_C_Q)
                                                      0.058     2.269 r  top_i/StreamingDataflowPartition_0/inst/StreamingDataflowPartition_0_MVAU_rtl_1/StreamingDataflowPartition_0_MVAU_rtl_1/inst/inst/B_reg[dat][9][3]/Q
                         net (fo=1, routed)           0.142     2.411    top_i/StreamingDataflowPartition_0/inst/StreamingDataflowPartition_0_StreamingFIFO_rtl_13/fifo/inst/gen_fifo.xpm_fifo_axis_inst/xpm_fifo_base_inst/gen_sdpram.xpm_memory_base_inst/dina[120]
    RAMB36_X7Y84         RAMB36E2                                     r  top_i/StreamingDataflowPartition_0/inst/StreamingDataflowPartition_0_StreamingFIFO_rtl_13/fifo/inst/gen_fifo.xpm_fifo_axis_inst/xpm_fifo_base_inst/gen_sdpram.xpm_memory_base_inst/gen_wr_a.gen_word_narrow.mem_reg_1/DINBDIN[16]
  -------------------------------------------------------------------    -------------------

                         (clock clk_pl_0 rise edge)
                                                      0.000     0.000 r  
    PS8_X0Y0             PS8                          0.000     0.000 r  top_i/zynq_ps/inst/PS8_i/PLCLK[0]
                         net (fo=1, routed)           0.198     0.198    top_i/zynq_ps/inst/pl_clk_unbuffered[0]
    BUFG_PS_X0Y53        BUFG_PS (Prop_BUFG_PS_I_O)
                                                      0.028     0.226 r  top_i/zynq_ps/inst/buffer_pl_clk_0.PL_CLK_0_BUFG/O
    X2Y3 (CLOCK_ROOT)    net (fo=114764, routed)      2.413     2.639    top_i/StreamingDataflowPartition_0/inst/StreamingDataflowPartition_0_StreamingFIFO_rtl_13/fifo/inst/gen_fifo.xpm_fifo_axis_inst/xpm_fifo_base_inst/gen_sdpram.xpm_memory_base_inst/clka
    RAMB36_X7Y84         RAMB36E2                                     r  top_i/StreamingDataflowPartition_0/inst/StreamingDataflowPartition_0_StreamingFIFO_rtl_13/fifo/inst/gen_fifo.xpm_fifo_axis_inst/xpm_fifo_base_inst/gen_sdpram.xpm_memory_base_inst/gen_wr_a.gen_word_narrow.mem_reg_1/CLKBWRCLK
                         clock pessimism             -0.210     2.429    
    RAMB36_X7Y84         RAMB36E2 (Hold_RAMB36E2_RAMB36_CLKBWRCLK_DINBDIN[16])
                                                     -0.028     2.401    top_i/StreamingDataflowPartition_0/inst/StreamingDataflowPartition_0_StreamingFIFO_rtl_13/fifo/inst/gen_fifo.xpm_fifo_axis_inst/xpm_fifo_base_inst/gen_sdpram.xpm_memory_base_inst/gen_wr_a.gen_word_narrow.mem_reg_1
  -------------------------------------------------------------------
                         required time                         -2.401    
                         arrival time                           2.411    
  -------------------------------------------------------------------
                         slack                                  0.010    

Slack (MET) :             0.010ns  (arrival time - required time)
  Source:                 top_i/StreamingDataflowPartition_0/inst/StreamingDataflowPartition_0_StreamingFIFO_rtl_55/inst/genblk1_0.impl/srlo_reg[102]/C
                            (rising edge-triggered cell FDRE clocked by clk_pl_0  {rise@0.000ns fall@5.000ns period=10.000ns})
  Destination:            top_i/StreamingDataflowPartition_0/inst/StreamingDataflowPartition_0_MVAU_rtl_8/StreamingDataflowPartition_0_MVAU_rtl_8/inst/inst/activation_replay/Mem_reg_0_3_98_111/RAMC/I
                            (rising edge-triggered cell RAMD32 clocked by clk_pl_0  {rise@0.000ns fall@5.000ns period=10.000ns})
  Path Group:             clk_pl_0
  Path Type:              Hold (Min at Slow Process Corner)
  Requirement:            0.000ns  (clk_pl_0 rise@0.000ns - clk_pl_0 rise@0.000ns)
  Data Path Delay:        0.220ns  (logic 0.058ns (26.364%)  route 0.162ns (73.636%))
  Logic Levels:           0  
  Clock Path Skew:        0.132ns (DCD - SCD - CPR)
    Destination Clock Delay (DCD):    2.408ns
    Source Clock Delay      (SCD):    2.077ns
    Clock Pessimism Removal (CPR):    0.198ns
  Clock Net Delay (Source):      1.895ns (routing 0.606ns, distribution 1.289ns)
  Clock Net Delay (Destination): 2.182ns (routing 0.670ns, distribution 1.512ns)

    Location             Delay type                Incr(ns)  Path(ns)    Netlist Resource(s)
  -------------------------------------------------------------------    -------------------
                         (clock clk_pl_0 rise edge)
                                                      0.000     0.000 r  
    PS8_X0Y0             PS8                          0.000     0.000 r  top_i/zynq_ps/inst/PS8_i/PLCLK[0]
                         net (fo=1, routed)           0.157     0.157    top_i/zynq_ps/inst/pl_clk_unbuffered[0]
    BUFG_PS_X0Y53        BUFG_PS (Prop_BUFG_PS_I_O)
                                                      0.025     0.182 r  top_i/zynq_ps/inst/buffer_pl_clk_0.PL_CLK_0_BUFG/O
    X2Y3 (CLOCK_ROOT)    net (fo=114764, routed)      1.895     2.077    top_i/StreamingDataflowPartition_0/inst/StreamingDataflowPartition_0_StreamingFIFO_rtl_55/inst/genblk1_0.impl/ap_clk
    SLICE_X35Y87         FDRE                                         r  top_i/StreamingDataflowPartition_0/inst/StreamingDataflowPartition_0_StreamingFIFO_rtl_55/inst/genblk1_0.impl/srlo_reg[102]/C
  -------------------------------------------------------------------    -------------------
    SLICE_X35Y87         FDRE (Prop_DFF_SLICEM_C_Q)
                                                      0.058     2.135 r  top_i/StreamingDataflowPartition_0/inst/StreamingDataflowPartition_0_StreamingFIFO_rtl_55/inst/genblk1_0.impl/srlo_reg[102]/Q
                         net (fo=1, routed)           0.162     2.297    top_i/StreamingDataflowPartition_0/inst/StreamingDataflowPartition_0_MVAU_rtl_8/StreamingDataflowPartition_0_MVAU_rtl_8/inst/inst/activation_replay/Mem_reg_0_3_98_111/DIC0
    SLICE_X34Y86         RAMD32                                       r  top_i/StreamingDataflowPartition_0/inst/StreamingDataflowPartition_0_MVAU_rtl_8/StreamingDataflowPartition_0_MVAU_rtl_8/inst/inst/activation_replay/Mem_reg_0_3_98_111/RAMC/I
  -------------------------------------------------------------------    -------------------

                         (clock clk_pl_0 rise edge)
                                                      0.000     0.000 r  
    PS8_X0Y0             PS8                          0.000     0.000 r  top_i/zynq_ps/inst/PS8_i/PLCLK[0]
                         net (fo=1, routed)           0.198     0.198    top_i/zynq_ps/inst/pl_clk_unbuffered[0]
    BUFG_PS_X0Y53        BUFG_PS (Prop_BUFG_PS_I_O)
                                                      0.028     0.226 r  top_i/zynq_ps/inst/buffer_pl_clk_0.PL_CLK_0_BUFG/O
    X2Y3 (CLOCK_ROOT)    net (fo=114764, routed)      2.182     2.408    top_i/StreamingDataflowPartition_0/inst/StreamingDataflowPartition_0_MVAU_rtl_8/StreamingDataflowPartition_0_MVAU_rtl_8/inst/inst/activation_replay/Mem_reg_0_3_98_111/WCLK
    SLICE_X34Y86         RAMD32                                       r  top_i/StreamingDataflowPartition_0/inst/StreamingDataflowPartition_0_MVAU_rtl_8/StreamingDataflowPartition_0_MVAU_rtl_8/inst/inst/activation_replay/Mem_reg_0_3_98_111/RAMC/CLK
                         clock pessimism             -0.198     2.209    
    SLICE_X34Y86         RAMD32 (Hold_C5LUT_SLICEM_CLK_I)
                                                      0.078     2.287    top_i/StreamingDataflowPartition_0/inst/StreamingDataflowPartition_0_MVAU_rtl_8/StreamingDataflowPartition_0_MVAU_rtl_8/inst/inst/activation_replay/Mem_reg_0_3_98_111/RAMC
  -------------------------------------------------------------------
                         required time                         -2.287    
                         arrival time                           2.297    
  -------------------------------------------------------------------
                         slack                                  0.010    

Slack (MET) :             0.010ns  (arrival time - required time)
  Source:                 top_i/StreamingDataflowPartition_0/inst/StreamingDataflowPartition_0_StreamingFIFO_rtl_35/inst/genblk1_0.impl/srlo_reg[226]/C
                            (rising edge-triggered cell FDRE clocked by clk_pl_0  {rise@0.000ns fall@5.000ns period=10.000ns})
  Destination:            top_i/StreamingDataflowPartition_0/inst/StreamingDataflowPartition_0_MVAU_rtl_4/StreamingDataflowPartition_0_MVAU_rtl_4/inst/inst/activation_replay/Mem_reg_0_1_224_237/RAMB/I
                            (rising edge-triggered cell RAMD32 clocked by clk_pl_0  {rise@0.000ns fall@5.000ns period=10.000ns})
  Path Group:             clk_pl_0
  Path Type:              Hold (Min at Slow Process Corner)
  Requirement:            0.000ns  (clk_pl_0 rise@0.000ns - clk_pl_0 rise@0.000ns)
  Data Path Delay:        0.231ns  (logic 0.059ns (25.541%)  route 0.172ns (74.459%))
  Logic Levels:           0  
  Clock Path Skew:        0.143ns (DCD - SCD - CPR)
    Destination Clock Delay (DCD):    2.437ns
    Source Clock Delay      (SCD):    2.093ns
    Clock Pessimism Removal (CPR):    0.200ns
  Clock Net Delay (Source):      1.911ns (routing 0.606ns, distribution 1.305ns)
  Clock Net Delay (Destination): 2.211ns (routing 0.670ns, distribution 1.541ns)

    Location             Delay type                Incr(ns)  Path(ns)    Netlist Resource(s)
  -------------------------------------------------------------------    -------------------
                         (clock clk_pl_0 rise edge)
                                                      0.000     0.000 r  
    PS8_X0Y0             PS8                          0.000     0.000 r  top_i/zynq_ps/inst/PS8_i/PLCLK[0]
                         net (fo=1, routed)           0.157     0.157    top_i/zynq_ps/inst/pl_clk_unbuffered[0]
    BUFG_PS_X0Y53        BUFG_PS (Prop_BUFG_PS_I_O)
                                                      0.025     0.182 r  top_i/zynq_ps/inst/buffer_pl_clk_0.PL_CLK_0_BUFG/O
    X2Y3 (CLOCK_ROOT)    net (fo=114764, routed)      1.911     2.093    top_i/StreamingDataflowPartition_0/inst/StreamingDataflowPartition_0_StreamingFIFO_rtl_35/inst/genblk1_0.impl/ap_clk
    SLICE_X62Y84         FDRE                                         r  top_i/StreamingDataflowPartition_0/inst/StreamingDataflowPartition_0_StreamingFIFO_rtl_35/inst/genblk1_0.impl/srlo_reg[226]/C
  -------------------------------------------------------------------    -------------------
    SLICE_X62Y84         FDRE (Prop_BFF_SLICEL_C_Q)
                                                      0.059     2.152 r  top_i/StreamingDataflowPartition_0/inst/StreamingDataflowPartition_0_StreamingFIFO_rtl_35/inst/genblk1_0.impl/srlo_reg[226]/Q
                         net (fo=1, routed)           0.172     2.324    top_i/StreamingDataflowPartition_0/inst/StreamingDataflowPartition_0_MVAU_rtl_4/StreamingDataflowPartition_0_MVAU_rtl_4/inst/inst/activation_replay/Mem_reg_0_1_224_237/DIB0
    SLICE_X66Y85         RAMD32                                       r  top_i/StreamingDataflowPartition_0/inst/StreamingDataflowPartition_0_MVAU_rtl_4/StreamingDataflowPartition_0_MVAU_rtl_4/inst/inst/activation_replay/Mem_reg_0_1_224_237/RAMB/I
  -------------------------------------------------------------------    -------------------

                         (clock clk_pl_0 rise edge)
                                                      0.000     0.000 r  
    PS8_X0Y0             PS8                          0.000     0.000 r  top_i/zynq_ps/inst/PS8_i/PLCLK[0]
                         net (fo=1, routed)           0.198     0.198    top_i/zynq_ps/inst/pl_clk_unbuffered[0]
    BUFG_PS_X0Y53        BUFG_PS (Prop_BUFG_PS_I_O)
                                                      0.028     0.226 r  top_i/zynq_ps/inst/buffer_pl_clk_0.PL_CLK_0_BUFG/O
    X2Y3 (CLOCK_ROOT)    net (fo=114764, routed)      2.211     2.437    top_i/StreamingDataflowPartition_0/inst/StreamingDataflowPartition_0_MVAU_rtl_4/StreamingDataflowPartition_0_MVAU_rtl_4/inst/inst/activation_replay/Mem_reg_0_1_224_237/WCLK
    SLICE_X66Y85         RAMD32                                       r  top_i/StreamingDataflowPartition_0/inst/StreamingDataflowPartition_0_MVAU_rtl_4/StreamingDataflowPartition_0_MVAU_rtl_4/inst/inst/activation_replay/Mem_reg_0_1_224_237/RAMB/CLK
                         clock pessimism             -0.200     2.236    
    SLICE_X66Y85         RAMD32 (Hold_B5LUT_SLICEM_CLK_I)
                                                      0.078     2.314    top_i/StreamingDataflowPartition_0/inst/StreamingDataflowPartition_0_MVAU_rtl_4/StreamingDataflowPartition_0_MVAU_rtl_4/inst/inst/activation_replay/Mem_reg_0_1_224_237/RAMB
  -------------------------------------------------------------------
                         required time                         -2.314    
                         arrival time                           2.324    
  -------------------------------------------------------------------
                         slack                                  0.010    

Slack (MET) :             0.010ns  (arrival time - required time)
  Source:                 top_i/StreamingDataflowPartition_0/inst/StreamingDataflowPartition_0_ConvolutionInputGenerator_rtl_1/inst/impl/window_buffer_inst/reg_buffer_inst_0/Data_reg[2][73]/C
                            (rising edge-triggered cell FDRE clocked by clk_pl_0  {rise@0.000ns fall@5.000ns period=10.000ns})
  Destination:            top_i/StreamingDataflowPartition_0/inst/StreamingDataflowPartition_0_StreamingFIFO_rtl_11/inst/genblk1_0.impl/srl_reg[254][73]_srl32/D
                            (rising edge-triggered cell SRLC32E clocked by clk_pl_0  {rise@0.000ns fall@5.000ns period=10.000ns})
  Path Group:             clk_pl_0
  Path Type:              Hold (Min at Slow Process Corner)
  Requirement:            0.000ns  (clk_pl_0 rise@0.000ns - clk_pl_0 rise@0.000ns)
  Data Path Delay:        0.277ns  (logic 0.059ns (21.287%)  route 0.218ns (78.713%))
  Logic Levels:           0  
  Clock Path Skew:        0.188ns (DCD - SCD - CPR)
    Destination Clock Delay (DCD):    2.474ns
    Source Clock Delay      (SCD):    2.087ns
    Clock Pessimism Removal (CPR):    0.199ns
  Clock Net Delay (Source):      1.905ns (routing 0.606ns, distribution 1.299ns)
  Clock Net Delay (Destination): 2.248ns (routing 0.670ns, distribution 1.578ns)

    Location             Delay type                Incr(ns)  Path(ns)    Netlist Resource(s)
  -------------------------------------------------------------------    -------------------
                         (clock clk_pl_0 rise edge)
                                                      0.000     0.000 r  
    PS8_X0Y0             PS8                          0.000     0.000 r  top_i/zynq_ps/inst/PS8_i/PLCLK[0]
                         net (fo=1, routed)           0.157     0.157    top_i/zynq_ps/inst/pl_clk_unbuffered[0]
    BUFG_PS_X0Y53        BUFG_PS (Prop_BUFG_PS_I_O)
                                                      0.025     0.182 r  top_i/zynq_ps/inst/buffer_pl_clk_0.PL_CLK_0_BUFG/O
    X2Y3 (CLOCK_ROOT)    net (fo=114764, routed)      1.905     2.087    top_i/StreamingDataflowPartition_0/inst/StreamingDataflowPartition_0_ConvolutionInputGenerator_rtl_1/inst/impl/window_buffer_inst/reg_buffer_inst_0/ap_clk
    SLICE_X57Y362        FDRE                                         r  top_i/StreamingDataflowPartition_0/inst/StreamingDataflowPartition_0_ConvolutionInputGenerator_rtl_1/inst/impl/window_buffer_inst/reg_buffer_inst_0/Data_reg[2][73]/C
  -------------------------------------------------------------------    -------------------
    SLICE_X57Y362        FDRE (Prop_EFF_SLICEL_C_Q)
                                                      0.059     2.146 r  top_i/StreamingDataflowPartition_0/inst/StreamingDataflowPartition_0_ConvolutionInputGenerator_rtl_1/inst/impl/window_buffer_inst/reg_buffer_inst_0/Data_reg[2][73]/Q
                         net (fo=2, routed)           0.218     2.364    top_i/StreamingDataflowPartition_0/inst/StreamingDataflowPartition_0_StreamingFIFO_rtl_11/inst/genblk1_0.impl/in[73]
    SLICE_X61Y370        SRLC32E                                      r  top_i/StreamingDataflowPartition_0/inst/StreamingDataflowPartition_0_StreamingFIFO_rtl_11/inst/genblk1_0.impl/srl_reg[254][73]_srl32/D
  -------------------------------------------------------------------    -------------------

                         (clock clk_pl_0 rise edge)
                                                      0.000     0.000 r  
    PS8_X0Y0             PS8                          0.000     0.000 r  top_i/zynq_ps/inst/PS8_i/PLCLK[0]
                         net (fo=1, routed)           0.198     0.198    top_i/zynq_ps/inst/pl_clk_unbuffered[0]
    BUFG_PS_X0Y53        BUFG_PS (Prop_BUFG_PS_I_O)
                                                      0.028     0.226 r  top_i/zynq_ps/inst/buffer_pl_clk_0.PL_CLK_0_BUFG/O
    X2Y3 (CLOCK_ROOT)    net (fo=114764, routed)      2.248     2.474    top_i/StreamingDataflowPartition_0/inst/StreamingDataflowPartition_0_StreamingFIFO_rtl_11/inst/genblk1_0.impl/ap_clk
    SLICE_X61Y370        SRLC32E                                      r  top_i/StreamingDataflowPartition_0/inst/StreamingDataflowPartition_0_StreamingFIFO_rtl_11/inst/genblk1_0.impl/srl_reg[254][73]_srl32/CLK
                         clock pessimism             -0.199     2.275    
    SLICE_X61Y370        SRLC32E (Hold_H6LUT_SLICEM_CLK_D)
                                                      0.079     2.354    top_i/StreamingDataflowPartition_0/inst/StreamingDataflowPartition_0_StreamingFIFO_rtl_11/inst/genblk1_0.impl/srl_reg[254][73]_srl32
  -------------------------------------------------------------------
                         required time                         -2.354    
                         arrival time                           2.364    
  -------------------------------------------------------------------
                         slack                                  0.010    





Pulse Width Checks
--------------------------------------------------------------------------------------
Clock Name:         clk_pl_0
Waveform(ns):       { 0.000 5.000 }
Period(ns):         10.000
Sources:            { top_i/zynq_ps/inst/PS8_i/PLCLK[0] }

Check Type        Corner  Lib Pin             Reference Pin  Required(ns)  Actual(ns)  Slack(ns)  Location      Pin
Min Period        n/a     PS8/MAXIGP0ACLK     n/a            3.000         10.000      7.000      PS8_X0Y0      top_i/zynq_ps/inst/PS8_i/MAXIGP0ACLK
Min Period        n/a     PS8/SAXIGP2RCLK     n/a            3.000         10.000      7.000      PS8_X0Y0      top_i/zynq_ps/inst/PS8_i/SAXIGP2RCLK
Min Period        n/a     PS8/SAXIGP2WCLK     n/a            3.000         10.000      7.000      PS8_X0Y0      top_i/zynq_ps/inst/PS8_i/SAXIGP2WCLK
Min Period        n/a     RAMB36E2/CLKARDCLK  n/a            1.569         10.000      8.431      RAMB36_X3Y12  top_i/StreamingDataflowPartition_0/inst/StreamingDataflowPartition_0_MVAU_rtl_7/StreamingDataflowPartition_0_MVAU_rtl_7_wstrm/inst/core/mem/blkStage2.Mem_reg_0/CLKARDCLK
Min Period        n/a     RAMB36E2/CLKBWRCLK  n/a            1.569         10.000      8.431      RAMB36_X3Y12  top_i/StreamingDataflowPartition_0/inst/StreamingDataflowPartition_0_MVAU_rtl_7/StreamingDataflowPartition_0_MVAU_rtl_7_wstrm/inst/core/mem/blkStage2.Mem_reg_0/CLKBWRCLK
Min Period        n/a     RAMB36E2/CLKARDCLK  n/a            1.569         10.000      8.431      RAMB36_X3Y14  top_i/StreamingDataflowPartition_0/inst/StreamingDataflowPartition_0_MVAU_rtl_7/StreamingDataflowPartition_0_MVAU_rtl_7_wstrm/inst/core/mem/blkStage2.Mem_reg_1/CLKARDCLK
Min Period        n/a     RAMB36E2/CLKBWRCLK  n/a            1.569         10.000      8.431      RAMB36_X3Y14  top_i/StreamingDataflowPartition_0/inst/StreamingDataflowPartition_0_MVAU_rtl_7/StreamingDataflowPartition_0_MVAU_rtl_7_wstrm/inst/core/mem/blkStage2.Mem_reg_1/CLKBWRCLK
Min Period        n/a     RAMB36E2/CLKARDCLK  n/a            1.569         10.000      8.431      RAMB36_X3Y13  top_i/StreamingDataflowPartition_0/inst/StreamingDataflowPartition_0_MVAU_rtl_7/StreamingDataflowPartition_0_MVAU_rtl_7_wstrm/inst/core/mem/blkStage2.Mem_reg_2/CLKARDCLK
Min Period        n/a     RAMB36E2/CLKBWRCLK  n/a            1.569         10.000      8.431      RAMB36_X3Y13  top_i/StreamingDataflowPartition_0/inst/StreamingDataflowPartition_0_MVAU_rtl_7/StreamingDataflowPartition_0_MVAU_rtl_7_wstrm/inst/core/mem/blkStage2.Mem_reg_2/CLKBWRCLK
Min Period        n/a     RAMB36E2/CLKARDCLK  n/a            1.569         10.000      8.431      RAMB36_X3Y15  top_i/StreamingDataflowPartition_0/inst/StreamingDataflowPartition_0_MVAU_rtl_7/StreamingDataflowPartition_0_MVAU_rtl_7_wstrm/inst/core/mem/blkStage2.Mem_reg_3/CLKARDCLK
Low Pulse Width   Slow    PS8/MAXIGP0ACLK     n/a            1.500         5.000       3.500      PS8_X0Y0      top_i/zynq_ps/inst/PS8_i/MAXIGP0ACLK
Low Pulse Width   Fast    PS8/MAXIGP0ACLK     n/a            1.500         5.000       3.500      PS8_X0Y0      top_i/zynq_ps/inst/PS8_i/MAXIGP0ACLK
Low Pulse Width   Slow    PS8/SAXIGP2RCLK     n/a            1.500         5.000       3.500      PS8_X0Y0      top_i/zynq_ps/inst/PS8_i/SAXIGP2RCLK
Low Pulse Width   Fast    PS8/SAXIGP2RCLK     n/a            1.500         5.000       3.500      PS8_X0Y0      top_i/zynq_ps/inst/PS8_i/SAXIGP2RCLK
Low Pulse Width   Slow    PS8/SAXIGP2WCLK     n/a            1.500         5.000       3.500      PS8_X0Y0      top_i/zynq_ps/inst/PS8_i/SAXIGP2WCLK
Low Pulse Width   Fast    PS8/SAXIGP2WCLK     n/a            1.500         5.000       3.500      PS8_X0Y0      top_i/zynq_ps/inst/PS8_i/SAXIGP2WCLK
Low Pulse Width   Slow    RAMB36E2/CLKARDCLK  n/a            0.542         5.000       4.458      RAMB36_X3Y12  top_i/StreamingDataflowPartition_0/inst/StreamingDataflowPartition_0_MVAU_rtl_7/StreamingDataflowPartition_0_MVAU_rtl_7_wstrm/inst/core/mem/blkStage2.Mem_reg_0/CLKARDCLK
Low Pulse Width   Fast    RAMB36E2/CLKARDCLK  n/a            0.542         5.000       4.458      RAMB36_X3Y12  top_i/StreamingDataflowPartition_0/inst/StreamingDataflowPartition_0_MVAU_rtl_7/StreamingDataflowPartition_0_MVAU_rtl_7_wstrm/inst/core/mem/blkStage2.Mem_reg_0/CLKARDCLK
Low Pulse Width   Slow    RAMB36E2/CLKBWRCLK  n/a            0.542         5.000       4.458      RAMB36_X3Y12  top_i/StreamingDataflowPartition_0/inst/StreamingDataflowPartition_0_MVAU_rtl_7/StreamingDataflowPartition_0_MVAU_rtl_7_wstrm/inst/core/mem/blkStage2.Mem_reg_0/CLKBWRCLK
Low Pulse Width   Fast    RAMB36E2/CLKBWRCLK  n/a            0.542         5.000       4.458      RAMB36_X3Y12  top_i/StreamingDataflowPartition_0/inst/StreamingDataflowPartition_0_MVAU_rtl_7/StreamingDataflowPartition_0_MVAU_rtl_7_wstrm/inst/core/mem/blkStage2.Mem_reg_0/CLKBWRCLK
High Pulse Width  Slow    PS8/MAXIGP0ACLK     n/a            1.500         5.000       3.500      PS8_X0Y0      top_i/zynq_ps/inst/PS8_i/MAXIGP0ACLK
High Pulse Width  Fast    PS8/MAXIGP0ACLK     n/a            1.500         5.000       3.500      PS8_X0Y0      top_i/zynq_ps/inst/PS8_i/MAXIGP0ACLK
High Pulse Width  Slow    PS8/SAXIGP2RCLK     n/a            1.500         5.000       3.500      PS8_X0Y0      top_i/zynq_ps/inst/PS8_i/SAXIGP2RCLK
High Pulse Width  Fast    PS8/SAXIGP2RCLK     n/a            1.500         5.000       3.500      PS8_X0Y0      top_i/zynq_ps/inst/PS8_i/SAXIGP2RCLK
High Pulse Width  Slow    PS8/SAXIGP2WCLK     n/a            1.500         5.000       3.500      PS8_X0Y0      top_i/zynq_ps/inst/PS8_i/SAXIGP2WCLK
High Pulse Width  Fast    PS8/SAXIGP2WCLK     n/a            1.500         5.000       3.500      PS8_X0Y0      top_i/zynq_ps/inst/PS8_i/SAXIGP2WCLK
High Pulse Width  Slow    RAMB36E2/CLKARDCLK  n/a            0.542         5.000       4.458      RAMB36_X3Y12  top_i/StreamingDataflowPartition_0/inst/StreamingDataflowPartition_0_MVAU_rtl_7/StreamingDataflowPartition_0_MVAU_rtl_7_wstrm/inst/core/mem/blkStage2.Mem_reg_0/CLKARDCLK
High Pulse Width  Fast    RAMB36E2/CLKARDCLK  n/a            0.542         5.000       4.458      RAMB36_X3Y12  top_i/StreamingDataflowPartition_0/inst/StreamingDataflowPartition_0_MVAU_rtl_7/StreamingDataflowPartition_0_MVAU_rtl_7_wstrm/inst/core/mem/blkStage2.Mem_reg_0/CLKARDCLK
High Pulse Width  Slow    RAMB36E2/CLKBWRCLK  n/a            0.542         5.000       4.458      RAMB36_X3Y12  top_i/StreamingDataflowPartition_0/inst/StreamingDataflowPartition_0_MVAU_rtl_7/StreamingDataflowPartition_0_MVAU_rtl_7_wstrm/inst/core/mem/blkStage2.Mem_reg_0/CLKBWRCLK
High Pulse Width  Fast    RAMB36E2/CLKBWRCLK  n/a            0.542         5.000       4.458      RAMB36_X3Y12  top_i/StreamingDataflowPartition_0/inst/StreamingDataflowPartition_0_MVAU_rtl_7/StreamingDataflowPartition_0_MVAU_rtl_7_wstrm/inst/core/mem/blkStage2.Mem_reg_0/CLKBWRCLK



---------------------------------------------------------------------------------------------------
Path Group:  **async_default**
From Clock:  clk_pl_0
  To Clock:  clk_pl_0

Setup :            0  Failing Endpoints,  Worst Slack        8.673ns,  Total Violation        0.000ns
Hold  :            0  Failing Endpoints,  Worst Slack        0.167ns,  Total Violation        0.000ns
---------------------------------------------------------------------------------------------------


Max Delay Paths
--------------------------------------------------------------------------------------
Slack (MET) :             8.673ns  (required time - arrival time)
  Source:                 top_i/axi_interconnect_0/s00_couplers/auto_ds/inst/gen_downsizer.gen_simple_downsizer.axi_downsizer_inst/USE_WRITE.write_addr_inst/cmd_queue/inst/fifo_gen_inst/inst_fifo_gen/gconvfifo.rf/grf.rf/rstblk/ngwrdrst.grst.g7serrst.gnsckt_wrst.gcc_rst.sckt_wr_rst_cc_reg[0]/C
                            (rising edge-triggered cell FDRE clocked by clk_pl_0  {rise@0.000ns fall@5.000ns period=10.000ns})
  Destination:            top_i/axi_interconnect_0/s00_couplers/auto_ds/inst/gen_downsizer.gen_simple_downsizer.axi_downsizer_inst/USE_WRITE.write_addr_inst/cmd_queue/inst/fifo_gen_inst/inst_fifo_gen/gconvfifo.rf/grf.rf/gntv_or_sync_fifo.gl0.rd/gr1.gr1_int.rfwft/empty_fwft_fb_o_i_reg/PRE
                            (recovery check against rising-edge clock clk_pl_0  {rise@0.000ns fall@5.000ns period=10.000ns})
  Path Group:             **async_default**
  Path Type:              Recovery (Max at Slow Process Corner)
  Requirement:            10.000ns  (clk_pl_0 rise@10.000ns - clk_pl_0 rise@0.000ns)
  Data Path Delay:        1.042ns  (logic 0.229ns (21.978%)  route 0.813ns (78.022%))
  Logic Levels:           1  (LUT3=1)
  Clock Path Skew:        -0.089ns (DCD - SCD + CPR)
    Destination Clock Delay (DCD):    2.095ns = ( 12.095 - 10.000 ) 
    Source Clock Delay      (SCD):    2.385ns
    Clock Pessimism Removal (CPR):    0.202ns
  Clock Uncertainty:      0.130ns  ((TSJ^2 + DJ^2)^1/2) / 2 + PE
    Total System Jitter     (TSJ):    0.071ns
    Discrete Jitter          (DJ):    0.250ns
    Phase Error              (PE):    0.000ns
  Clock Net Delay (Source):      2.159ns (routing 0.670ns, distribution 1.489ns)
  Clock Net Delay (Destination): 1.913ns (routing 0.606ns, distribution 1.307ns)

    Location             Delay type                Incr(ns)  Path(ns)    Netlist Resource(s)
  -------------------------------------------------------------------    -------------------
                         (clock clk_pl_0 rise edge)
                                                      0.000     0.000 r  
    PS8_X0Y0             PS8                          0.000     0.000 r  top_i/zynq_ps/inst/PS8_i/PLCLK[0]
                         net (fo=1, routed)           0.198     0.198    top_i/zynq_ps/inst/pl_clk_unbuffered[0]
    BUFG_PS_X0Y53        BUFG_PS (Prop_BUFG_PS_I_O)
                                                      0.028     0.226 r  top_i/zynq_ps/inst/buffer_pl_clk_0.PL_CLK_0_BUFG/O
    X2Y3 (CLOCK_ROOT)    net (fo=114764, routed)      2.159     2.385    top_i/axi_interconnect_0/s00_couplers/auto_ds/inst/gen_downsizer.gen_simple_downsizer.axi_downsizer_inst/USE_WRITE.write_addr_inst/cmd_queue/inst/fifo_gen_inst/inst_fifo_gen/gconvfifo.rf/grf.rf/rstblk/clk
    SLICE_X30Y29         FDRE                                         r  top_i/axi_interconnect_0/s00_couplers/auto_ds/inst/gen_downsizer.gen_simple_downsizer.axi_downsizer_inst/USE_WRITE.write_addr_inst/cmd_queue/inst/fifo_gen_inst/inst_fifo_gen/gconvfifo.rf/grf.rf/rstblk/ngwrdrst.grst.g7serrst.gnsckt_wrst.gcc_rst.sckt_wr_rst_cc_reg[0]/C
  -------------------------------------------------------------------    -------------------
    SLICE_X30Y29         FDRE (Prop_EFF2_SLICEM_C_Q)
                                                      0.079     2.464 f  top_i/axi_interconnect_0/s00_couplers/auto_ds/inst/gen_downsizer.gen_simple_downsizer.axi_downsizer_inst/USE_WRITE.write_addr_inst/cmd_queue/inst/fifo_gen_inst/inst_fifo_gen/gconvfifo.rf/grf.rf/rstblk/ngwrdrst.grst.g7serrst.gnsckt_wrst.gcc_rst.sckt_wr_rst_cc_reg[0]/Q
                         net (fo=3, routed)           0.231     2.695    top_i/axi_interconnect_0/s00_couplers/auto_ds/inst/gen_downsizer.gen_simple_downsizer.axi_downsizer_inst/USE_WRITE.write_addr_inst/cmd_queue/inst/fifo_gen_inst/inst_fifo_gen/gconvfifo.rf/grf.rf/rstblk/ngwrdrst.grst.g7serrst.gnsckt_wrst.gcc_rst.sckt_wr_rst_cc[0]
    SLICE_X30Y29         LUT3 (Prop_G6LUT_SLICEM_I1_O)
                                                      0.150     2.845 f  top_i/axi_interconnect_0/s00_couplers/auto_ds/inst/gen_downsizer.gen_simple_downsizer.axi_downsizer_inst/USE_WRITE.write_addr_inst/cmd_queue/inst/fifo_gen_inst/inst_fifo_gen/gconvfifo.rf/grf.rf/rstblk/gpregsm1.curr_fwft_state[1]_i_2/O
                         net (fo=32, routed)          0.582     3.427    top_i/axi_interconnect_0/s00_couplers/auto_ds/inst/gen_downsizer.gen_simple_downsizer.axi_downsizer_inst/USE_WRITE.write_addr_inst/cmd_queue/inst/fifo_gen_inst/inst_fifo_gen/gconvfifo.rf/grf.rf/gntv_or_sync_fifo.gl0.rd/gr1.gr1_int.rfwft/gpregsm1.user_valid_reg_0
    SLICE_X30Y30         FDPE                                         f  top_i/axi_interconnect_0/s00_couplers/auto_ds/inst/gen_downsizer.gen_simple_downsizer.axi_downsizer_inst/USE_WRITE.write_addr_inst/cmd_queue/inst/fifo_gen_inst/inst_fifo_gen/gconvfifo.rf/grf.rf/gntv_or_sync_fifo.gl0.rd/gr1.gr1_int.rfwft/empty_fwft_fb_o_i_reg/PRE
  -------------------------------------------------------------------    -------------------

                         (clock clk_pl_0 rise edge)
                                                     10.000    10.000 r  
    PS8_X0Y0             PS8                          0.000    10.000 r  top_i/zynq_ps/inst/PS8_i/PLCLK[0]
                         net (fo=1, routed)           0.157    10.157    top_i/zynq_ps/inst/pl_clk_unbuffered[0]
    BUFG_PS_X0Y53        BUFG_PS (Prop_BUFG_PS_I_O)
                                                      0.025    10.182 r  top_i/zynq_ps/inst/buffer_pl_clk_0.PL_CLK_0_BUFG/O
    X2Y3 (CLOCK_ROOT)    net (fo=114764, routed)      1.913    12.095    top_i/axi_interconnect_0/s00_couplers/auto_ds/inst/gen_downsizer.gen_simple_downsizer.axi_downsizer_inst/USE_WRITE.write_addr_inst/cmd_queue/inst/fifo_gen_inst/inst_fifo_gen/gconvfifo.rf/grf.rf/gntv_or_sync_fifo.gl0.rd/gr1.gr1_int.rfwft/clk
    SLICE_X30Y30         FDPE                                         r  top_i/axi_interconnect_0/s00_couplers/auto_ds/inst/gen_downsizer.gen_simple_downsizer.axi_downsizer_inst/USE_WRITE.write_addr_inst/cmd_queue/inst/fifo_gen_inst/inst_fifo_gen/gconvfifo.rf/grf.rf/gntv_or_sync_fifo.gl0.rd/gr1.gr1_int.rfwft/empty_fwft_fb_o_i_reg/C
                         clock pessimism              0.202    12.296    
                         clock uncertainty           -0.130    12.166    
    SLICE_X30Y30         FDPE (Recov_DFF2_SLICEM_C_PRE)
                                                     -0.066    12.100    top_i/axi_interconnect_0/s00_couplers/auto_ds/inst/gen_downsizer.gen_simple_downsizer.axi_downsizer_inst/USE_WRITE.write_addr_inst/cmd_queue/inst/fifo_gen_inst/inst_fifo_gen/gconvfifo.rf/grf.rf/gntv_or_sync_fifo.gl0.rd/gr1.gr1_int.rfwft/empty_fwft_fb_o_i_reg
  -------------------------------------------------------------------
                         required time                         12.100    
                         arrival time                          -3.427    
  -------------------------------------------------------------------
                         slack                                  8.673    

Slack (MET) :             8.673ns  (required time - arrival time)
  Source:                 top_i/axi_interconnect_0/s00_couplers/auto_ds/inst/gen_downsizer.gen_simple_downsizer.axi_downsizer_inst/USE_WRITE.write_addr_inst/cmd_queue/inst/fifo_gen_inst/inst_fifo_gen/gconvfifo.rf/grf.rf/rstblk/ngwrdrst.grst.g7serrst.gnsckt_wrst.gcc_rst.sckt_wr_rst_cc_reg[0]/C
                            (rising edge-triggered cell FDRE clocked by clk_pl_0  {rise@0.000ns fall@5.000ns period=10.000ns})
  Destination:            top_i/axi_interconnect_0/s00_couplers/auto_ds/inst/gen_downsizer.gen_simple_downsizer.axi_downsizer_inst/USE_WRITE.write_addr_inst/cmd_queue/inst/fifo_gen_inst/inst_fifo_gen/gconvfifo.rf/grf.rf/gntv_or_sync_fifo.gl0.rd/gr1.gr1_int.rfwft/gpregsm1.curr_fwft_state_reg[0]/CLR
                            (recovery check against rising-edge clock clk_pl_0  {rise@0.000ns fall@5.000ns period=10.000ns})
  Path Group:             **async_default**
  Path Type:              Recovery (Max at Slow Process Corner)
  Requirement:            10.000ns  (clk_pl_0 rise@10.000ns - clk_pl_0 rise@0.000ns)
  Data Path Delay:        1.042ns  (logic 0.229ns (21.978%)  route 0.813ns (78.022%))
  Logic Levels:           1  (LUT3=1)
  Clock Path Skew:        -0.089ns (DCD - SCD + CPR)
    Destination Clock Delay (DCD):    2.095ns = ( 12.095 - 10.000 ) 
    Source Clock Delay      (SCD):    2.385ns
    Clock Pessimism Removal (CPR):    0.202ns
  Clock Uncertainty:      0.130ns  ((TSJ^2 + DJ^2)^1/2) / 2 + PE
    Total System Jitter     (TSJ):    0.071ns
    Discrete Jitter          (DJ):    0.250ns
    Phase Error              (PE):    0.000ns
  Clock Net Delay (Source):      2.159ns (routing 0.670ns, distribution 1.489ns)
  Clock Net Delay (Destination): 1.913ns (routing 0.606ns, distribution 1.307ns)

    Location             Delay type                Incr(ns)  Path(ns)    Netlist Resource(s)
  -------------------------------------------------------------------    -------------------
                         (clock clk_pl_0 rise edge)
                                                      0.000     0.000 r  
    PS8_X0Y0             PS8                          0.000     0.000 r  top_i/zynq_ps/inst/PS8_i/PLCLK[0]
                         net (fo=1, routed)           0.198     0.198    top_i/zynq_ps/inst/pl_clk_unbuffered[0]
    BUFG_PS_X0Y53        BUFG_PS (Prop_BUFG_PS_I_O)
                                                      0.028     0.226 r  top_i/zynq_ps/inst/buffer_pl_clk_0.PL_CLK_0_BUFG/O
    X2Y3 (CLOCK_ROOT)    net (fo=114764, routed)      2.159     2.385    top_i/axi_interconnect_0/s00_couplers/auto_ds/inst/gen_downsizer.gen_simple_downsizer.axi_downsizer_inst/USE_WRITE.write_addr_inst/cmd_queue/inst/fifo_gen_inst/inst_fifo_gen/gconvfifo.rf/grf.rf/rstblk/clk
    SLICE_X30Y29         FDRE                                         r  top_i/axi_interconnect_0/s00_couplers/auto_ds/inst/gen_downsizer.gen_simple_downsizer.axi_downsizer_inst/USE_WRITE.write_addr_inst/cmd_queue/inst/fifo_gen_inst/inst_fifo_gen/gconvfifo.rf/grf.rf/rstblk/ngwrdrst.grst.g7serrst.gnsckt_wrst.gcc_rst.sckt_wr_rst_cc_reg[0]/C
  -------------------------------------------------------------------    -------------------
    SLICE_X30Y29         FDRE (Prop_EFF2_SLICEM_C_Q)
                                                      0.079     2.464 f  top_i/axi_interconnect_0/s00_couplers/auto_ds/inst/gen_downsizer.gen_simple_downsizer.axi_downsizer_inst/USE_WRITE.write_addr_inst/cmd_queue/inst/fifo_gen_inst/inst_fifo_gen/gconvfifo.rf/grf.rf/rstblk/ngwrdrst.grst.g7serrst.gnsckt_wrst.gcc_rst.sckt_wr_rst_cc_reg[0]/Q
                         net (fo=3, routed)           0.231     2.695    top_i/axi_interconnect_0/s00_couplers/auto_ds/inst/gen_downsizer.gen_simple_downsizer.axi_downsizer_inst/USE_WRITE.write_addr_inst/cmd_queue/inst/fifo_gen_inst/inst_fifo_gen/gconvfifo.rf/grf.rf/rstblk/ngwrdrst.grst.g7serrst.gnsckt_wrst.gcc_rst.sckt_wr_rst_cc[0]
    SLICE_X30Y29         LUT3 (Prop_G6LUT_SLICEM_I1_O)
                                                      0.150     2.845 f  top_i/axi_interconnect_0/s00_couplers/auto_ds/inst/gen_downsizer.gen_simple_downsizer.axi_downsizer_inst/USE_WRITE.write_addr_inst/cmd_queue/inst/fifo_gen_inst/inst_fifo_gen/gconvfifo.rf/grf.rf/rstblk/gpregsm1.curr_fwft_state[1]_i_2/O
                         net (fo=32, routed)          0.582     3.427    top_i/axi_interconnect_0/s00_couplers/auto_ds/inst/gen_downsizer.gen_simple_downsizer.axi_downsizer_inst/USE_WRITE.write_addr_inst/cmd_queue/inst/fifo_gen_inst/inst_fifo_gen/gconvfifo.rf/grf.rf/gntv_or_sync_fifo.gl0.rd/gr1.gr1_int.rfwft/gpregsm1.user_valid_reg_0
    SLICE_X30Y30         FDCE                                         f  top_i/axi_interconnect_0/s00_couplers/auto_ds/inst/gen_downsizer.gen_simple_downsizer.axi_downsizer_inst/USE_WRITE.write_addr_inst/cmd_queue/inst/fifo_gen_inst/inst_fifo_gen/gconvfifo.rf/grf.rf/gntv_or_sync_fifo.gl0.rd/gr1.gr1_int.rfwft/gpregsm1.curr_fwft_state_reg[0]/CLR
  -------------------------------------------------------------------    -------------------

                         (clock clk_pl_0 rise edge)
                                                     10.000    10.000 r  
    PS8_X0Y0             PS8                          0.000    10.000 r  top_i/zynq_ps/inst/PS8_i/PLCLK[0]
                         net (fo=1, routed)           0.157    10.157    top_i/zynq_ps/inst/pl_clk_unbuffered[0]
    BUFG_PS_X0Y53        BUFG_PS (Prop_BUFG_PS_I_O)
                                                      0.025    10.182 r  top_i/zynq_ps/inst/buffer_pl_clk_0.PL_CLK_0_BUFG/O
    X2Y3 (CLOCK_ROOT)    net (fo=114764, routed)      1.913    12.095    top_i/axi_interconnect_0/s00_couplers/auto_ds/inst/gen_downsizer.gen_simple_downsizer.axi_downsizer_inst/USE_WRITE.write_addr_inst/cmd_queue/inst/fifo_gen_inst/inst_fifo_gen/gconvfifo.rf/grf.rf/gntv_or_sync_fifo.gl0.rd/gr1.gr1_int.rfwft/clk
    SLICE_X30Y30         FDCE                                         r  top_i/axi_interconnect_0/s00_couplers/auto_ds/inst/gen_downsizer.gen_simple_downsizer.axi_downsizer_inst/USE_WRITE.write_addr_inst/cmd_queue/inst/fifo_gen_inst/inst_fifo_gen/gconvfifo.rf/grf.rf/gntv_or_sync_fifo.gl0.rd/gr1.gr1_int.rfwft/gpregsm1.curr_fwft_state_reg[0]/C
                         clock pessimism              0.202    12.296    
                         clock uncertainty           -0.130    12.166    
    SLICE_X30Y30         FDCE (Recov_CFF_SLICEM_C_CLR)
                                                     -0.066    12.100    top_i/axi_interconnect_0/s00_couplers/auto_ds/inst/gen_downsizer.gen_simple_downsizer.axi_downsizer_inst/USE_WRITE.write_addr_inst/cmd_queue/inst/fifo_gen_inst/inst_fifo_gen/gconvfifo.rf/grf.rf/gntv_or_sync_fifo.gl0.rd/gr1.gr1_int.rfwft/gpregsm1.curr_fwft_state_reg[0]
  -------------------------------------------------------------------
                         required time                         12.100    
                         arrival time                          -3.427    
  -------------------------------------------------------------------
                         slack                                  8.673    

Slack (MET) :             8.673ns  (required time - arrival time)
  Source:                 top_i/axi_interconnect_0/s00_couplers/auto_ds/inst/gen_downsizer.gen_simple_downsizer.axi_downsizer_inst/USE_WRITE.write_addr_inst/cmd_queue/inst/fifo_gen_inst/inst_fifo_gen/gconvfifo.rf/grf.rf/rstblk/ngwrdrst.grst.g7serrst.gnsckt_wrst.gcc_rst.sckt_wr_rst_cc_reg[0]/C
                            (rising edge-triggered cell FDRE clocked by clk_pl_0  {rise@0.000ns fall@5.000ns period=10.000ns})
  Destination:            top_i/axi_interconnect_0/s00_couplers/auto_ds/inst/gen_downsizer.gen_simple_downsizer.axi_downsizer_inst/USE_WRITE.write_addr_inst/cmd_queue/inst/fifo_gen_inst/inst_fifo_gen/gconvfifo.rf/grf.rf/gntv_or_sync_fifo.gl0.rd/gr1.gr1_int.rfwft/gpregsm1.curr_fwft_state_reg[1]/CLR
                            (recovery check against rising-edge clock clk_pl_0  {rise@0.000ns fall@5.000ns period=10.000ns})
  Path Group:             **async_default**
  Path Type:              Recovery (Max at Slow Process Corner)
  Requirement:            10.000ns  (clk_pl_0 rise@10.000ns - clk_pl_0 rise@0.000ns)
  Data Path Delay:        1.042ns  (logic 0.229ns (21.978%)  route 0.813ns (78.022%))
  Logic Levels:           1  (LUT3=1)
  Clock Path Skew:        -0.089ns (DCD - SCD + CPR)
    Destination Clock Delay (DCD):    2.095ns = ( 12.095 - 10.000 ) 
    Source Clock Delay      (SCD):    2.385ns
    Clock Pessimism Removal (CPR):    0.202ns
  Clock Uncertainty:      0.130ns  ((TSJ^2 + DJ^2)^1/2) / 2 + PE
    Total System Jitter     (TSJ):    0.071ns
    Discrete Jitter          (DJ):    0.250ns
    Phase Error              (PE):    0.000ns
  Clock Net Delay (Source):      2.159ns (routing 0.670ns, distribution 1.489ns)
  Clock Net Delay (Destination): 1.913ns (routing 0.606ns, distribution 1.307ns)

    Location             Delay type                Incr(ns)  Path(ns)    Netlist Resource(s)
  -------------------------------------------------------------------    -------------------
                         (clock clk_pl_0 rise edge)
                                                      0.000     0.000 r  
    PS8_X0Y0             PS8                          0.000     0.000 r  top_i/zynq_ps/inst/PS8_i/PLCLK[0]
                         net (fo=1, routed)           0.198     0.198    top_i/zynq_ps/inst/pl_clk_unbuffered[0]
    BUFG_PS_X0Y53        BUFG_PS (Prop_BUFG_PS_I_O)
                                                      0.028     0.226 r  top_i/zynq_ps/inst/buffer_pl_clk_0.PL_CLK_0_BUFG/O
    X2Y3 (CLOCK_ROOT)    net (fo=114764, routed)      2.159     2.385    top_i/axi_interconnect_0/s00_couplers/auto_ds/inst/gen_downsizer.gen_simple_downsizer.axi_downsizer_inst/USE_WRITE.write_addr_inst/cmd_queue/inst/fifo_gen_inst/inst_fifo_gen/gconvfifo.rf/grf.rf/rstblk/clk
    SLICE_X30Y29         FDRE                                         r  top_i/axi_interconnect_0/s00_couplers/auto_ds/inst/gen_downsizer.gen_simple_downsizer.axi_downsizer_inst/USE_WRITE.write_addr_inst/cmd_queue/inst/fifo_gen_inst/inst_fifo_gen/gconvfifo.rf/grf.rf/rstblk/ngwrdrst.grst.g7serrst.gnsckt_wrst.gcc_rst.sckt_wr_rst_cc_reg[0]/C
  -------------------------------------------------------------------    -------------------
    SLICE_X30Y29         FDRE (Prop_EFF2_SLICEM_C_Q)
                                                      0.079     2.464 f  top_i/axi_interconnect_0/s00_couplers/auto_ds/inst/gen_downsizer.gen_simple_downsizer.axi_downsizer_inst/USE_WRITE.write_addr_inst/cmd_queue/inst/fifo_gen_inst/inst_fifo_gen/gconvfifo.rf/grf.rf/rstblk/ngwrdrst.grst.g7serrst.gnsckt_wrst.gcc_rst.sckt_wr_rst_cc_reg[0]/Q
                         net (fo=3, routed)           0.231     2.695    top_i/axi_interconnect_0/s00_couplers/auto_ds/inst/gen_downsizer.gen_simple_downsizer.axi_downsizer_inst/USE_WRITE.write_addr_inst/cmd_queue/inst/fifo_gen_inst/inst_fifo_gen/gconvfifo.rf/grf.rf/rstblk/ngwrdrst.grst.g7serrst.gnsckt_wrst.gcc_rst.sckt_wr_rst_cc[0]
    SLICE_X30Y29         LUT3 (Prop_G6LUT_SLICEM_I1_O)
                                                      0.150     2.845 f  top_i/axi_interconnect_0/s00_couplers/auto_ds/inst/gen_downsizer.gen_simple_downsizer.axi_downsizer_inst/USE_WRITE.write_addr_inst/cmd_queue/inst/fifo_gen_inst/inst_fifo_gen/gconvfifo.rf/grf.rf/rstblk/gpregsm1.curr_fwft_state[1]_i_2/O
                         net (fo=32, routed)          0.582     3.427    top_i/axi_interconnect_0/s00_couplers/auto_ds/inst/gen_downsizer.gen_simple_downsizer.axi_downsizer_inst/USE_WRITE.write_addr_inst/cmd_queue/inst/fifo_gen_inst/inst_fifo_gen/gconvfifo.rf/grf.rf/gntv_or_sync_fifo.gl0.rd/gr1.gr1_int.rfwft/gpregsm1.user_valid_reg_0
    SLICE_X30Y30         FDCE                                         f  top_i/axi_interconnect_0/s00_couplers/auto_ds/inst/gen_downsizer.gen_simple_downsizer.axi_downsizer_inst/USE_WRITE.write_addr_inst/cmd_queue/inst/fifo_gen_inst/inst_fifo_gen/gconvfifo.rf/grf.rf/gntv_or_sync_fifo.gl0.rd/gr1.gr1_int.rfwft/gpregsm1.curr_fwft_state_reg[1]/CLR
  -------------------------------------------------------------------    -------------------

                         (clock clk_pl_0 rise edge)
                                                     10.000    10.000 r  
    PS8_X0Y0             PS8                          0.000    10.000 r  top_i/zynq_ps/inst/PS8_i/PLCLK[0]
                         net (fo=1, routed)           0.157    10.157    top_i/zynq_ps/inst/pl_clk_unbuffered[0]
    BUFG_PS_X0Y53        BUFG_PS (Prop_BUFG_PS_I_O)
                                                      0.025    10.182 r  top_i/zynq_ps/inst/buffer_pl_clk_0.PL_CLK_0_BUFG/O
    X2Y3 (CLOCK_ROOT)    net (fo=114764, routed)      1.913    12.095    top_i/axi_interconnect_0/s00_couplers/auto_ds/inst/gen_downsizer.gen_simple_downsizer.axi_downsizer_inst/USE_WRITE.write_addr_inst/cmd_queue/inst/fifo_gen_inst/inst_fifo_gen/gconvfifo.rf/grf.rf/gntv_or_sync_fifo.gl0.rd/gr1.gr1_int.rfwft/clk
    SLICE_X30Y30         FDCE                                         r  top_i/axi_interconnect_0/s00_couplers/auto_ds/inst/gen_downsizer.gen_simple_downsizer.axi_downsizer_inst/USE_WRITE.write_addr_inst/cmd_queue/inst/fifo_gen_inst/inst_fifo_gen/gconvfifo.rf/grf.rf/gntv_or_sync_fifo.gl0.rd/gr1.gr1_int.rfwft/gpregsm1.curr_fwft_state_reg[1]/C
                         clock pessimism              0.202    12.296    
                         clock uncertainty           -0.130    12.166    
    SLICE_X30Y30         FDCE (Recov_CFF2_SLICEM_C_CLR)
                                                     -0.066    12.100    top_i/axi_interconnect_0/s00_couplers/auto_ds/inst/gen_downsizer.gen_simple_downsizer.axi_downsizer_inst/USE_WRITE.write_addr_inst/cmd_queue/inst/fifo_gen_inst/inst_fifo_gen/gconvfifo.rf/grf.rf/gntv_or_sync_fifo.gl0.rd/gr1.gr1_int.rfwft/gpregsm1.curr_fwft_state_reg[1]
  -------------------------------------------------------------------
                         required time                         12.100    
                         arrival time                          -3.427    
  -------------------------------------------------------------------
                         slack                                  8.673    

Slack (MET) :             8.673ns  (required time - arrival time)
  Source:                 top_i/axi_interconnect_0/s00_couplers/auto_ds/inst/gen_downsizer.gen_simple_downsizer.axi_downsizer_inst/USE_WRITE.write_addr_inst/cmd_queue/inst/fifo_gen_inst/inst_fifo_gen/gconvfifo.rf/grf.rf/rstblk/ngwrdrst.grst.g7serrst.gnsckt_wrst.gcc_rst.sckt_wr_rst_cc_reg[0]/C
                            (rising edge-triggered cell FDRE clocked by clk_pl_0  {rise@0.000ns fall@5.000ns period=10.000ns})
  Destination:            top_i/axi_interconnect_0/s00_couplers/auto_ds/inst/gen_downsizer.gen_simple_downsizer.axi_downsizer_inst/USE_WRITE.write_addr_inst/cmd_queue/inst/fifo_gen_inst/inst_fifo_gen/gconvfifo.rf/grf.rf/gntv_or_sync_fifo.gl0.rd/gr1.gr1_int.rfwft/gpregsm1.user_valid_reg/CLR
                            (recovery check against rising-edge clock clk_pl_0  {rise@0.000ns fall@5.000ns period=10.000ns})
  Path Group:             **async_default**
  Path Type:              Recovery (Max at Slow Process Corner)
  Requirement:            10.000ns  (clk_pl_0 rise@10.000ns - clk_pl_0 rise@0.000ns)
  Data Path Delay:        1.042ns  (logic 0.229ns (21.978%)  route 0.813ns (78.022%))
  Logic Levels:           1  (LUT3=1)
  Clock Path Skew:        -0.089ns (DCD - SCD + CPR)
    Destination Clock Delay (DCD):    2.095ns = ( 12.095 - 10.000 ) 
    Source Clock Delay      (SCD):    2.385ns
    Clock Pessimism Removal (CPR):    0.202ns
  Clock Uncertainty:      0.130ns  ((TSJ^2 + DJ^2)^1/2) / 2 + PE
    Total System Jitter     (TSJ):    0.071ns
    Discrete Jitter          (DJ):    0.250ns
    Phase Error              (PE):    0.000ns
  Clock Net Delay (Source):      2.159ns (routing 0.670ns, distribution 1.489ns)
  Clock Net Delay (Destination): 1.913ns (routing 0.606ns, distribution 1.307ns)

    Location             Delay type                Incr(ns)  Path(ns)    Netlist Resource(s)
  -------------------------------------------------------------------    -------------------
                         (clock clk_pl_0 rise edge)
                                                      0.000     0.000 r  
    PS8_X0Y0             PS8                          0.000     0.000 r  top_i/zynq_ps/inst/PS8_i/PLCLK[0]
                         net (fo=1, routed)           0.198     0.198    top_i/zynq_ps/inst/pl_clk_unbuffered[0]
    BUFG_PS_X0Y53        BUFG_PS (Prop_BUFG_PS_I_O)
                                                      0.028     0.226 r  top_i/zynq_ps/inst/buffer_pl_clk_0.PL_CLK_0_BUFG/O
    X2Y3 (CLOCK_ROOT)    net (fo=114764, routed)      2.159     2.385    top_i/axi_interconnect_0/s00_couplers/auto_ds/inst/gen_downsizer.gen_simple_downsizer.axi_downsizer_inst/USE_WRITE.write_addr_inst/cmd_queue/inst/fifo_gen_inst/inst_fifo_gen/gconvfifo.rf/grf.rf/rstblk/clk
    SLICE_X30Y29         FDRE                                         r  top_i/axi_interconnect_0/s00_couplers/auto_ds/inst/gen_downsizer.gen_simple_downsizer.axi_downsizer_inst/USE_WRITE.write_addr_inst/cmd_queue/inst/fifo_gen_inst/inst_fifo_gen/gconvfifo.rf/grf.rf/rstblk/ngwrdrst.grst.g7serrst.gnsckt_wrst.gcc_rst.sckt_wr_rst_cc_reg[0]/C
  -------------------------------------------------------------------    -------------------
    SLICE_X30Y29         FDRE (Prop_EFF2_SLICEM_C_Q)
                                                      0.079     2.464 f  top_i/axi_interconnect_0/s00_couplers/auto_ds/inst/gen_downsizer.gen_simple_downsizer.axi_downsizer_inst/USE_WRITE.write_addr_inst/cmd_queue/inst/fifo_gen_inst/inst_fifo_gen/gconvfifo.rf/grf.rf/rstblk/ngwrdrst.grst.g7serrst.gnsckt_wrst.gcc_rst.sckt_wr_rst_cc_reg[0]/Q
                         net (fo=3, routed)           0.231     2.695    top_i/axi_interconnect_0/s00_couplers/auto_ds/inst/gen_downsizer.gen_simple_downsizer.axi_downsizer_inst/USE_WRITE.write_addr_inst/cmd_queue/inst/fifo_gen_inst/inst_fifo_gen/gconvfifo.rf/grf.rf/rstblk/ngwrdrst.grst.g7serrst.gnsckt_wrst.gcc_rst.sckt_wr_rst_cc[0]
    SLICE_X30Y29         LUT3 (Prop_G6LUT_SLICEM_I1_O)
                                                      0.150     2.845 f  top_i/axi_interconnect_0/s00_couplers/auto_ds/inst/gen_downsizer.gen_simple_downsizer.axi_downsizer_inst/USE_WRITE.write_addr_inst/cmd_queue/inst/fifo_gen_inst/inst_fifo_gen/gconvfifo.rf/grf.rf/rstblk/gpregsm1.curr_fwft_state[1]_i_2/O
                         net (fo=32, routed)          0.582     3.427    top_i/axi_interconnect_0/s00_couplers/auto_ds/inst/gen_downsizer.gen_simple_downsizer.axi_downsizer_inst/USE_WRITE.write_addr_inst/cmd_queue/inst/fifo_gen_inst/inst_fifo_gen/gconvfifo.rf/grf.rf/gntv_or_sync_fifo.gl0.rd/gr1.gr1_int.rfwft/gpregsm1.user_valid_reg_0
    SLICE_X30Y30         FDCE                                         f  top_i/axi_interconnect_0/s00_couplers/auto_ds/inst/gen_downsizer.gen_simple_downsizer.axi_downsizer_inst/USE_WRITE.write_addr_inst/cmd_queue/inst/fifo_gen_inst/inst_fifo_gen/gconvfifo.rf/grf.rf/gntv_or_sync_fifo.gl0.rd/gr1.gr1_int.rfwft/gpregsm1.user_valid_reg/CLR
  -------------------------------------------------------------------    -------------------

                         (clock clk_pl_0 rise edge)
                                                     10.000    10.000 r  
    PS8_X0Y0             PS8                          0.000    10.000 r  top_i/zynq_ps/inst/PS8_i/PLCLK[0]
                         net (fo=1, routed)           0.157    10.157    top_i/zynq_ps/inst/pl_clk_unbuffered[0]
    BUFG_PS_X0Y53        BUFG_PS (Prop_BUFG_PS_I_O)
                                                      0.025    10.182 r  top_i/zynq_ps/inst/buffer_pl_clk_0.PL_CLK_0_BUFG/O
    X2Y3 (CLOCK_ROOT)    net (fo=114764, routed)      1.913    12.095    top_i/axi_interconnect_0/s00_couplers/auto_ds/inst/gen_downsizer.gen_simple_downsizer.axi_downsizer_inst/USE_WRITE.write_addr_inst/cmd_queue/inst/fifo_gen_inst/inst_fifo_gen/gconvfifo.rf/grf.rf/gntv_or_sync_fifo.gl0.rd/gr1.gr1_int.rfwft/clk
    SLICE_X30Y30         FDCE                                         r  top_i/axi_interconnect_0/s00_couplers/auto_ds/inst/gen_downsizer.gen_simple_downsizer.axi_downsizer_inst/USE_WRITE.write_addr_inst/cmd_queue/inst/fifo_gen_inst/inst_fifo_gen/gconvfifo.rf/grf.rf/gntv_or_sync_fifo.gl0.rd/gr1.gr1_int.rfwft/gpregsm1.user_valid_reg/C
                         clock pessimism              0.202    12.296    
                         clock uncertainty           -0.130    12.166    
    SLICE_X30Y30         FDCE (Recov_BFF2_SLICEM_C_CLR)
                                                     -0.066    12.100    top_i/axi_interconnect_0/s00_couplers/auto_ds/inst/gen_downsizer.gen_simple_downsizer.axi_downsizer_inst/USE_WRITE.write_addr_inst/cmd_queue/inst/fifo_gen_inst/inst_fifo_gen/gconvfifo.rf/grf.rf/gntv_or_sync_fifo.gl0.rd/gr1.gr1_int.rfwft/gpregsm1.user_valid_reg
  -------------------------------------------------------------------
                         required time                         12.100    
                         arrival time                          -3.427    
  -------------------------------------------------------------------
                         slack                                  8.673    

Slack (MET) :             8.675ns  (required time - arrival time)
  Source:                 top_i/axi_interconnect_0/s00_couplers/auto_ds/inst/gen_downsizer.gen_simple_downsizer.axi_downsizer_inst/USE_WRITE.write_addr_inst/cmd_queue/inst/fifo_gen_inst/inst_fifo_gen/gconvfifo.rf/grf.rf/rstblk/ngwrdrst.grst.g7serrst.gnsckt_wrst.gcc_rst.sckt_wr_rst_cc_reg[0]/C
                            (rising edge-triggered cell FDRE clocked by clk_pl_0  {rise@0.000ns fall@5.000ns period=10.000ns})
  Destination:            top_i/axi_interconnect_0/s00_couplers/auto_ds/inst/gen_downsizer.gen_simple_downsizer.axi_downsizer_inst/USE_WRITE.write_addr_inst/cmd_queue/inst/fifo_gen_inst/inst_fifo_gen/gconvfifo.rf/grf.rf/gntv_or_sync_fifo.gl0.rd/gr1.gr1_int.rfwft/aempty_fwft_fb_i_reg/PRE
                            (recovery check against rising-edge clock clk_pl_0  {rise@0.000ns fall@5.000ns period=10.000ns})
  Path Group:             **async_default**
  Path Type:              Recovery (Max at Slow Process Corner)
  Requirement:            10.000ns  (clk_pl_0 rise@10.000ns - clk_pl_0 rise@0.000ns)
  Data Path Delay:        1.039ns  (logic 0.229ns (22.042%)  route 0.810ns (77.958%))
  Logic Levels:           1  (LUT3=1)
  Clock Path Skew:        -0.090ns (DCD - SCD + CPR)
    Destination Clock Delay (DCD):    2.094ns = ( 12.094 - 10.000 ) 
    Source Clock Delay      (SCD):    2.385ns
    Clock Pessimism Removal (CPR):    0.202ns
  Clock Uncertainty:      0.130ns  ((TSJ^2 + DJ^2)^1/2) / 2 + PE
    Total System Jitter     (TSJ):    0.071ns
    Discrete Jitter          (DJ):    0.250ns
    Phase Error              (PE):    0.000ns
  Clock Net Delay (Source):      2.159ns (routing 0.670ns, distribution 1.489ns)
  Clock Net Delay (Destination): 1.912ns (routing 0.606ns, distribution 1.306ns)

    Location             Delay type                Incr(ns)  Path(ns)    Netlist Resource(s)
  -------------------------------------------------------------------    -------------------
                         (clock clk_pl_0 rise edge)
                                                      0.000     0.000 r  
    PS8_X0Y0             PS8                          0.000     0.000 r  top_i/zynq_ps/inst/PS8_i/PLCLK[0]
                         net (fo=1, routed)           0.198     0.198    top_i/zynq_ps/inst/pl_clk_unbuffered[0]
    BUFG_PS_X0Y53        BUFG_PS (Prop_BUFG_PS_I_O)
                                                      0.028     0.226 r  top_i/zynq_ps/inst/buffer_pl_clk_0.PL_CLK_0_BUFG/O
    X2Y3 (CLOCK_ROOT)    net (fo=114764, routed)      2.159     2.385    top_i/axi_interconnect_0/s00_couplers/auto_ds/inst/gen_downsizer.gen_simple_downsizer.axi_downsizer_inst/USE_WRITE.write_addr_inst/cmd_queue/inst/fifo_gen_inst/inst_fifo_gen/gconvfifo.rf/grf.rf/rstblk/clk
    SLICE_X30Y29         FDRE                                         r  top_i/axi_interconnect_0/s00_couplers/auto_ds/inst/gen_downsizer.gen_simple_downsizer.axi_downsizer_inst/USE_WRITE.write_addr_inst/cmd_queue/inst/fifo_gen_inst/inst_fifo_gen/gconvfifo.rf/grf.rf/rstblk/ngwrdrst.grst.g7serrst.gnsckt_wrst.gcc_rst.sckt_wr_rst_cc_reg[0]/C
  -------------------------------------------------------------------    -------------------
    SLICE_X30Y29         FDRE (Prop_EFF2_SLICEM_C_Q)
                                                      0.079     2.464 f  top_i/axi_interconnect_0/s00_couplers/auto_ds/inst/gen_downsizer.gen_simple_downsizer.axi_downsizer_inst/USE_WRITE.write_addr_inst/cmd_queue/inst/fifo_gen_inst/inst_fifo_gen/gconvfifo.rf/grf.rf/rstblk/ngwrdrst.grst.g7serrst.gnsckt_wrst.gcc_rst.sckt_wr_rst_cc_reg[0]/Q
                         net (fo=3, routed)           0.231     2.695    top_i/axi_interconnect_0/s00_couplers/auto_ds/inst/gen_downsizer.gen_simple_downsizer.axi_downsizer_inst/USE_WRITE.write_addr_inst/cmd_queue/inst/fifo_gen_inst/inst_fifo_gen/gconvfifo.rf/grf.rf/rstblk/ngwrdrst.grst.g7serrst.gnsckt_wrst.gcc_rst.sckt_wr_rst_cc[0]
    SLICE_X30Y29         LUT3 (Prop_G6LUT_SLICEM_I1_O)
                                                      0.150     2.845 f  top_i/axi_interconnect_0/s00_couplers/auto_ds/inst/gen_downsizer.gen_simple_downsizer.axi_downsizer_inst/USE_WRITE.write_addr_inst/cmd_queue/inst/fifo_gen_inst/inst_fifo_gen/gconvfifo.rf/grf.rf/rstblk/gpregsm1.curr_fwft_state[1]_i_2/O
                         net (fo=32, routed)          0.579     3.424    top_i/axi_interconnect_0/s00_couplers/auto_ds/inst/gen_downsizer.gen_simple_downsizer.axi_downsizer_inst/USE_WRITE.write_addr_inst/cmd_queue/inst/fifo_gen_inst/inst_fifo_gen/gconvfifo.rf/grf.rf/gntv_or_sync_fifo.gl0.rd/gr1.gr1_int.rfwft/gpregsm1.user_valid_reg_0
    SLICE_X30Y30         FDPE                                         f  top_i/axi_interconnect_0/s00_couplers/auto_ds/inst/gen_downsizer.gen_simple_downsizer.axi_downsizer_inst/USE_WRITE.write_addr_inst/cmd_queue/inst/fifo_gen_inst/inst_fifo_gen/gconvfifo.rf/grf.rf/gntv_or_sync_fifo.gl0.rd/gr1.gr1_int.rfwft/aempty_fwft_fb_i_reg/PRE
  -------------------------------------------------------------------    -------------------

                         (clock clk_pl_0 rise edge)
                                                     10.000    10.000 r  
    PS8_X0Y0             PS8                          0.000    10.000 r  top_i/zynq_ps/inst/PS8_i/PLCLK[0]
                         net (fo=1, routed)           0.157    10.157    top_i/zynq_ps/inst/pl_clk_unbuffered[0]
    BUFG_PS_X0Y53        BUFG_PS (Prop_BUFG_PS_I_O)
                                                      0.025    10.182 r  top_i/zynq_ps/inst/buffer_pl_clk_0.PL_CLK_0_BUFG/O
    X2Y3 (CLOCK_ROOT)    net (fo=114764, routed)      1.912    12.094    top_i/axi_interconnect_0/s00_couplers/auto_ds/inst/gen_downsizer.gen_simple_downsizer.axi_downsizer_inst/USE_WRITE.write_addr_inst/cmd_queue/inst/fifo_gen_inst/inst_fifo_gen/gconvfifo.rf/grf.rf/gntv_or_sync_fifo.gl0.rd/gr1.gr1_int.rfwft/clk
    SLICE_X30Y30         FDPE                                         r  top_i/axi_interconnect_0/s00_couplers/auto_ds/inst/gen_downsizer.gen_simple_downsizer.axi_downsizer_inst/USE_WRITE.write_addr_inst/cmd_queue/inst/fifo_gen_inst/inst_fifo_gen/gconvfifo.rf/grf.rf/gntv_or_sync_fifo.gl0.rd/gr1.gr1_int.rfwft/aempty_fwft_fb_i_reg/C
                         clock pessimism              0.202    12.295    
                         clock uncertainty           -0.130    12.165    
    SLICE_X30Y30         FDPE (Recov_HFF2_SLICEM_C_PRE)
                                                     -0.066    12.099    top_i/axi_interconnect_0/s00_couplers/auto_ds/inst/gen_downsizer.gen_simple_downsizer.axi_downsizer_inst/USE_WRITE.write_addr_inst/cmd_queue/inst/fifo_gen_inst/inst_fifo_gen/gconvfifo.rf/grf.rf/gntv_or_sync_fifo.gl0.rd/gr1.gr1_int.rfwft/aempty_fwft_fb_i_reg
  -------------------------------------------------------------------
                         required time                         12.099    
                         arrival time                          -3.424    
  -------------------------------------------------------------------
                         slack                                  8.675    

Slack (MET) :             8.675ns  (required time - arrival time)
  Source:                 top_i/axi_interconnect_0/s00_couplers/auto_ds/inst/gen_downsizer.gen_simple_downsizer.axi_downsizer_inst/USE_WRITE.write_addr_inst/cmd_queue/inst/fifo_gen_inst/inst_fifo_gen/gconvfifo.rf/grf.rf/rstblk/ngwrdrst.grst.g7serrst.gnsckt_wrst.gcc_rst.sckt_wr_rst_cc_reg[0]/C
                            (rising edge-triggered cell FDRE clocked by clk_pl_0  {rise@0.000ns fall@5.000ns period=10.000ns})
  Destination:            top_i/axi_interconnect_0/s00_couplers/auto_ds/inst/gen_downsizer.gen_simple_downsizer.axi_downsizer_inst/USE_WRITE.write_addr_inst/cmd_queue/inst/fifo_gen_inst/inst_fifo_gen/gconvfifo.rf/grf.rf/gntv_or_sync_fifo.gl0.rd/gr1.gr1_int.rfwft/aempty_fwft_i_reg/PRE
                            (recovery check against rising-edge clock clk_pl_0  {rise@0.000ns fall@5.000ns period=10.000ns})
  Path Group:             **async_default**
  Path Type:              Recovery (Max at Slow Process Corner)
  Requirement:            10.000ns  (clk_pl_0 rise@10.000ns - clk_pl_0 rise@0.000ns)
  Data Path Delay:        1.039ns  (logic 0.229ns (22.042%)  route 0.810ns (77.958%))
  Logic Levels:           1  (LUT3=1)
  Clock Path Skew:        -0.090ns (DCD - SCD + CPR)
    Destination Clock Delay (DCD):    2.094ns = ( 12.094 - 10.000 ) 
    Source Clock Delay      (SCD):    2.385ns
    Clock Pessimism Removal (CPR):    0.202ns
  Clock Uncertainty:      0.130ns  ((TSJ^2 + DJ^2)^1/2) / 2 + PE
    Total System Jitter     (TSJ):    0.071ns
    Discrete Jitter          (DJ):    0.250ns
    Phase Error              (PE):    0.000ns
  Clock Net Delay (Source):      2.159ns (routing 0.670ns, distribution 1.489ns)
  Clock Net Delay (Destination): 1.912ns (routing 0.606ns, distribution 1.306ns)

    Location             Delay type                Incr(ns)  Path(ns)    Netlist Resource(s)
  -------------------------------------------------------------------    -------------------
                         (clock clk_pl_0 rise edge)
                                                      0.000     0.000 r  
    PS8_X0Y0             PS8                          0.000     0.000 r  top_i/zynq_ps/inst/PS8_i/PLCLK[0]
                         net (fo=1, routed)           0.198     0.198    top_i/zynq_ps/inst/pl_clk_unbuffered[0]
    BUFG_PS_X0Y53        BUFG_PS (Prop_BUFG_PS_I_O)
                                                      0.028     0.226 r  top_i/zynq_ps/inst/buffer_pl_clk_0.PL_CLK_0_BUFG/O
    X2Y3 (CLOCK_ROOT)    net (fo=114764, routed)      2.159     2.385    top_i/axi_interconnect_0/s00_couplers/auto_ds/inst/gen_downsizer.gen_simple_downsizer.axi_downsizer_inst/USE_WRITE.write_addr_inst/cmd_queue/inst/fifo_gen_inst/inst_fifo_gen/gconvfifo.rf/grf.rf/rstblk/clk
    SLICE_X30Y29         FDRE                                         r  top_i/axi_interconnect_0/s00_couplers/auto_ds/inst/gen_downsizer.gen_simple_downsizer.axi_downsizer_inst/USE_WRITE.write_addr_inst/cmd_queue/inst/fifo_gen_inst/inst_fifo_gen/gconvfifo.rf/grf.rf/rstblk/ngwrdrst.grst.g7serrst.gnsckt_wrst.gcc_rst.sckt_wr_rst_cc_reg[0]/C
  -------------------------------------------------------------------    -------------------
    SLICE_X30Y29         FDRE (Prop_EFF2_SLICEM_C_Q)
                                                      0.079     2.464 f  top_i/axi_interconnect_0/s00_couplers/auto_ds/inst/gen_downsizer.gen_simple_downsizer.axi_downsizer_inst/USE_WRITE.write_addr_inst/cmd_queue/inst/fifo_gen_inst/inst_fifo_gen/gconvfifo.rf/grf.rf/rstblk/ngwrdrst.grst.g7serrst.gnsckt_wrst.gcc_rst.sckt_wr_rst_cc_reg[0]/Q
                         net (fo=3, routed)           0.231     2.695    top_i/axi_interconnect_0/s00_couplers/auto_ds/inst/gen_downsizer.gen_simple_downsizer.axi_downsizer_inst/USE_WRITE.write_addr_inst/cmd_queue/inst/fifo_gen_inst/inst_fifo_gen/gconvfifo.rf/grf.rf/rstblk/ngwrdrst.grst.g7serrst.gnsckt_wrst.gcc_rst.sckt_wr_rst_cc[0]
    SLICE_X30Y29         LUT3 (Prop_G6LUT_SLICEM_I1_O)
                                                      0.150     2.845 f  top_i/axi_interconnect_0/s00_couplers/auto_ds/inst/gen_downsizer.gen_simple_downsizer.axi_downsizer_inst/USE_WRITE.write_addr_inst/cmd_queue/inst/fifo_gen_inst/inst_fifo_gen/gconvfifo.rf/grf.rf/rstblk/gpregsm1.curr_fwft_state[1]_i_2/O
                         net (fo=32, routed)          0.579     3.424    top_i/axi_interconnect_0/s00_couplers/auto_ds/inst/gen_downsizer.gen_simple_downsizer.axi_downsizer_inst/USE_WRITE.write_addr_inst/cmd_queue/inst/fifo_gen_inst/inst_fifo_gen/gconvfifo.rf/grf.rf/gntv_or_sync_fifo.gl0.rd/gr1.gr1_int.rfwft/gpregsm1.user_valid_reg_0
    SLICE_X30Y30         FDPE                                         f  top_i/axi_interconnect_0/s00_couplers/auto_ds/inst/gen_downsizer.gen_simple_downsizer.axi_downsizer_inst/USE_WRITE.write_addr_inst/cmd_queue/inst/fifo_gen_inst/inst_fifo_gen/gconvfifo.rf/grf.rf/gntv_or_sync_fifo.gl0.rd/gr1.gr1_int.rfwft/aempty_fwft_i_reg/PRE
  -------------------------------------------------------------------    -------------------

                         (clock clk_pl_0 rise edge)
                                                     10.000    10.000 r  
    PS8_X0Y0             PS8                          0.000    10.000 r  top_i/zynq_ps/inst/PS8_i/PLCLK[0]
                         net (fo=1, routed)           0.157    10.157    top_i/zynq_ps/inst/pl_clk_unbuffered[0]
    BUFG_PS_X0Y53        BUFG_PS (Prop_BUFG_PS_I_O)
                                                      0.025    10.182 r  top_i/zynq_ps/inst/buffer_pl_clk_0.PL_CLK_0_BUFG/O
    X2Y3 (CLOCK_ROOT)    net (fo=114764, routed)      1.912    12.094    top_i/axi_interconnect_0/s00_couplers/auto_ds/inst/gen_downsizer.gen_simple_downsizer.axi_downsizer_inst/USE_WRITE.write_addr_inst/cmd_queue/inst/fifo_gen_inst/inst_fifo_gen/gconvfifo.rf/grf.rf/gntv_or_sync_fifo.gl0.rd/gr1.gr1_int.rfwft/clk
    SLICE_X30Y30         FDPE                                         r  top_i/axi_interconnect_0/s00_couplers/auto_ds/inst/gen_downsizer.gen_simple_downsizer.axi_downsizer_inst/USE_WRITE.write_addr_inst/cmd_queue/inst/fifo_gen_inst/inst_fifo_gen/gconvfifo.rf/grf.rf/gntv_or_sync_fifo.gl0.rd/gr1.gr1_int.rfwft/aempty_fwft_i_reg/C
                         clock pessimism              0.202    12.295    
                         clock uncertainty           -0.130    12.165    
    SLICE_X30Y30         FDPE (Recov_GFF2_SLICEM_C_PRE)
                                                     -0.066    12.099    top_i/axi_interconnect_0/s00_couplers/auto_ds/inst/gen_downsizer.gen_simple_downsizer.axi_downsizer_inst/USE_WRITE.write_addr_inst/cmd_queue/inst/fifo_gen_inst/inst_fifo_gen/gconvfifo.rf/grf.rf/gntv_or_sync_fifo.gl0.rd/gr1.gr1_int.rfwft/aempty_fwft_i_reg
  -------------------------------------------------------------------
                         required time                         12.099    
                         arrival time                          -3.424    
  -------------------------------------------------------------------
                         slack                                  8.675    

Slack (MET) :             8.675ns  (required time - arrival time)
  Source:                 top_i/axi_interconnect_0/s00_couplers/auto_ds/inst/gen_downsizer.gen_simple_downsizer.axi_downsizer_inst/USE_WRITE.write_addr_inst/cmd_queue/inst/fifo_gen_inst/inst_fifo_gen/gconvfifo.rf/grf.rf/rstblk/ngwrdrst.grst.g7serrst.gnsckt_wrst.gcc_rst.sckt_wr_rst_cc_reg[0]/C
                            (rising edge-triggered cell FDRE clocked by clk_pl_0  {rise@0.000ns fall@5.000ns period=10.000ns})
  Destination:            top_i/axi_interconnect_0/s00_couplers/auto_ds/inst/gen_downsizer.gen_simple_downsizer.axi_downsizer_inst/USE_WRITE.write_addr_inst/cmd_queue/inst/fifo_gen_inst/inst_fifo_gen/gconvfifo.rf/grf.rf/gntv_or_sync_fifo.gl0.rd/gr1.gr1_int.rfwft/empty_fwft_fb_i_reg/PRE
                            (recovery check against rising-edge clock clk_pl_0  {rise@0.000ns fall@5.000ns period=10.000ns})
  Path Group:             **async_default**
  Path Type:              Recovery (Max at Slow Process Corner)
  Requirement:            10.000ns  (clk_pl_0 rise@10.000ns - clk_pl_0 rise@0.000ns)
  Data Path Delay:        1.039ns  (logic 0.229ns (22.042%)  route 0.810ns (77.958%))
  Logic Levels:           1  (LUT3=1)
  Clock Path Skew:        -0.090ns (DCD - SCD + CPR)
    Destination Clock Delay (DCD):    2.094ns = ( 12.094 - 10.000 ) 
    Source Clock Delay      (SCD):    2.385ns
    Clock Pessimism Removal (CPR):    0.202ns
  Clock Uncertainty:      0.130ns  ((TSJ^2 + DJ^2)^1/2) / 2 + PE
    Total System Jitter     (TSJ):    0.071ns
    Discrete Jitter          (DJ):    0.250ns
    Phase Error              (PE):    0.000ns
  Clock Net Delay (Source):      2.159ns (routing 0.670ns, distribution 1.489ns)
  Clock Net Delay (Destination): 1.912ns (routing 0.606ns, distribution 1.306ns)

    Location             Delay type                Incr(ns)  Path(ns)    Netlist Resource(s)
  -------------------------------------------------------------------    -------------------
                         (clock clk_pl_0 rise edge)
                                                      0.000     0.000 r  
    PS8_X0Y0             PS8                          0.000     0.000 r  top_i/zynq_ps/inst/PS8_i/PLCLK[0]
                         net (fo=1, routed)           0.198     0.198    top_i/zynq_ps/inst/pl_clk_unbuffered[0]
    BUFG_PS_X0Y53        BUFG_PS (Prop_BUFG_PS_I_O)
                                                      0.028     0.226 r  top_i/zynq_ps/inst/buffer_pl_clk_0.PL_CLK_0_BUFG/O
    X2Y3 (CLOCK_ROOT)    net (fo=114764, routed)      2.159     2.385    top_i/axi_interconnect_0/s00_couplers/auto_ds/inst/gen_downsizer.gen_simple_downsizer.axi_downsizer_inst/USE_WRITE.write_addr_inst/cmd_queue/inst/fifo_gen_inst/inst_fifo_gen/gconvfifo.rf/grf.rf/rstblk/clk
    SLICE_X30Y29         FDRE                                         r  top_i/axi_interconnect_0/s00_couplers/auto_ds/inst/gen_downsizer.gen_simple_downsizer.axi_downsizer_inst/USE_WRITE.write_addr_inst/cmd_queue/inst/fifo_gen_inst/inst_fifo_gen/gconvfifo.rf/grf.rf/rstblk/ngwrdrst.grst.g7serrst.gnsckt_wrst.gcc_rst.sckt_wr_rst_cc_reg[0]/C
  -------------------------------------------------------------------    -------------------
    SLICE_X30Y29         FDRE (Prop_EFF2_SLICEM_C_Q)
                                                      0.079     2.464 f  top_i/axi_interconnect_0/s00_couplers/auto_ds/inst/gen_downsizer.gen_simple_downsizer.axi_downsizer_inst/USE_WRITE.write_addr_inst/cmd_queue/inst/fifo_gen_inst/inst_fifo_gen/gconvfifo.rf/grf.rf/rstblk/ngwrdrst.grst.g7serrst.gnsckt_wrst.gcc_rst.sckt_wr_rst_cc_reg[0]/Q
                         net (fo=3, routed)           0.231     2.695    top_i/axi_interconnect_0/s00_couplers/auto_ds/inst/gen_downsizer.gen_simple_downsizer.axi_downsizer_inst/USE_WRITE.write_addr_inst/cmd_queue/inst/fifo_gen_inst/inst_fifo_gen/gconvfifo.rf/grf.rf/rstblk/ngwrdrst.grst.g7serrst.gnsckt_wrst.gcc_rst.sckt_wr_rst_cc[0]
    SLICE_X30Y29         LUT3 (Prop_G6LUT_SLICEM_I1_O)
                                                      0.150     2.845 f  top_i/axi_interconnect_0/s00_couplers/auto_ds/inst/gen_downsizer.gen_simple_downsizer.axi_downsizer_inst/USE_WRITE.write_addr_inst/cmd_queue/inst/fifo_gen_inst/inst_fifo_gen/gconvfifo.rf/grf.rf/rstblk/gpregsm1.curr_fwft_state[1]_i_2/O
                         net (fo=32, routed)          0.579     3.424    top_i/axi_interconnect_0/s00_couplers/auto_ds/inst/gen_downsizer.gen_simple_downsizer.axi_downsizer_inst/USE_WRITE.write_addr_inst/cmd_queue/inst/fifo_gen_inst/inst_fifo_gen/gconvfifo.rf/grf.rf/gntv_or_sync_fifo.gl0.rd/gr1.gr1_int.rfwft/gpregsm1.user_valid_reg_0
    SLICE_X30Y30         FDPE                                         f  top_i/axi_interconnect_0/s00_couplers/auto_ds/inst/gen_downsizer.gen_simple_downsizer.axi_downsizer_inst/USE_WRITE.write_addr_inst/cmd_queue/inst/fifo_gen_inst/inst_fifo_gen/gconvfifo.rf/grf.rf/gntv_or_sync_fifo.gl0.rd/gr1.gr1_int.rfwft/empty_fwft_fb_i_reg/PRE
  -------------------------------------------------------------------    -------------------

                         (clock clk_pl_0 rise edge)
                                                     10.000    10.000 r  
    PS8_X0Y0             PS8                          0.000    10.000 r  top_i/zynq_ps/inst/PS8_i/PLCLK[0]
                         net (fo=1, routed)           0.157    10.157    top_i/zynq_ps/inst/pl_clk_unbuffered[0]
    BUFG_PS_X0Y53        BUFG_PS (Prop_BUFG_PS_I_O)
                                                      0.025    10.182 r  top_i/zynq_ps/inst/buffer_pl_clk_0.PL_CLK_0_BUFG/O
    X2Y3 (CLOCK_ROOT)    net (fo=114764, routed)      1.912    12.094    top_i/axi_interconnect_0/s00_couplers/auto_ds/inst/gen_downsizer.gen_simple_downsizer.axi_downsizer_inst/USE_WRITE.write_addr_inst/cmd_queue/inst/fifo_gen_inst/inst_fifo_gen/gconvfifo.rf/grf.rf/gntv_or_sync_fifo.gl0.rd/gr1.gr1_int.rfwft/clk
    SLICE_X30Y30         FDPE                                         r  top_i/axi_interconnect_0/s00_couplers/auto_ds/inst/gen_downsizer.gen_simple_downsizer.axi_downsizer_inst/USE_WRITE.write_addr_inst/cmd_queue/inst/fifo_gen_inst/inst_fifo_gen/gconvfifo.rf/grf.rf/gntv_or_sync_fifo.gl0.rd/gr1.gr1_int.rfwft/empty_fwft_fb_i_reg/C
                         clock pessimism              0.202    12.295    
                         clock uncertainty           -0.130    12.165    
    SLICE_X30Y30         FDPE (Recov_FFF2_SLICEM_C_PRE)
                                                     -0.066    12.099    top_i/axi_interconnect_0/s00_couplers/auto_ds/inst/gen_downsizer.gen_simple_downsizer.axi_downsizer_inst/USE_WRITE.write_addr_inst/cmd_queue/inst/fifo_gen_inst/inst_fifo_gen/gconvfifo.rf/grf.rf/gntv_or_sync_fifo.gl0.rd/gr1.gr1_int.rfwft/empty_fwft_fb_i_reg
  -------------------------------------------------------------------
                         required time                         12.099    
                         arrival time                          -3.424    
  -------------------------------------------------------------------
                         slack                                  8.675    

Slack (MET) :             8.675ns  (required time - arrival time)
  Source:                 top_i/axi_interconnect_0/s00_couplers/auto_ds/inst/gen_downsizer.gen_simple_downsizer.axi_downsizer_inst/USE_WRITE.write_addr_inst/cmd_queue/inst/fifo_gen_inst/inst_fifo_gen/gconvfifo.rf/grf.rf/rstblk/ngwrdrst.grst.g7serrst.gnsckt_wrst.gcc_rst.sckt_wr_rst_cc_reg[0]/C
                            (rising edge-triggered cell FDRE clocked by clk_pl_0  {rise@0.000ns fall@5.000ns period=10.000ns})
  Destination:            top_i/axi_interconnect_0/s00_couplers/auto_ds/inst/gen_downsizer.gen_simple_downsizer.axi_downsizer_inst/USE_WRITE.write_addr_inst/cmd_queue/inst/fifo_gen_inst/inst_fifo_gen/gconvfifo.rf/grf.rf/gntv_or_sync_fifo.gl0.rd/gr1.gr1_int.rfwft/empty_fwft_i_reg/PRE
                            (recovery check against rising-edge clock clk_pl_0  {rise@0.000ns fall@5.000ns period=10.000ns})
  Path Group:             **async_default**
  Path Type:              Recovery (Max at Slow Process Corner)
  Requirement:            10.000ns  (clk_pl_0 rise@10.000ns - clk_pl_0 rise@0.000ns)
  Data Path Delay:        1.039ns  (logic 0.229ns (22.042%)  route 0.810ns (77.958%))
  Logic Levels:           1  (LUT3=1)
  Clock Path Skew:        -0.090ns (DCD - SCD + CPR)
    Destination Clock Delay (DCD):    2.094ns = ( 12.094 - 10.000 ) 
    Source Clock Delay      (SCD):    2.385ns
    Clock Pessimism Removal (CPR):    0.202ns
  Clock Uncertainty:      0.130ns  ((TSJ^2 + DJ^2)^1/2) / 2 + PE
    Total System Jitter     (TSJ):    0.071ns
    Discrete Jitter          (DJ):    0.250ns
    Phase Error              (PE):    0.000ns
  Clock Net Delay (Source):      2.159ns (routing 0.670ns, distribution 1.489ns)
  Clock Net Delay (Destination): 1.912ns (routing 0.606ns, distribution 1.306ns)

    Location             Delay type                Incr(ns)  Path(ns)    Netlist Resource(s)
  -------------------------------------------------------------------    -------------------
                         (clock clk_pl_0 rise edge)
                                                      0.000     0.000 r  
    PS8_X0Y0             PS8                          0.000     0.000 r  top_i/zynq_ps/inst/PS8_i/PLCLK[0]
                         net (fo=1, routed)           0.198     0.198    top_i/zynq_ps/inst/pl_clk_unbuffered[0]
    BUFG_PS_X0Y53        BUFG_PS (Prop_BUFG_PS_I_O)
                                                      0.028     0.226 r  top_i/zynq_ps/inst/buffer_pl_clk_0.PL_CLK_0_BUFG/O
    X2Y3 (CLOCK_ROOT)    net (fo=114764, routed)      2.159     2.385    top_i/axi_interconnect_0/s00_couplers/auto_ds/inst/gen_downsizer.gen_simple_downsizer.axi_downsizer_inst/USE_WRITE.write_addr_inst/cmd_queue/inst/fifo_gen_inst/inst_fifo_gen/gconvfifo.rf/grf.rf/rstblk/clk
    SLICE_X30Y29         FDRE                                         r  top_i/axi_interconnect_0/s00_couplers/auto_ds/inst/gen_downsizer.gen_simple_downsizer.axi_downsizer_inst/USE_WRITE.write_addr_inst/cmd_queue/inst/fifo_gen_inst/inst_fifo_gen/gconvfifo.rf/grf.rf/rstblk/ngwrdrst.grst.g7serrst.gnsckt_wrst.gcc_rst.sckt_wr_rst_cc_reg[0]/C
  -------------------------------------------------------------------    -------------------
    SLICE_X30Y29         FDRE (Prop_EFF2_SLICEM_C_Q)
                                                      0.079     2.464 f  top_i/axi_interconnect_0/s00_couplers/auto_ds/inst/gen_downsizer.gen_simple_downsizer.axi_downsizer_inst/USE_WRITE.write_addr_inst/cmd_queue/inst/fifo_gen_inst/inst_fifo_gen/gconvfifo.rf/grf.rf/rstblk/ngwrdrst.grst.g7serrst.gnsckt_wrst.gcc_rst.sckt_wr_rst_cc_reg[0]/Q
                         net (fo=3, routed)           0.231     2.695    top_i/axi_interconnect_0/s00_couplers/auto_ds/inst/gen_downsizer.gen_simple_downsizer.axi_downsizer_inst/USE_WRITE.write_addr_inst/cmd_queue/inst/fifo_gen_inst/inst_fifo_gen/gconvfifo.rf/grf.rf/rstblk/ngwrdrst.grst.g7serrst.gnsckt_wrst.gcc_rst.sckt_wr_rst_cc[0]
    SLICE_X30Y29         LUT3 (Prop_G6LUT_SLICEM_I1_O)
                                                      0.150     2.845 f  top_i/axi_interconnect_0/s00_couplers/auto_ds/inst/gen_downsizer.gen_simple_downsizer.axi_downsizer_inst/USE_WRITE.write_addr_inst/cmd_queue/inst/fifo_gen_inst/inst_fifo_gen/gconvfifo.rf/grf.rf/rstblk/gpregsm1.curr_fwft_state[1]_i_2/O
                         net (fo=32, routed)          0.579     3.424    top_i/axi_interconnect_0/s00_couplers/auto_ds/inst/gen_downsizer.gen_simple_downsizer.axi_downsizer_inst/USE_WRITE.write_addr_inst/cmd_queue/inst/fifo_gen_inst/inst_fifo_gen/gconvfifo.rf/grf.rf/gntv_or_sync_fifo.gl0.rd/gr1.gr1_int.rfwft/gpregsm1.user_valid_reg_0
    SLICE_X30Y30         FDPE                                         f  top_i/axi_interconnect_0/s00_couplers/auto_ds/inst/gen_downsizer.gen_simple_downsizer.axi_downsizer_inst/USE_WRITE.write_addr_inst/cmd_queue/inst/fifo_gen_inst/inst_fifo_gen/gconvfifo.rf/grf.rf/gntv_or_sync_fifo.gl0.rd/gr1.gr1_int.rfwft/empty_fwft_i_reg/PRE
  -------------------------------------------------------------------    -------------------

                         (clock clk_pl_0 rise edge)
                                                     10.000    10.000 r  
    PS8_X0Y0             PS8                          0.000    10.000 r  top_i/zynq_ps/inst/PS8_i/PLCLK[0]
                         net (fo=1, routed)           0.157    10.157    top_i/zynq_ps/inst/pl_clk_unbuffered[0]
    BUFG_PS_X0Y53        BUFG_PS (Prop_BUFG_PS_I_O)
                                                      0.025    10.182 r  top_i/zynq_ps/inst/buffer_pl_clk_0.PL_CLK_0_BUFG/O
    X2Y3 (CLOCK_ROOT)    net (fo=114764, routed)      1.912    12.094    top_i/axi_interconnect_0/s00_couplers/auto_ds/inst/gen_downsizer.gen_simple_downsizer.axi_downsizer_inst/USE_WRITE.write_addr_inst/cmd_queue/inst/fifo_gen_inst/inst_fifo_gen/gconvfifo.rf/grf.rf/gntv_or_sync_fifo.gl0.rd/gr1.gr1_int.rfwft/clk
    SLICE_X30Y30         FDPE                                         r  top_i/axi_interconnect_0/s00_couplers/auto_ds/inst/gen_downsizer.gen_simple_downsizer.axi_downsizer_inst/USE_WRITE.write_addr_inst/cmd_queue/inst/fifo_gen_inst/inst_fifo_gen/gconvfifo.rf/grf.rf/gntv_or_sync_fifo.gl0.rd/gr1.gr1_int.rfwft/empty_fwft_i_reg/C
                         clock pessimism              0.202    12.295    
                         clock uncertainty           -0.130    12.165    
    SLICE_X30Y30         FDPE (Recov_EFF2_SLICEM_C_PRE)
                                                     -0.066    12.099    top_i/axi_interconnect_0/s00_couplers/auto_ds/inst/gen_downsizer.gen_simple_downsizer.axi_downsizer_inst/USE_WRITE.write_addr_inst/cmd_queue/inst/fifo_gen_inst/inst_fifo_gen/gconvfifo.rf/grf.rf/gntv_or_sync_fifo.gl0.rd/gr1.gr1_int.rfwft/empty_fwft_i_reg
  -------------------------------------------------------------------
                         required time                         12.099    
                         arrival time                          -3.424    
  -------------------------------------------------------------------
                         slack                                  8.675    

Slack (MET) :             8.675ns  (required time - arrival time)
  Source:                 top_i/axi_interconnect_0/s00_couplers/auto_ds/inst/gen_downsizer.gen_simple_downsizer.axi_downsizer_inst/USE_WRITE.write_addr_inst/cmd_queue/inst/fifo_gen_inst/inst_fifo_gen/gconvfifo.rf/grf.rf/rstblk/ngwrdrst.grst.g7serrst.gnsckt_wrst.gcc_rst.sckt_wr_rst_cc_reg[0]/C
                            (rising edge-triggered cell FDRE clocked by clk_pl_0  {rise@0.000ns fall@5.000ns period=10.000ns})
  Destination:            top_i/axi_interconnect_0/s00_couplers/auto_ds/inst/gen_downsizer.gen_simple_downsizer.axi_downsizer_inst/USE_WRITE.write_addr_inst/cmd_queue/inst/fifo_gen_inst/inst_fifo_gen/gconvfifo.rf/grf.rf/gntv_or_sync_fifo.gl0.wr/wpntr/gcc0.gc0.count_d1_reg[0]/CLR
                            (recovery check against rising-edge clock clk_pl_0  {rise@0.000ns fall@5.000ns period=10.000ns})
  Path Group:             **async_default**
  Path Type:              Recovery (Max at Slow Process Corner)
  Requirement:            10.000ns  (clk_pl_0 rise@10.000ns - clk_pl_0 rise@0.000ns)
  Data Path Delay:        1.039ns  (logic 0.229ns (22.042%)  route 0.810ns (77.958%))
  Logic Levels:           1  (LUT3=1)
  Clock Path Skew:        -0.090ns (DCD - SCD + CPR)
    Destination Clock Delay (DCD):    2.094ns = ( 12.094 - 10.000 ) 
    Source Clock Delay      (SCD):    2.385ns
    Clock Pessimism Removal (CPR):    0.202ns
  Clock Uncertainty:      0.130ns  ((TSJ^2 + DJ^2)^1/2) / 2 + PE
    Total System Jitter     (TSJ):    0.071ns
    Discrete Jitter          (DJ):    0.250ns
    Phase Error              (PE):    0.000ns
  Clock Net Delay (Source):      2.159ns (routing 0.670ns, distribution 1.489ns)
  Clock Net Delay (Destination): 1.912ns (routing 0.606ns, distribution 1.306ns)

    Location             Delay type                Incr(ns)  Path(ns)    Netlist Resource(s)
  -------------------------------------------------------------------    -------------------
                         (clock clk_pl_0 rise edge)
                                                      0.000     0.000 r  
    PS8_X0Y0             PS8                          0.000     0.000 r  top_i/zynq_ps/inst/PS8_i/PLCLK[0]
                         net (fo=1, routed)           0.198     0.198    top_i/zynq_ps/inst/pl_clk_unbuffered[0]
    BUFG_PS_X0Y53        BUFG_PS (Prop_BUFG_PS_I_O)
                                                      0.028     0.226 r  top_i/zynq_ps/inst/buffer_pl_clk_0.PL_CLK_0_BUFG/O
    X2Y3 (CLOCK_ROOT)    net (fo=114764, routed)      2.159     2.385    top_i/axi_interconnect_0/s00_couplers/auto_ds/inst/gen_downsizer.gen_simple_downsizer.axi_downsizer_inst/USE_WRITE.write_addr_inst/cmd_queue/inst/fifo_gen_inst/inst_fifo_gen/gconvfifo.rf/grf.rf/rstblk/clk
    SLICE_X30Y29         FDRE                                         r  top_i/axi_interconnect_0/s00_couplers/auto_ds/inst/gen_downsizer.gen_simple_downsizer.axi_downsizer_inst/USE_WRITE.write_addr_inst/cmd_queue/inst/fifo_gen_inst/inst_fifo_gen/gconvfifo.rf/grf.rf/rstblk/ngwrdrst.grst.g7serrst.gnsckt_wrst.gcc_rst.sckt_wr_rst_cc_reg[0]/C
  -------------------------------------------------------------------    -------------------
    SLICE_X30Y29         FDRE (Prop_EFF2_SLICEM_C_Q)
                                                      0.079     2.464 f  top_i/axi_interconnect_0/s00_couplers/auto_ds/inst/gen_downsizer.gen_simple_downsizer.axi_downsizer_inst/USE_WRITE.write_addr_inst/cmd_queue/inst/fifo_gen_inst/inst_fifo_gen/gconvfifo.rf/grf.rf/rstblk/ngwrdrst.grst.g7serrst.gnsckt_wrst.gcc_rst.sckt_wr_rst_cc_reg[0]/Q
                         net (fo=3, routed)           0.231     2.695    top_i/axi_interconnect_0/s00_couplers/auto_ds/inst/gen_downsizer.gen_simple_downsizer.axi_downsizer_inst/USE_WRITE.write_addr_inst/cmd_queue/inst/fifo_gen_inst/inst_fifo_gen/gconvfifo.rf/grf.rf/rstblk/ngwrdrst.grst.g7serrst.gnsckt_wrst.gcc_rst.sckt_wr_rst_cc[0]
    SLICE_X30Y29         LUT3 (Prop_G6LUT_SLICEM_I1_O)
                                                      0.150     2.845 f  top_i/axi_interconnect_0/s00_couplers/auto_ds/inst/gen_downsizer.gen_simple_downsizer.axi_downsizer_inst/USE_WRITE.write_addr_inst/cmd_queue/inst/fifo_gen_inst/inst_fifo_gen/gconvfifo.rf/grf.rf/rstblk/gpregsm1.curr_fwft_state[1]_i_2/O
                         net (fo=32, routed)          0.579     3.424    top_i/axi_interconnect_0/s00_couplers/auto_ds/inst/gen_downsizer.gen_simple_downsizer.axi_downsizer_inst/USE_WRITE.write_addr_inst/cmd_queue/inst/fifo_gen_inst/inst_fifo_gen/gconvfifo.rf/grf.rf/gntv_or_sync_fifo.gl0.wr/wpntr/AR[0]
    SLICE_X30Y30         FDCE                                         f  top_i/axi_interconnect_0/s00_couplers/auto_ds/inst/gen_downsizer.gen_simple_downsizer.axi_downsizer_inst/USE_WRITE.write_addr_inst/cmd_queue/inst/fifo_gen_inst/inst_fifo_gen/gconvfifo.rf/grf.rf/gntv_or_sync_fifo.gl0.wr/wpntr/gcc0.gc0.count_d1_reg[0]/CLR
  -------------------------------------------------------------------    -------------------

                         (clock clk_pl_0 rise edge)
                                                     10.000    10.000 r  
    PS8_X0Y0             PS8                          0.000    10.000 r  top_i/zynq_ps/inst/PS8_i/PLCLK[0]
                         net (fo=1, routed)           0.157    10.157    top_i/zynq_ps/inst/pl_clk_unbuffered[0]
    BUFG_PS_X0Y53        BUFG_PS (Prop_BUFG_PS_I_O)
                                                      0.025    10.182 r  top_i/zynq_ps/inst/buffer_pl_clk_0.PL_CLK_0_BUFG/O
    X2Y3 (CLOCK_ROOT)    net (fo=114764, routed)      1.912    12.094    top_i/axi_interconnect_0/s00_couplers/auto_ds/inst/gen_downsizer.gen_simple_downsizer.axi_downsizer_inst/USE_WRITE.write_addr_inst/cmd_queue/inst/fifo_gen_inst/inst_fifo_gen/gconvfifo.rf/grf.rf/gntv_or_sync_fifo.gl0.wr/wpntr/clk
    SLICE_X30Y30         FDCE                                         r  top_i/axi_interconnect_0/s00_couplers/auto_ds/inst/gen_downsizer.gen_simple_downsizer.axi_downsizer_inst/USE_WRITE.write_addr_inst/cmd_queue/inst/fifo_gen_inst/inst_fifo_gen/gconvfifo.rf/grf.rf/gntv_or_sync_fifo.gl0.wr/wpntr/gcc0.gc0.count_d1_reg[0]/C
                         clock pessimism              0.202    12.295    
                         clock uncertainty           -0.130    12.165    
    SLICE_X30Y30         FDCE (Recov_GFF_SLICEM_C_CLR)
                                                     -0.066    12.099    top_i/axi_interconnect_0/s00_couplers/auto_ds/inst/gen_downsizer.gen_simple_downsizer.axi_downsizer_inst/USE_WRITE.write_addr_inst/cmd_queue/inst/fifo_gen_inst/inst_fifo_gen/gconvfifo.rf/grf.rf/gntv_or_sync_fifo.gl0.wr/wpntr/gcc0.gc0.count_d1_reg[0]
  -------------------------------------------------------------------
                         required time                         12.099    
                         arrival time                          -3.424    
  -------------------------------------------------------------------
                         slack                                  8.675    

Slack (MET) :             8.675ns  (required time - arrival time)
  Source:                 top_i/axi_interconnect_0/s00_couplers/auto_ds/inst/gen_downsizer.gen_simple_downsizer.axi_downsizer_inst/USE_WRITE.write_addr_inst/cmd_queue/inst/fifo_gen_inst/inst_fifo_gen/gconvfifo.rf/grf.rf/rstblk/ngwrdrst.grst.g7serrst.gnsckt_wrst.gcc_rst.sckt_wr_rst_cc_reg[0]/C
                            (rising edge-triggered cell FDRE clocked by clk_pl_0  {rise@0.000ns fall@5.000ns period=10.000ns})
  Destination:            top_i/axi_interconnect_0/s00_couplers/auto_ds/inst/gen_downsizer.gen_simple_downsizer.axi_downsizer_inst/USE_WRITE.write_addr_inst/cmd_queue/inst/fifo_gen_inst/inst_fifo_gen/gconvfifo.rf/grf.rf/gntv_or_sync_fifo.gl0.wr/wpntr/gcc0.gc0.count_reg[0]/PRE
                            (recovery check against rising-edge clock clk_pl_0  {rise@0.000ns fall@5.000ns period=10.000ns})
  Path Group:             **async_default**
  Path Type:              Recovery (Max at Slow Process Corner)
  Requirement:            10.000ns  (clk_pl_0 rise@10.000ns - clk_pl_0 rise@0.000ns)
  Data Path Delay:        1.039ns  (logic 0.229ns (22.042%)  route 0.810ns (77.958%))
  Logic Levels:           1  (LUT3=1)
  Clock Path Skew:        -0.090ns (DCD - SCD + CPR)
    Destination Clock Delay (DCD):    2.094ns = ( 12.094 - 10.000 ) 
    Source Clock Delay      (SCD):    2.385ns
    Clock Pessimism Removal (CPR):    0.202ns
  Clock Uncertainty:      0.130ns  ((TSJ^2 + DJ^2)^1/2) / 2 + PE
    Total System Jitter     (TSJ):    0.071ns
    Discrete Jitter          (DJ):    0.250ns
    Phase Error              (PE):    0.000ns
  Clock Net Delay (Source):      2.159ns (routing 0.670ns, distribution 1.489ns)
  Clock Net Delay (Destination): 1.912ns (routing 0.606ns, distribution 1.306ns)

    Location             Delay type                Incr(ns)  Path(ns)    Netlist Resource(s)
  -------------------------------------------------------------------    -------------------
                         (clock clk_pl_0 rise edge)
                                                      0.000     0.000 r  
    PS8_X0Y0             PS8                          0.000     0.000 r  top_i/zynq_ps/inst/PS8_i/PLCLK[0]
                         net (fo=1, routed)           0.198     0.198    top_i/zynq_ps/inst/pl_clk_unbuffered[0]
    BUFG_PS_X0Y53        BUFG_PS (Prop_BUFG_PS_I_O)
                                                      0.028     0.226 r  top_i/zynq_ps/inst/buffer_pl_clk_0.PL_CLK_0_BUFG/O
    X2Y3 (CLOCK_ROOT)    net (fo=114764, routed)      2.159     2.385    top_i/axi_interconnect_0/s00_couplers/auto_ds/inst/gen_downsizer.gen_simple_downsizer.axi_downsizer_inst/USE_WRITE.write_addr_inst/cmd_queue/inst/fifo_gen_inst/inst_fifo_gen/gconvfifo.rf/grf.rf/rstblk/clk
    SLICE_X30Y29         FDRE                                         r  top_i/axi_interconnect_0/s00_couplers/auto_ds/inst/gen_downsizer.gen_simple_downsizer.axi_downsizer_inst/USE_WRITE.write_addr_inst/cmd_queue/inst/fifo_gen_inst/inst_fifo_gen/gconvfifo.rf/grf.rf/rstblk/ngwrdrst.grst.g7serrst.gnsckt_wrst.gcc_rst.sckt_wr_rst_cc_reg[0]/C
  -------------------------------------------------------------------    -------------------
    SLICE_X30Y29         FDRE (Prop_EFF2_SLICEM_C_Q)
                                                      0.079     2.464 f  top_i/axi_interconnect_0/s00_couplers/auto_ds/inst/gen_downsizer.gen_simple_downsizer.axi_downsizer_inst/USE_WRITE.write_addr_inst/cmd_queue/inst/fifo_gen_inst/inst_fifo_gen/gconvfifo.rf/grf.rf/rstblk/ngwrdrst.grst.g7serrst.gnsckt_wrst.gcc_rst.sckt_wr_rst_cc_reg[0]/Q
                         net (fo=3, routed)           0.231     2.695    top_i/axi_interconnect_0/s00_couplers/auto_ds/inst/gen_downsizer.gen_simple_downsizer.axi_downsizer_inst/USE_WRITE.write_addr_inst/cmd_queue/inst/fifo_gen_inst/inst_fifo_gen/gconvfifo.rf/grf.rf/rstblk/ngwrdrst.grst.g7serrst.gnsckt_wrst.gcc_rst.sckt_wr_rst_cc[0]
    SLICE_X30Y29         LUT3 (Prop_G6LUT_SLICEM_I1_O)
                                                      0.150     2.845 f  top_i/axi_interconnect_0/s00_couplers/auto_ds/inst/gen_downsizer.gen_simple_downsizer.axi_downsizer_inst/USE_WRITE.write_addr_inst/cmd_queue/inst/fifo_gen_inst/inst_fifo_gen/gconvfifo.rf/grf.rf/rstblk/gpregsm1.curr_fwft_state[1]_i_2/O
                         net (fo=32, routed)          0.579     3.424    top_i/axi_interconnect_0/s00_couplers/auto_ds/inst/gen_downsizer.gen_simple_downsizer.axi_downsizer_inst/USE_WRITE.write_addr_inst/cmd_queue/inst/fifo_gen_inst/inst_fifo_gen/gconvfifo.rf/grf.rf/gntv_or_sync_fifo.gl0.wr/wpntr/AR[0]
    SLICE_X30Y30         FDPE                                         f  top_i/axi_interconnect_0/s00_couplers/auto_ds/inst/gen_downsizer.gen_simple_downsizer.axi_downsizer_inst/USE_WRITE.write_addr_inst/cmd_queue/inst/fifo_gen_inst/inst_fifo_gen/gconvfifo.rf/grf.rf/gntv_or_sync_fifo.gl0.wr/wpntr/gcc0.gc0.count_reg[0]/PRE
  -------------------------------------------------------------------    -------------------

                         (clock clk_pl_0 rise edge)
                                                     10.000    10.000 r  
    PS8_X0Y0             PS8                          0.000    10.000 r  top_i/zynq_ps/inst/PS8_i/PLCLK[0]
                         net (fo=1, routed)           0.157    10.157    top_i/zynq_ps/inst/pl_clk_unbuffered[0]
    BUFG_PS_X0Y53        BUFG_PS (Prop_BUFG_PS_I_O)
                                                      0.025    10.182 r  top_i/zynq_ps/inst/buffer_pl_clk_0.PL_CLK_0_BUFG/O
    X2Y3 (CLOCK_ROOT)    net (fo=114764, routed)      1.912    12.094    top_i/axi_interconnect_0/s00_couplers/auto_ds/inst/gen_downsizer.gen_simple_downsizer.axi_downsizer_inst/USE_WRITE.write_addr_inst/cmd_queue/inst/fifo_gen_inst/inst_fifo_gen/gconvfifo.rf/grf.rf/gntv_or_sync_fifo.gl0.wr/wpntr/clk
    SLICE_X30Y30         FDPE                                         r  top_i/axi_interconnect_0/s00_couplers/auto_ds/inst/gen_downsizer.gen_simple_downsizer.axi_downsizer_inst/USE_WRITE.write_addr_inst/cmd_queue/inst/fifo_gen_inst/inst_fifo_gen/gconvfifo.rf/grf.rf/gntv_or_sync_fifo.gl0.wr/wpntr/gcc0.gc0.count_reg[0]/C
                         clock pessimism              0.202    12.295    
                         clock uncertainty           -0.130    12.165    
    SLICE_X30Y30         FDPE (Recov_HFF_SLICEM_C_PRE)
                                                     -0.066    12.099    top_i/axi_interconnect_0/s00_couplers/auto_ds/inst/gen_downsizer.gen_simple_downsizer.axi_downsizer_inst/USE_WRITE.write_addr_inst/cmd_queue/inst/fifo_gen_inst/inst_fifo_gen/gconvfifo.rf/grf.rf/gntv_or_sync_fifo.gl0.wr/wpntr/gcc0.gc0.count_reg[0]
  -------------------------------------------------------------------
                         required time                         12.099    
                         arrival time                          -3.424    
  -------------------------------------------------------------------
                         slack                                  8.675    





Min Delay Paths
--------------------------------------------------------------------------------------
Slack (MET) :             0.167ns  (arrival time - required time)
  Source:                 top_i/axi_interconnect_0/s00_couplers/auto_ds/inst/gen_downsizer.gen_simple_downsizer.axi_downsizer_inst/USE_WRITE.write_addr_inst/cmd_queue/inst/fifo_gen_inst/inst_fifo_gen/gconvfifo.rf/grf.rf/rstblk/ngwrdrst.grst.g7serrst.gnsckt_wrst.gcc_rst.sckt_wr_rst_cc_reg[1]/C
                            (rising edge-triggered cell FDRE clocked by clk_pl_0  {rise@0.000ns fall@5.000ns period=10.000ns})
  Destination:            top_i/axi_interconnect_0/s00_couplers/auto_ds/inst/gen_downsizer.gen_simple_downsizer.axi_downsizer_inst/USE_WRITE.write_addr_inst/cmd_queue/inst/fifo_gen_inst/inst_fifo_gen/gconvfifo.rf/grf.rf/gntv_or_sync_fifo.gl0.rd/grss.rsts/ram_empty_fb_i_reg/PRE
                            (removal check against rising-edge clock clk_pl_0  {rise@0.000ns fall@5.000ns period=10.000ns})
  Path Group:             **async_default**
  Path Type:              Removal (Min at Fast Process Corner)
  Requirement:            0.000ns  (clk_pl_0 rise@0.000ns - clk_pl_0 rise@0.000ns)
  Data Path Delay:        0.206ns  (logic 0.077ns (37.350%)  route 0.129ns (62.650%))
  Logic Levels:           1  (LUT3=1)
  Clock Path Skew:        0.059ns (DCD - SCD - CPR)
    Destination Clock Delay (DCD):    1.510ns
    Source Clock Delay      (SCD):    1.313ns
    Clock Pessimism Removal (CPR):    0.138ns
  Clock Net Delay (Source):      1.193ns (routing 0.363ns, distribution 0.830ns)
  Clock Net Delay (Destination): 1.363ns (routing 0.408ns, distribution 0.955ns)

    Location             Delay type                Incr(ns)  Path(ns)    Netlist Resource(s)
  -------------------------------------------------------------------    -------------------
                         (clock clk_pl_0 rise edge)
                                                      0.000     0.000 r  
    PS8_X0Y0             PS8                          0.000     0.000 r  top_i/zynq_ps/inst/PS8_i/PLCLK[0]
                         net (fo=1, routed)           0.103     0.103    top_i/zynq_ps/inst/pl_clk_unbuffered[0]
    BUFG_PS_X0Y53        BUFG_PS (Prop_BUFG_PS_I_O)
                                                      0.017     0.120 r  top_i/zynq_ps/inst/buffer_pl_clk_0.PL_CLK_0_BUFG/O
    X2Y3 (CLOCK_ROOT)    net (fo=114764, routed)      1.193     1.313    top_i/axi_interconnect_0/s00_couplers/auto_ds/inst/gen_downsizer.gen_simple_downsizer.axi_downsizer_inst/USE_WRITE.write_addr_inst/cmd_queue/inst/fifo_gen_inst/inst_fifo_gen/gconvfifo.rf/grf.rf/rstblk/clk
    SLICE_X30Y29         FDRE                                         r  top_i/axi_interconnect_0/s00_couplers/auto_ds/inst/gen_downsizer.gen_simple_downsizer.axi_downsizer_inst/USE_WRITE.write_addr_inst/cmd_queue/inst/fifo_gen_inst/inst_fifo_gen/gconvfifo.rf/grf.rf/rstblk/ngwrdrst.grst.g7serrst.gnsckt_wrst.gcc_rst.sckt_wr_rst_cc_reg[1]/C
  -------------------------------------------------------------------    -------------------
    SLICE_X30Y29         FDRE (Prop_FFF_SLICEM_C_Q)
                                                      0.037     1.350 f  top_i/axi_interconnect_0/s00_couplers/auto_ds/inst/gen_downsizer.gen_simple_downsizer.axi_downsizer_inst/USE_WRITE.write_addr_inst/cmd_queue/inst/fifo_gen_inst/inst_fifo_gen/gconvfifo.rf/grf.rf/rstblk/ngwrdrst.grst.g7serrst.gnsckt_wrst.gcc_rst.sckt_wr_rst_cc_reg[1]/Q
                         net (fo=2, routed)           0.028     1.378    top_i/axi_interconnect_0/s00_couplers/auto_ds/inst/gen_downsizer.gen_simple_downsizer.axi_downsizer_inst/USE_WRITE.write_addr_inst/cmd_queue/inst/fifo_gen_inst/inst_fifo_gen/gconvfifo.rf/grf.rf/rstblk/ngwrdrst.grst.g7serrst.gnsckt_wrst.gcc_rst.sckt_wr_rst_cc[1]
    SLICE_X30Y29         LUT3 (Prop_G6LUT_SLICEM_I0_O)
                                                      0.040     1.418 f  top_i/axi_interconnect_0/s00_couplers/auto_ds/inst/gen_downsizer.gen_simple_downsizer.axi_downsizer_inst/USE_WRITE.write_addr_inst/cmd_queue/inst/fifo_gen_inst/inst_fifo_gen/gconvfifo.rf/grf.rf/rstblk/gpregsm1.curr_fwft_state[1]_i_2/O
                         net (fo=32, routed)          0.101     1.519    top_i/axi_interconnect_0/s00_couplers/auto_ds/inst/gen_downsizer.gen_simple_downsizer.axi_downsizer_inst/USE_WRITE.write_addr_inst/cmd_queue/inst/fifo_gen_inst/inst_fifo_gen/gconvfifo.rf/grf.rf/gntv_or_sync_fifo.gl0.rd/grss.rsts/ram_empty_i_reg_1
    SLICE_X29Y29         FDPE                                         f  top_i/axi_interconnect_0/s00_couplers/auto_ds/inst/gen_downsizer.gen_simple_downsizer.axi_downsizer_inst/USE_WRITE.write_addr_inst/cmd_queue/inst/fifo_gen_inst/inst_fifo_gen/gconvfifo.rf/grf.rf/gntv_or_sync_fifo.gl0.rd/grss.rsts/ram_empty_fb_i_reg/PRE
  -------------------------------------------------------------------    -------------------

                         (clock clk_pl_0 rise edge)
                                                      0.000     0.000 r  
    PS8_X0Y0             PS8                          0.000     0.000 r  top_i/zynq_ps/inst/PS8_i/PLCLK[0]
                         net (fo=1, routed)           0.129     0.129    top_i/zynq_ps/inst/pl_clk_unbuffered[0]
    BUFG_PS_X0Y53        BUFG_PS (Prop_BUFG_PS_I_O)
                                                      0.018     0.147 r  top_i/zynq_ps/inst/buffer_pl_clk_0.PL_CLK_0_BUFG/O
    X2Y3 (CLOCK_ROOT)    net (fo=114764, routed)      1.363     1.510    top_i/axi_interconnect_0/s00_couplers/auto_ds/inst/gen_downsizer.gen_simple_downsizer.axi_downsizer_inst/USE_WRITE.write_addr_inst/cmd_queue/inst/fifo_gen_inst/inst_fifo_gen/gconvfifo.rf/grf.rf/gntv_or_sync_fifo.gl0.rd/grss.rsts/clk
    SLICE_X29Y29         FDPE                                         r  top_i/axi_interconnect_0/s00_couplers/auto_ds/inst/gen_downsizer.gen_simple_downsizer.axi_downsizer_inst/USE_WRITE.write_addr_inst/cmd_queue/inst/fifo_gen_inst/inst_fifo_gen/gconvfifo.rf/grf.rf/gntv_or_sync_fifo.gl0.rd/grss.rsts/ram_empty_fb_i_reg/C
                         clock pessimism             -0.138     1.372    
    SLICE_X29Y29         FDPE (Remov_HFF2_SLICEL_C_PRE)
                                                     -0.020     1.352    top_i/axi_interconnect_0/s00_couplers/auto_ds/inst/gen_downsizer.gen_simple_downsizer.axi_downsizer_inst/USE_WRITE.write_addr_inst/cmd_queue/inst/fifo_gen_inst/inst_fifo_gen/gconvfifo.rf/grf.rf/gntv_or_sync_fifo.gl0.rd/grss.rsts/ram_empty_fb_i_reg
  -------------------------------------------------------------------
                         required time                         -1.352    
                         arrival time                           1.519    
  -------------------------------------------------------------------
                         slack                                  0.167    

Slack (MET) :             0.167ns  (arrival time - required time)
  Source:                 top_i/axi_interconnect_0/s00_couplers/auto_ds/inst/gen_downsizer.gen_simple_downsizer.axi_downsizer_inst/USE_WRITE.write_addr_inst/cmd_queue/inst/fifo_gen_inst/inst_fifo_gen/gconvfifo.rf/grf.rf/rstblk/ngwrdrst.grst.g7serrst.gnsckt_wrst.gcc_rst.sckt_wr_rst_cc_reg[1]/C
                            (rising edge-triggered cell FDRE clocked by clk_pl_0  {rise@0.000ns fall@5.000ns period=10.000ns})
  Destination:            top_i/axi_interconnect_0/s00_couplers/auto_ds/inst/gen_downsizer.gen_simple_downsizer.axi_downsizer_inst/USE_WRITE.write_addr_inst/cmd_queue/inst/fifo_gen_inst/inst_fifo_gen/gconvfifo.rf/grf.rf/gntv_or_sync_fifo.gl0.wr/gwss.wsts/ram_full_fb_i_reg/CLR
                            (removal check against rising-edge clock clk_pl_0  {rise@0.000ns fall@5.000ns period=10.000ns})
  Path Group:             **async_default**
  Path Type:              Removal (Min at Fast Process Corner)
  Requirement:            0.000ns  (clk_pl_0 rise@0.000ns - clk_pl_0 rise@0.000ns)
  Data Path Delay:        0.206ns  (logic 0.077ns (37.350%)  route 0.129ns (62.650%))
  Logic Levels:           1  (LUT3=1)
  Clock Path Skew:        0.059ns (DCD - SCD - CPR)
    Destination Clock Delay (DCD):    1.510ns
    Source Clock Delay      (SCD):    1.313ns
    Clock Pessimism Removal (CPR):    0.138ns
  Clock Net Delay (Source):      1.193ns (routing 0.363ns, distribution 0.830ns)
  Clock Net Delay (Destination): 1.363ns (routing 0.408ns, distribution 0.955ns)

    Location             Delay type                Incr(ns)  Path(ns)    Netlist Resource(s)
  -------------------------------------------------------------------    -------------------
                         (clock clk_pl_0 rise edge)
                                                      0.000     0.000 r  
    PS8_X0Y0             PS8                          0.000     0.000 r  top_i/zynq_ps/inst/PS8_i/PLCLK[0]
                         net (fo=1, routed)           0.103     0.103    top_i/zynq_ps/inst/pl_clk_unbuffered[0]
    BUFG_PS_X0Y53        BUFG_PS (Prop_BUFG_PS_I_O)
                                                      0.017     0.120 r  top_i/zynq_ps/inst/buffer_pl_clk_0.PL_CLK_0_BUFG/O
    X2Y3 (CLOCK_ROOT)    net (fo=114764, routed)      1.193     1.313    top_i/axi_interconnect_0/s00_couplers/auto_ds/inst/gen_downsizer.gen_simple_downsizer.axi_downsizer_inst/USE_WRITE.write_addr_inst/cmd_queue/inst/fifo_gen_inst/inst_fifo_gen/gconvfifo.rf/grf.rf/rstblk/clk
    SLICE_X30Y29         FDRE                                         r  top_i/axi_interconnect_0/s00_couplers/auto_ds/inst/gen_downsizer.gen_simple_downsizer.axi_downsizer_inst/USE_WRITE.write_addr_inst/cmd_queue/inst/fifo_gen_inst/inst_fifo_gen/gconvfifo.rf/grf.rf/rstblk/ngwrdrst.grst.g7serrst.gnsckt_wrst.gcc_rst.sckt_wr_rst_cc_reg[1]/C
  -------------------------------------------------------------------    -------------------
    SLICE_X30Y29         FDRE (Prop_FFF_SLICEM_C_Q)
                                                      0.037     1.350 f  top_i/axi_interconnect_0/s00_couplers/auto_ds/inst/gen_downsizer.gen_simple_downsizer.axi_downsizer_inst/USE_WRITE.write_addr_inst/cmd_queue/inst/fifo_gen_inst/inst_fifo_gen/gconvfifo.rf/grf.rf/rstblk/ngwrdrst.grst.g7serrst.gnsckt_wrst.gcc_rst.sckt_wr_rst_cc_reg[1]/Q
                         net (fo=2, routed)           0.028     1.378    top_i/axi_interconnect_0/s00_couplers/auto_ds/inst/gen_downsizer.gen_simple_downsizer.axi_downsizer_inst/USE_WRITE.write_addr_inst/cmd_queue/inst/fifo_gen_inst/inst_fifo_gen/gconvfifo.rf/grf.rf/rstblk/ngwrdrst.grst.g7serrst.gnsckt_wrst.gcc_rst.sckt_wr_rst_cc[1]
    SLICE_X30Y29         LUT3 (Prop_G6LUT_SLICEM_I0_O)
                                                      0.040     1.418 f  top_i/axi_interconnect_0/s00_couplers/auto_ds/inst/gen_downsizer.gen_simple_downsizer.axi_downsizer_inst/USE_WRITE.write_addr_inst/cmd_queue/inst/fifo_gen_inst/inst_fifo_gen/gconvfifo.rf/grf.rf/rstblk/gpregsm1.curr_fwft_state[1]_i_2/O
                         net (fo=32, routed)          0.101     1.519    top_i/axi_interconnect_0/s00_couplers/auto_ds/inst/gen_downsizer.gen_simple_downsizer.axi_downsizer_inst/USE_WRITE.write_addr_inst/cmd_queue/inst/fifo_gen_inst/inst_fifo_gen/gconvfifo.rf/grf.rf/gntv_or_sync_fifo.gl0.wr/gwss.wsts/AR[0]
    SLICE_X29Y29         FDCE                                         f  top_i/axi_interconnect_0/s00_couplers/auto_ds/inst/gen_downsizer.gen_simple_downsizer.axi_downsizer_inst/USE_WRITE.write_addr_inst/cmd_queue/inst/fifo_gen_inst/inst_fifo_gen/gconvfifo.rf/grf.rf/gntv_or_sync_fifo.gl0.wr/gwss.wsts/ram_full_fb_i_reg/CLR
  -------------------------------------------------------------------    -------------------

                         (clock clk_pl_0 rise edge)
                                                      0.000     0.000 r  
    PS8_X0Y0             PS8                          0.000     0.000 r  top_i/zynq_ps/inst/PS8_i/PLCLK[0]
                         net (fo=1, routed)           0.129     0.129    top_i/zynq_ps/inst/pl_clk_unbuffered[0]
    BUFG_PS_X0Y53        BUFG_PS (Prop_BUFG_PS_I_O)
                                                      0.018     0.147 r  top_i/zynq_ps/inst/buffer_pl_clk_0.PL_CLK_0_BUFG/O
    X2Y3 (CLOCK_ROOT)    net (fo=114764, routed)      1.363     1.510    top_i/axi_interconnect_0/s00_couplers/auto_ds/inst/gen_downsizer.gen_simple_downsizer.axi_downsizer_inst/USE_WRITE.write_addr_inst/cmd_queue/inst/fifo_gen_inst/inst_fifo_gen/gconvfifo.rf/grf.rf/gntv_or_sync_fifo.gl0.wr/gwss.wsts/clk
    SLICE_X29Y29         FDCE                                         r  top_i/axi_interconnect_0/s00_couplers/auto_ds/inst/gen_downsizer.gen_simple_downsizer.axi_downsizer_inst/USE_WRITE.write_addr_inst/cmd_queue/inst/fifo_gen_inst/inst_fifo_gen/gconvfifo.rf/grf.rf/gntv_or_sync_fifo.gl0.wr/gwss.wsts/ram_full_fb_i_reg/C
                         clock pessimism             -0.138     1.372    
    SLICE_X29Y29         FDCE (Remov_GFF2_SLICEL_C_CLR)
                                                     -0.020     1.352    top_i/axi_interconnect_0/s00_couplers/auto_ds/inst/gen_downsizer.gen_simple_downsizer.axi_downsizer_inst/USE_WRITE.write_addr_inst/cmd_queue/inst/fifo_gen_inst/inst_fifo_gen/gconvfifo.rf/grf.rf/gntv_or_sync_fifo.gl0.wr/gwss.wsts/ram_full_fb_i_reg
  -------------------------------------------------------------------
                         required time                         -1.352    
                         arrival time                           1.519    
  -------------------------------------------------------------------
                         slack                                  0.167    

Slack (MET) :             0.167ns  (arrival time - required time)
  Source:                 top_i/axi_interconnect_0/s00_couplers/auto_ds/inst/gen_downsizer.gen_simple_downsizer.axi_downsizer_inst/USE_WRITE.write_addr_inst/cmd_queue/inst/fifo_gen_inst/inst_fifo_gen/gconvfifo.rf/grf.rf/rstblk/ngwrdrst.grst.g7serrst.gnsckt_wrst.gcc_rst.sckt_wr_rst_cc_reg[1]/C
                            (rising edge-triggered cell FDRE clocked by clk_pl_0  {rise@0.000ns fall@5.000ns period=10.000ns})
  Destination:            top_i/axi_interconnect_0/s00_couplers/auto_ds/inst/gen_downsizer.gen_simple_downsizer.axi_downsizer_inst/USE_WRITE.write_addr_inst/cmd_queue/inst/fifo_gen_inst/inst_fifo_gen/gconvfifo.rf/grf.rf/gntv_or_sync_fifo.gl0.wr/wpntr/gcc0.gc0.count_d1_reg[2]/CLR
                            (removal check against rising-edge clock clk_pl_0  {rise@0.000ns fall@5.000ns period=10.000ns})
  Path Group:             **async_default**
  Path Type:              Removal (Min at Fast Process Corner)
  Requirement:            0.000ns  (clk_pl_0 rise@0.000ns - clk_pl_0 rise@0.000ns)
  Data Path Delay:        0.206ns  (logic 0.077ns (37.350%)  route 0.129ns (62.650%))
  Logic Levels:           1  (LUT3=1)
  Clock Path Skew:        0.059ns (DCD - SCD - CPR)
    Destination Clock Delay (DCD):    1.510ns
    Source Clock Delay      (SCD):    1.313ns
    Clock Pessimism Removal (CPR):    0.138ns
  Clock Net Delay (Source):      1.193ns (routing 0.363ns, distribution 0.830ns)
  Clock Net Delay (Destination): 1.363ns (routing 0.408ns, distribution 0.955ns)

    Location             Delay type                Incr(ns)  Path(ns)    Netlist Resource(s)
  -------------------------------------------------------------------    -------------------
                         (clock clk_pl_0 rise edge)
                                                      0.000     0.000 r  
    PS8_X0Y0             PS8                          0.000     0.000 r  top_i/zynq_ps/inst/PS8_i/PLCLK[0]
                         net (fo=1, routed)           0.103     0.103    top_i/zynq_ps/inst/pl_clk_unbuffered[0]
    BUFG_PS_X0Y53        BUFG_PS (Prop_BUFG_PS_I_O)
                                                      0.017     0.120 r  top_i/zynq_ps/inst/buffer_pl_clk_0.PL_CLK_0_BUFG/O
    X2Y3 (CLOCK_ROOT)    net (fo=114764, routed)      1.193     1.313    top_i/axi_interconnect_0/s00_couplers/auto_ds/inst/gen_downsizer.gen_simple_downsizer.axi_downsizer_inst/USE_WRITE.write_addr_inst/cmd_queue/inst/fifo_gen_inst/inst_fifo_gen/gconvfifo.rf/grf.rf/rstblk/clk
    SLICE_X30Y29         FDRE                                         r  top_i/axi_interconnect_0/s00_couplers/auto_ds/inst/gen_downsizer.gen_simple_downsizer.axi_downsizer_inst/USE_WRITE.write_addr_inst/cmd_queue/inst/fifo_gen_inst/inst_fifo_gen/gconvfifo.rf/grf.rf/rstblk/ngwrdrst.grst.g7serrst.gnsckt_wrst.gcc_rst.sckt_wr_rst_cc_reg[1]/C
  -------------------------------------------------------------------    -------------------
    SLICE_X30Y29         FDRE (Prop_FFF_SLICEM_C_Q)
                                                      0.037     1.350 f  top_i/axi_interconnect_0/s00_couplers/auto_ds/inst/gen_downsizer.gen_simple_downsizer.axi_downsizer_inst/USE_WRITE.write_addr_inst/cmd_queue/inst/fifo_gen_inst/inst_fifo_gen/gconvfifo.rf/grf.rf/rstblk/ngwrdrst.grst.g7serrst.gnsckt_wrst.gcc_rst.sckt_wr_rst_cc_reg[1]/Q
                         net (fo=2, routed)           0.028     1.378    top_i/axi_interconnect_0/s00_couplers/auto_ds/inst/gen_downsizer.gen_simple_downsizer.axi_downsizer_inst/USE_WRITE.write_addr_inst/cmd_queue/inst/fifo_gen_inst/inst_fifo_gen/gconvfifo.rf/grf.rf/rstblk/ngwrdrst.grst.g7serrst.gnsckt_wrst.gcc_rst.sckt_wr_rst_cc[1]
    SLICE_X30Y29         LUT3 (Prop_G6LUT_SLICEM_I0_O)
                                                      0.040     1.418 f  top_i/axi_interconnect_0/s00_couplers/auto_ds/inst/gen_downsizer.gen_simple_downsizer.axi_downsizer_inst/USE_WRITE.write_addr_inst/cmd_queue/inst/fifo_gen_inst/inst_fifo_gen/gconvfifo.rf/grf.rf/rstblk/gpregsm1.curr_fwft_state[1]_i_2/O
                         net (fo=32, routed)          0.101     1.519    top_i/axi_interconnect_0/s00_couplers/auto_ds/inst/gen_downsizer.gen_simple_downsizer.axi_downsizer_inst/USE_WRITE.write_addr_inst/cmd_queue/inst/fifo_gen_inst/inst_fifo_gen/gconvfifo.rf/grf.rf/gntv_or_sync_fifo.gl0.wr/wpntr/AR[0]
    SLICE_X29Y29         FDCE                                         f  top_i/axi_interconnect_0/s00_couplers/auto_ds/inst/gen_downsizer.gen_simple_downsizer.axi_downsizer_inst/USE_WRITE.write_addr_inst/cmd_queue/inst/fifo_gen_inst/inst_fifo_gen/gconvfifo.rf/grf.rf/gntv_or_sync_fifo.gl0.wr/wpntr/gcc0.gc0.count_d1_reg[2]/CLR
  -------------------------------------------------------------------    -------------------

                         (clock clk_pl_0 rise edge)
                                                      0.000     0.000 r  
    PS8_X0Y0             PS8                          0.000     0.000 r  top_i/zynq_ps/inst/PS8_i/PLCLK[0]
                         net (fo=1, routed)           0.129     0.129    top_i/zynq_ps/inst/pl_clk_unbuffered[0]
    BUFG_PS_X0Y53        BUFG_PS (Prop_BUFG_PS_I_O)
                                                      0.018     0.147 r  top_i/zynq_ps/inst/buffer_pl_clk_0.PL_CLK_0_BUFG/O
    X2Y3 (CLOCK_ROOT)    net (fo=114764, routed)      1.363     1.510    top_i/axi_interconnect_0/s00_couplers/auto_ds/inst/gen_downsizer.gen_simple_downsizer.axi_downsizer_inst/USE_WRITE.write_addr_inst/cmd_queue/inst/fifo_gen_inst/inst_fifo_gen/gconvfifo.rf/grf.rf/gntv_or_sync_fifo.gl0.wr/wpntr/clk
    SLICE_X29Y29         FDCE                                         r  top_i/axi_interconnect_0/s00_couplers/auto_ds/inst/gen_downsizer.gen_simple_downsizer.axi_downsizer_inst/USE_WRITE.write_addr_inst/cmd_queue/inst/fifo_gen_inst/inst_fifo_gen/gconvfifo.rf/grf.rf/gntv_or_sync_fifo.gl0.wr/wpntr/gcc0.gc0.count_d1_reg[2]/C
                         clock pessimism             -0.138     1.372    
    SLICE_X29Y29         FDCE (Remov_HFF_SLICEL_C_CLR)
                                                     -0.020     1.352    top_i/axi_interconnect_0/s00_couplers/auto_ds/inst/gen_downsizer.gen_simple_downsizer.axi_downsizer_inst/USE_WRITE.write_addr_inst/cmd_queue/inst/fifo_gen_inst/inst_fifo_gen/gconvfifo.rf/grf.rf/gntv_or_sync_fifo.gl0.wr/wpntr/gcc0.gc0.count_d1_reg[2]
  -------------------------------------------------------------------
                         required time                         -1.352    
                         arrival time                           1.519    
  -------------------------------------------------------------------
                         slack                                  0.167    

Slack (MET) :             0.167ns  (arrival time - required time)
  Source:                 top_i/axi_interconnect_0/s00_couplers/auto_ds/inst/gen_downsizer.gen_simple_downsizer.axi_downsizer_inst/USE_WRITE.write_addr_inst/cmd_queue/inst/fifo_gen_inst/inst_fifo_gen/gconvfifo.rf/grf.rf/rstblk/ngwrdrst.grst.g7serrst.gnsckt_wrst.gcc_rst.sckt_wr_rst_cc_reg[1]/C
                            (rising edge-triggered cell FDRE clocked by clk_pl_0  {rise@0.000ns fall@5.000ns period=10.000ns})
  Destination:            top_i/axi_interconnect_0/s00_couplers/auto_ds/inst/gen_downsizer.gen_simple_downsizer.axi_downsizer_inst/USE_WRITE.write_addr_inst/cmd_queue/inst/fifo_gen_inst/inst_fifo_gen/gconvfifo.rf/grf.rf/gntv_or_sync_fifo.gl0.wr/wpntr/gcc0.gc0.count_d1_reg[3]/CLR
                            (removal check against rising-edge clock clk_pl_0  {rise@0.000ns fall@5.000ns period=10.000ns})
  Path Group:             **async_default**
  Path Type:              Removal (Min at Fast Process Corner)
  Requirement:            0.000ns  (clk_pl_0 rise@0.000ns - clk_pl_0 rise@0.000ns)
  Data Path Delay:        0.206ns  (logic 0.077ns (37.350%)  route 0.129ns (62.650%))
  Logic Levels:           1  (LUT3=1)
  Clock Path Skew:        0.059ns (DCD - SCD - CPR)
    Destination Clock Delay (DCD):    1.510ns
    Source Clock Delay      (SCD):    1.313ns
    Clock Pessimism Removal (CPR):    0.138ns
  Clock Net Delay (Source):      1.193ns (routing 0.363ns, distribution 0.830ns)
  Clock Net Delay (Destination): 1.363ns (routing 0.408ns, distribution 0.955ns)

    Location             Delay type                Incr(ns)  Path(ns)    Netlist Resource(s)
  -------------------------------------------------------------------    -------------------
                         (clock clk_pl_0 rise edge)
                                                      0.000     0.000 r  
    PS8_X0Y0             PS8                          0.000     0.000 r  top_i/zynq_ps/inst/PS8_i/PLCLK[0]
                         net (fo=1, routed)           0.103     0.103    top_i/zynq_ps/inst/pl_clk_unbuffered[0]
    BUFG_PS_X0Y53        BUFG_PS (Prop_BUFG_PS_I_O)
                                                      0.017     0.120 r  top_i/zynq_ps/inst/buffer_pl_clk_0.PL_CLK_0_BUFG/O
    X2Y3 (CLOCK_ROOT)    net (fo=114764, routed)      1.193     1.313    top_i/axi_interconnect_0/s00_couplers/auto_ds/inst/gen_downsizer.gen_simple_downsizer.axi_downsizer_inst/USE_WRITE.write_addr_inst/cmd_queue/inst/fifo_gen_inst/inst_fifo_gen/gconvfifo.rf/grf.rf/rstblk/clk
    SLICE_X30Y29         FDRE                                         r  top_i/axi_interconnect_0/s00_couplers/auto_ds/inst/gen_downsizer.gen_simple_downsizer.axi_downsizer_inst/USE_WRITE.write_addr_inst/cmd_queue/inst/fifo_gen_inst/inst_fifo_gen/gconvfifo.rf/grf.rf/rstblk/ngwrdrst.grst.g7serrst.gnsckt_wrst.gcc_rst.sckt_wr_rst_cc_reg[1]/C
  -------------------------------------------------------------------    -------------------
    SLICE_X30Y29         FDRE (Prop_FFF_SLICEM_C_Q)
                                                      0.037     1.350 f  top_i/axi_interconnect_0/s00_couplers/auto_ds/inst/gen_downsizer.gen_simple_downsizer.axi_downsizer_inst/USE_WRITE.write_addr_inst/cmd_queue/inst/fifo_gen_inst/inst_fifo_gen/gconvfifo.rf/grf.rf/rstblk/ngwrdrst.grst.g7serrst.gnsckt_wrst.gcc_rst.sckt_wr_rst_cc_reg[1]/Q
                         net (fo=2, routed)           0.028     1.378    top_i/axi_interconnect_0/s00_couplers/auto_ds/inst/gen_downsizer.gen_simple_downsizer.axi_downsizer_inst/USE_WRITE.write_addr_inst/cmd_queue/inst/fifo_gen_inst/inst_fifo_gen/gconvfifo.rf/grf.rf/rstblk/ngwrdrst.grst.g7serrst.gnsckt_wrst.gcc_rst.sckt_wr_rst_cc[1]
    SLICE_X30Y29         LUT3 (Prop_G6LUT_SLICEM_I0_O)
                                                      0.040     1.418 f  top_i/axi_interconnect_0/s00_couplers/auto_ds/inst/gen_downsizer.gen_simple_downsizer.axi_downsizer_inst/USE_WRITE.write_addr_inst/cmd_queue/inst/fifo_gen_inst/inst_fifo_gen/gconvfifo.rf/grf.rf/rstblk/gpregsm1.curr_fwft_state[1]_i_2/O
                         net (fo=32, routed)          0.101     1.519    top_i/axi_interconnect_0/s00_couplers/auto_ds/inst/gen_downsizer.gen_simple_downsizer.axi_downsizer_inst/USE_WRITE.write_addr_inst/cmd_queue/inst/fifo_gen_inst/inst_fifo_gen/gconvfifo.rf/grf.rf/gntv_or_sync_fifo.gl0.wr/wpntr/AR[0]
    SLICE_X29Y29         FDCE                                         f  top_i/axi_interconnect_0/s00_couplers/auto_ds/inst/gen_downsizer.gen_simple_downsizer.axi_downsizer_inst/USE_WRITE.write_addr_inst/cmd_queue/inst/fifo_gen_inst/inst_fifo_gen/gconvfifo.rf/grf.rf/gntv_or_sync_fifo.gl0.wr/wpntr/gcc0.gc0.count_d1_reg[3]/CLR
  -------------------------------------------------------------------    -------------------

                         (clock clk_pl_0 rise edge)
                                                      0.000     0.000 r  
    PS8_X0Y0             PS8                          0.000     0.000 r  top_i/zynq_ps/inst/PS8_i/PLCLK[0]
                         net (fo=1, routed)           0.129     0.129    top_i/zynq_ps/inst/pl_clk_unbuffered[0]
    BUFG_PS_X0Y53        BUFG_PS (Prop_BUFG_PS_I_O)
                                                      0.018     0.147 r  top_i/zynq_ps/inst/buffer_pl_clk_0.PL_CLK_0_BUFG/O
    X2Y3 (CLOCK_ROOT)    net (fo=114764, routed)      1.363     1.510    top_i/axi_interconnect_0/s00_couplers/auto_ds/inst/gen_downsizer.gen_simple_downsizer.axi_downsizer_inst/USE_WRITE.write_addr_inst/cmd_queue/inst/fifo_gen_inst/inst_fifo_gen/gconvfifo.rf/grf.rf/gntv_or_sync_fifo.gl0.wr/wpntr/clk
    SLICE_X29Y29         FDCE                                         r  top_i/axi_interconnect_0/s00_couplers/auto_ds/inst/gen_downsizer.gen_simple_downsizer.axi_downsizer_inst/USE_WRITE.write_addr_inst/cmd_queue/inst/fifo_gen_inst/inst_fifo_gen/gconvfifo.rf/grf.rf/gntv_or_sync_fifo.gl0.wr/wpntr/gcc0.gc0.count_d1_reg[3]/C
                         clock pessimism             -0.138     1.372    
    SLICE_X29Y29         FDCE (Remov_GFF_SLICEL_C_CLR)
                                                     -0.020     1.352    top_i/axi_interconnect_0/s00_couplers/auto_ds/inst/gen_downsizer.gen_simple_downsizer.axi_downsizer_inst/USE_WRITE.write_addr_inst/cmd_queue/inst/fifo_gen_inst/inst_fifo_gen/gconvfifo.rf/grf.rf/gntv_or_sync_fifo.gl0.wr/wpntr/gcc0.gc0.count_d1_reg[3]
  -------------------------------------------------------------------
                         required time                         -1.352    
                         arrival time                           1.519    
  -------------------------------------------------------------------
                         slack                                  0.167    

Slack (MET) :             0.167ns  (arrival time - required time)
  Source:                 top_i/axi_interconnect_0/s00_couplers/auto_ds/inst/gen_downsizer.gen_simple_downsizer.axi_downsizer_inst/USE_WRITE.write_addr_inst/cmd_queue/inst/fifo_gen_inst/inst_fifo_gen/gconvfifo.rf/grf.rf/rstblk/ngwrdrst.grst.g7serrst.gnsckt_wrst.gcc_rst.sckt_wr_rst_cc_reg[1]/C
                            (rising edge-triggered cell FDRE clocked by clk_pl_0  {rise@0.000ns fall@5.000ns period=10.000ns})
  Destination:            top_i/axi_interconnect_0/s00_couplers/auto_ds/inst/gen_downsizer.gen_simple_downsizer.axi_downsizer_inst/USE_WRITE.write_addr_inst/cmd_queue/inst/fifo_gen_inst/inst_fifo_gen/gconvfifo.rf/grf.rf/gntv_or_sync_fifo.gl0.wr/wpntr/gcc0.gc0.count_d1_reg[4]/CLR
                            (removal check against rising-edge clock clk_pl_0  {rise@0.000ns fall@5.000ns period=10.000ns})
  Path Group:             **async_default**
  Path Type:              Removal (Min at Fast Process Corner)
  Requirement:            0.000ns  (clk_pl_0 rise@0.000ns - clk_pl_0 rise@0.000ns)
  Data Path Delay:        0.206ns  (logic 0.077ns (37.350%)  route 0.129ns (62.650%))
  Logic Levels:           1  (LUT3=1)
  Clock Path Skew:        0.059ns (DCD - SCD - CPR)
    Destination Clock Delay (DCD):    1.510ns
    Source Clock Delay      (SCD):    1.313ns
    Clock Pessimism Removal (CPR):    0.138ns
  Clock Net Delay (Source):      1.193ns (routing 0.363ns, distribution 0.830ns)
  Clock Net Delay (Destination): 1.363ns (routing 0.408ns, distribution 0.955ns)

    Location             Delay type                Incr(ns)  Path(ns)    Netlist Resource(s)
  -------------------------------------------------------------------    -------------------
                         (clock clk_pl_0 rise edge)
                                                      0.000     0.000 r  
    PS8_X0Y0             PS8                          0.000     0.000 r  top_i/zynq_ps/inst/PS8_i/PLCLK[0]
                         net (fo=1, routed)           0.103     0.103    top_i/zynq_ps/inst/pl_clk_unbuffered[0]
    BUFG_PS_X0Y53        BUFG_PS (Prop_BUFG_PS_I_O)
                                                      0.017     0.120 r  top_i/zynq_ps/inst/buffer_pl_clk_0.PL_CLK_0_BUFG/O
    X2Y3 (CLOCK_ROOT)    net (fo=114764, routed)      1.193     1.313    top_i/axi_interconnect_0/s00_couplers/auto_ds/inst/gen_downsizer.gen_simple_downsizer.axi_downsizer_inst/USE_WRITE.write_addr_inst/cmd_queue/inst/fifo_gen_inst/inst_fifo_gen/gconvfifo.rf/grf.rf/rstblk/clk
    SLICE_X30Y29         FDRE                                         r  top_i/axi_interconnect_0/s00_couplers/auto_ds/inst/gen_downsizer.gen_simple_downsizer.axi_downsizer_inst/USE_WRITE.write_addr_inst/cmd_queue/inst/fifo_gen_inst/inst_fifo_gen/gconvfifo.rf/grf.rf/rstblk/ngwrdrst.grst.g7serrst.gnsckt_wrst.gcc_rst.sckt_wr_rst_cc_reg[1]/C
  -------------------------------------------------------------------    -------------------
    SLICE_X30Y29         FDRE (Prop_FFF_SLICEM_C_Q)
                                                      0.037     1.350 f  top_i/axi_interconnect_0/s00_couplers/auto_ds/inst/gen_downsizer.gen_simple_downsizer.axi_downsizer_inst/USE_WRITE.write_addr_inst/cmd_queue/inst/fifo_gen_inst/inst_fifo_gen/gconvfifo.rf/grf.rf/rstblk/ngwrdrst.grst.g7serrst.gnsckt_wrst.gcc_rst.sckt_wr_rst_cc_reg[1]/Q
                         net (fo=2, routed)           0.028     1.378    top_i/axi_interconnect_0/s00_couplers/auto_ds/inst/gen_downsizer.gen_simple_downsizer.axi_downsizer_inst/USE_WRITE.write_addr_inst/cmd_queue/inst/fifo_gen_inst/inst_fifo_gen/gconvfifo.rf/grf.rf/rstblk/ngwrdrst.grst.g7serrst.gnsckt_wrst.gcc_rst.sckt_wr_rst_cc[1]
    SLICE_X30Y29         LUT3 (Prop_G6LUT_SLICEM_I0_O)
                                                      0.040     1.418 f  top_i/axi_interconnect_0/s00_couplers/auto_ds/inst/gen_downsizer.gen_simple_downsizer.axi_downsizer_inst/USE_WRITE.write_addr_inst/cmd_queue/inst/fifo_gen_inst/inst_fifo_gen/gconvfifo.rf/grf.rf/rstblk/gpregsm1.curr_fwft_state[1]_i_2/O
                         net (fo=32, routed)          0.101     1.519    top_i/axi_interconnect_0/s00_couplers/auto_ds/inst/gen_downsizer.gen_simple_downsizer.axi_downsizer_inst/USE_WRITE.write_addr_inst/cmd_queue/inst/fifo_gen_inst/inst_fifo_gen/gconvfifo.rf/grf.rf/gntv_or_sync_fifo.gl0.wr/wpntr/AR[0]
    SLICE_X29Y29         FDCE                                         f  top_i/axi_interconnect_0/s00_couplers/auto_ds/inst/gen_downsizer.gen_simple_downsizer.axi_downsizer_inst/USE_WRITE.write_addr_inst/cmd_queue/inst/fifo_gen_inst/inst_fifo_gen/gconvfifo.rf/grf.rf/gntv_or_sync_fifo.gl0.wr/wpntr/gcc0.gc0.count_d1_reg[4]/CLR
  -------------------------------------------------------------------    -------------------

                         (clock clk_pl_0 rise edge)
                                                      0.000     0.000 r  
    PS8_X0Y0             PS8                          0.000     0.000 r  top_i/zynq_ps/inst/PS8_i/PLCLK[0]
                         net (fo=1, routed)           0.129     0.129    top_i/zynq_ps/inst/pl_clk_unbuffered[0]
    BUFG_PS_X0Y53        BUFG_PS (Prop_BUFG_PS_I_O)
                                                      0.018     0.147 r  top_i/zynq_ps/inst/buffer_pl_clk_0.PL_CLK_0_BUFG/O
    X2Y3 (CLOCK_ROOT)    net (fo=114764, routed)      1.363     1.510    top_i/axi_interconnect_0/s00_couplers/auto_ds/inst/gen_downsizer.gen_simple_downsizer.axi_downsizer_inst/USE_WRITE.write_addr_inst/cmd_queue/inst/fifo_gen_inst/inst_fifo_gen/gconvfifo.rf/grf.rf/gntv_or_sync_fifo.gl0.wr/wpntr/clk
    SLICE_X29Y29         FDCE                                         r  top_i/axi_interconnect_0/s00_couplers/auto_ds/inst/gen_downsizer.gen_simple_downsizer.axi_downsizer_inst/USE_WRITE.write_addr_inst/cmd_queue/inst/fifo_gen_inst/inst_fifo_gen/gconvfifo.rf/grf.rf/gntv_or_sync_fifo.gl0.wr/wpntr/gcc0.gc0.count_d1_reg[4]/C
                         clock pessimism             -0.138     1.372    
    SLICE_X29Y29         FDCE (Remov_FFF_SLICEL_C_CLR)
                                                     -0.020     1.352    top_i/axi_interconnect_0/s00_couplers/auto_ds/inst/gen_downsizer.gen_simple_downsizer.axi_downsizer_inst/USE_WRITE.write_addr_inst/cmd_queue/inst/fifo_gen_inst/inst_fifo_gen/gconvfifo.rf/grf.rf/gntv_or_sync_fifo.gl0.wr/wpntr/gcc0.gc0.count_d1_reg[4]
  -------------------------------------------------------------------
                         required time                         -1.352    
                         arrival time                           1.519    
  -------------------------------------------------------------------
                         slack                                  0.167    

Slack (MET) :             0.167ns  (arrival time - required time)
  Source:                 top_i/axi_interconnect_0/s00_couplers/auto_ds/inst/gen_downsizer.gen_simple_downsizer.axi_downsizer_inst/USE_WRITE.write_addr_inst/cmd_queue/inst/fifo_gen_inst/inst_fifo_gen/gconvfifo.rf/grf.rf/rstblk/ngwrdrst.grst.g7serrst.gnsckt_wrst.gcc_rst.sckt_wr_rst_cc_reg[1]/C
                            (rising edge-triggered cell FDRE clocked by clk_pl_0  {rise@0.000ns fall@5.000ns period=10.000ns})
  Destination:            top_i/axi_interconnect_0/s00_couplers/auto_ds/inst/gen_downsizer.gen_simple_downsizer.axi_downsizer_inst/USE_WRITE.write_addr_inst/cmd_queue/inst/fifo_gen_inst/inst_fifo_gen/gconvfifo.rf/grf.rf/gntv_or_sync_fifo.gl0.wr/wpntr/gcc0.gc0.count_reg[1]/CLR
                            (removal check against rising-edge clock clk_pl_0  {rise@0.000ns fall@5.000ns period=10.000ns})
  Path Group:             **async_default**
  Path Type:              Removal (Min at Fast Process Corner)
  Requirement:            0.000ns  (clk_pl_0 rise@0.000ns - clk_pl_0 rise@0.000ns)
  Data Path Delay:        0.206ns  (logic 0.077ns (37.350%)  route 0.129ns (62.650%))
  Logic Levels:           1  (LUT3=1)
  Clock Path Skew:        0.059ns (DCD - SCD - CPR)
    Destination Clock Delay (DCD):    1.510ns
    Source Clock Delay      (SCD):    1.313ns
    Clock Pessimism Removal (CPR):    0.138ns
  Clock Net Delay (Source):      1.193ns (routing 0.363ns, distribution 0.830ns)
  Clock Net Delay (Destination): 1.363ns (routing 0.408ns, distribution 0.955ns)

    Location             Delay type                Incr(ns)  Path(ns)    Netlist Resource(s)
  -------------------------------------------------------------------    -------------------
                         (clock clk_pl_0 rise edge)
                                                      0.000     0.000 r  
    PS8_X0Y0             PS8                          0.000     0.000 r  top_i/zynq_ps/inst/PS8_i/PLCLK[0]
                         net (fo=1, routed)           0.103     0.103    top_i/zynq_ps/inst/pl_clk_unbuffered[0]
    BUFG_PS_X0Y53        BUFG_PS (Prop_BUFG_PS_I_O)
                                                      0.017     0.120 r  top_i/zynq_ps/inst/buffer_pl_clk_0.PL_CLK_0_BUFG/O
    X2Y3 (CLOCK_ROOT)    net (fo=114764, routed)      1.193     1.313    top_i/axi_interconnect_0/s00_couplers/auto_ds/inst/gen_downsizer.gen_simple_downsizer.axi_downsizer_inst/USE_WRITE.write_addr_inst/cmd_queue/inst/fifo_gen_inst/inst_fifo_gen/gconvfifo.rf/grf.rf/rstblk/clk
    SLICE_X30Y29         FDRE                                         r  top_i/axi_interconnect_0/s00_couplers/auto_ds/inst/gen_downsizer.gen_simple_downsizer.axi_downsizer_inst/USE_WRITE.write_addr_inst/cmd_queue/inst/fifo_gen_inst/inst_fifo_gen/gconvfifo.rf/grf.rf/rstblk/ngwrdrst.grst.g7serrst.gnsckt_wrst.gcc_rst.sckt_wr_rst_cc_reg[1]/C
  -------------------------------------------------------------------    -------------------
    SLICE_X30Y29         FDRE (Prop_FFF_SLICEM_C_Q)
                                                      0.037     1.350 f  top_i/axi_interconnect_0/s00_couplers/auto_ds/inst/gen_downsizer.gen_simple_downsizer.axi_downsizer_inst/USE_WRITE.write_addr_inst/cmd_queue/inst/fifo_gen_inst/inst_fifo_gen/gconvfifo.rf/grf.rf/rstblk/ngwrdrst.grst.g7serrst.gnsckt_wrst.gcc_rst.sckt_wr_rst_cc_reg[1]/Q
                         net (fo=2, routed)           0.028     1.378    top_i/axi_interconnect_0/s00_couplers/auto_ds/inst/gen_downsizer.gen_simple_downsizer.axi_downsizer_inst/USE_WRITE.write_addr_inst/cmd_queue/inst/fifo_gen_inst/inst_fifo_gen/gconvfifo.rf/grf.rf/rstblk/ngwrdrst.grst.g7serrst.gnsckt_wrst.gcc_rst.sckt_wr_rst_cc[1]
    SLICE_X30Y29         LUT3 (Prop_G6LUT_SLICEM_I0_O)
                                                      0.040     1.418 f  top_i/axi_interconnect_0/s00_couplers/auto_ds/inst/gen_downsizer.gen_simple_downsizer.axi_downsizer_inst/USE_WRITE.write_addr_inst/cmd_queue/inst/fifo_gen_inst/inst_fifo_gen/gconvfifo.rf/grf.rf/rstblk/gpregsm1.curr_fwft_state[1]_i_2/O
                         net (fo=32, routed)          0.101     1.519    top_i/axi_interconnect_0/s00_couplers/auto_ds/inst/gen_downsizer.gen_simple_downsizer.axi_downsizer_inst/USE_WRITE.write_addr_inst/cmd_queue/inst/fifo_gen_inst/inst_fifo_gen/gconvfifo.rf/grf.rf/gntv_or_sync_fifo.gl0.wr/wpntr/AR[0]
    SLICE_X29Y29         FDCE                                         f  top_i/axi_interconnect_0/s00_couplers/auto_ds/inst/gen_downsizer.gen_simple_downsizer.axi_downsizer_inst/USE_WRITE.write_addr_inst/cmd_queue/inst/fifo_gen_inst/inst_fifo_gen/gconvfifo.rf/grf.rf/gntv_or_sync_fifo.gl0.wr/wpntr/gcc0.gc0.count_reg[1]/CLR
  -------------------------------------------------------------------    -------------------

                         (clock clk_pl_0 rise edge)
                                                      0.000     0.000 r  
    PS8_X0Y0             PS8                          0.000     0.000 r  top_i/zynq_ps/inst/PS8_i/PLCLK[0]
                         net (fo=1, routed)           0.129     0.129    top_i/zynq_ps/inst/pl_clk_unbuffered[0]
    BUFG_PS_X0Y53        BUFG_PS (Prop_BUFG_PS_I_O)
                                                      0.018     0.147 r  top_i/zynq_ps/inst/buffer_pl_clk_0.PL_CLK_0_BUFG/O
    X2Y3 (CLOCK_ROOT)    net (fo=114764, routed)      1.363     1.510    top_i/axi_interconnect_0/s00_couplers/auto_ds/inst/gen_downsizer.gen_simple_downsizer.axi_downsizer_inst/USE_WRITE.write_addr_inst/cmd_queue/inst/fifo_gen_inst/inst_fifo_gen/gconvfifo.rf/grf.rf/gntv_or_sync_fifo.gl0.wr/wpntr/clk
    SLICE_X29Y29         FDCE                                         r  top_i/axi_interconnect_0/s00_couplers/auto_ds/inst/gen_downsizer.gen_simple_downsizer.axi_downsizer_inst/USE_WRITE.write_addr_inst/cmd_queue/inst/fifo_gen_inst/inst_fifo_gen/gconvfifo.rf/grf.rf/gntv_or_sync_fifo.gl0.wr/wpntr/gcc0.gc0.count_reg[1]/C
                         clock pessimism             -0.138     1.372    
    SLICE_X29Y29         FDCE (Remov_EFF_SLICEL_C_CLR)
                                                     -0.020     1.352    top_i/axi_interconnect_0/s00_couplers/auto_ds/inst/gen_downsizer.gen_simple_downsizer.axi_downsizer_inst/USE_WRITE.write_addr_inst/cmd_queue/inst/fifo_gen_inst/inst_fifo_gen/gconvfifo.rf/grf.rf/gntv_or_sync_fifo.gl0.wr/wpntr/gcc0.gc0.count_reg[1]
  -------------------------------------------------------------------
                         required time                         -1.352    
                         arrival time                           1.519    
  -------------------------------------------------------------------
                         slack                                  0.167    

Slack (MET) :             0.170ns  (arrival time - required time)
  Source:                 top_i/axi_interconnect_0/s00_couplers/auto_ds/inst/gen_downsizer.gen_simple_downsizer.axi_downsizer_inst/USE_WRITE.write_addr_inst/cmd_queue/inst/fifo_gen_inst/inst_fifo_gen/gconvfifo.rf/grf.rf/rstblk/ngwrdrst.grst.g7serrst.gnsckt_wrst.gcc_rst.sckt_wr_rst_cc_reg[1]/C
                            (rising edge-triggered cell FDRE clocked by clk_pl_0  {rise@0.000ns fall@5.000ns period=10.000ns})
  Destination:            top_i/axi_interconnect_0/s00_couplers/auto_ds/inst/gen_downsizer.gen_simple_downsizer.axi_downsizer_inst/USE_WRITE.write_addr_inst/cmd_queue/inst/fifo_gen_inst/inst_fifo_gen/gconvfifo.rf/grf.rf/gntv_or_sync_fifo.gl0.rd/rpntr/gc0.count_d1_reg[0]/CLR
                            (removal check against rising-edge clock clk_pl_0  {rise@0.000ns fall@5.000ns period=10.000ns})
  Path Group:             **async_default**
  Path Type:              Removal (Min at Fast Process Corner)
  Requirement:            0.000ns  (clk_pl_0 rise@0.000ns - clk_pl_0 rise@0.000ns)
  Data Path Delay:        0.213ns  (logic 0.077ns (36.123%)  route 0.136ns (63.877%))
  Logic Levels:           1  (LUT3=1)
  Clock Path Skew:        0.063ns (DCD - SCD - CPR)
    Destination Clock Delay (DCD):    1.514ns
    Source Clock Delay      (SCD):    1.313ns
    Clock Pessimism Removal (CPR):    0.138ns
  Clock Net Delay (Source):      1.193ns (routing 0.363ns, distribution 0.830ns)
  Clock Net Delay (Destination): 1.367ns (routing 0.408ns, distribution 0.959ns)

    Location             Delay type                Incr(ns)  Path(ns)    Netlist Resource(s)
  -------------------------------------------------------------------    -------------------
                         (clock clk_pl_0 rise edge)
                                                      0.000     0.000 r  
    PS8_X0Y0             PS8                          0.000     0.000 r  top_i/zynq_ps/inst/PS8_i/PLCLK[0]
                         net (fo=1, routed)           0.103     0.103    top_i/zynq_ps/inst/pl_clk_unbuffered[0]
    BUFG_PS_X0Y53        BUFG_PS (Prop_BUFG_PS_I_O)
                                                      0.017     0.120 r  top_i/zynq_ps/inst/buffer_pl_clk_0.PL_CLK_0_BUFG/O
    X2Y3 (CLOCK_ROOT)    net (fo=114764, routed)      1.193     1.313    top_i/axi_interconnect_0/s00_couplers/auto_ds/inst/gen_downsizer.gen_simple_downsizer.axi_downsizer_inst/USE_WRITE.write_addr_inst/cmd_queue/inst/fifo_gen_inst/inst_fifo_gen/gconvfifo.rf/grf.rf/rstblk/clk
    SLICE_X30Y29         FDRE                                         r  top_i/axi_interconnect_0/s00_couplers/auto_ds/inst/gen_downsizer.gen_simple_downsizer.axi_downsizer_inst/USE_WRITE.write_addr_inst/cmd_queue/inst/fifo_gen_inst/inst_fifo_gen/gconvfifo.rf/grf.rf/rstblk/ngwrdrst.grst.g7serrst.gnsckt_wrst.gcc_rst.sckt_wr_rst_cc_reg[1]/C
  -------------------------------------------------------------------    -------------------
    SLICE_X30Y29         FDRE (Prop_FFF_SLICEM_C_Q)
                                                      0.037     1.350 f  top_i/axi_interconnect_0/s00_couplers/auto_ds/inst/gen_downsizer.gen_simple_downsizer.axi_downsizer_inst/USE_WRITE.write_addr_inst/cmd_queue/inst/fifo_gen_inst/inst_fifo_gen/gconvfifo.rf/grf.rf/rstblk/ngwrdrst.grst.g7serrst.gnsckt_wrst.gcc_rst.sckt_wr_rst_cc_reg[1]/Q
                         net (fo=2, routed)           0.028     1.378    top_i/axi_interconnect_0/s00_couplers/auto_ds/inst/gen_downsizer.gen_simple_downsizer.axi_downsizer_inst/USE_WRITE.write_addr_inst/cmd_queue/inst/fifo_gen_inst/inst_fifo_gen/gconvfifo.rf/grf.rf/rstblk/ngwrdrst.grst.g7serrst.gnsckt_wrst.gcc_rst.sckt_wr_rst_cc[1]
    SLICE_X30Y29         LUT3 (Prop_G6LUT_SLICEM_I0_O)
                                                      0.040     1.418 f  top_i/axi_interconnect_0/s00_couplers/auto_ds/inst/gen_downsizer.gen_simple_downsizer.axi_downsizer_inst/USE_WRITE.write_addr_inst/cmd_queue/inst/fifo_gen_inst/inst_fifo_gen/gconvfifo.rf/grf.rf/rstblk/gpregsm1.curr_fwft_state[1]_i_2/O
                         net (fo=32, routed)          0.108     1.526    top_i/axi_interconnect_0/s00_couplers/auto_ds/inst/gen_downsizer.gen_simple_downsizer.axi_downsizer_inst/USE_WRITE.write_addr_inst/cmd_queue/inst/fifo_gen_inst/inst_fifo_gen/gconvfifo.rf/grf.rf/gntv_or_sync_fifo.gl0.rd/rpntr/gc0.count_d1_reg[4]_1
    SLICE_X28Y29         FDCE                                         f  top_i/axi_interconnect_0/s00_couplers/auto_ds/inst/gen_downsizer.gen_simple_downsizer.axi_downsizer_inst/USE_WRITE.write_addr_inst/cmd_queue/inst/fifo_gen_inst/inst_fifo_gen/gconvfifo.rf/grf.rf/gntv_or_sync_fifo.gl0.rd/rpntr/gc0.count_d1_reg[0]/CLR
  -------------------------------------------------------------------    -------------------

                         (clock clk_pl_0 rise edge)
                                                      0.000     0.000 r  
    PS8_X0Y0             PS8                          0.000     0.000 r  top_i/zynq_ps/inst/PS8_i/PLCLK[0]
                         net (fo=1, routed)           0.129     0.129    top_i/zynq_ps/inst/pl_clk_unbuffered[0]
    BUFG_PS_X0Y53        BUFG_PS (Prop_BUFG_PS_I_O)
                                                      0.018     0.147 r  top_i/zynq_ps/inst/buffer_pl_clk_0.PL_CLK_0_BUFG/O
    X2Y3 (CLOCK_ROOT)    net (fo=114764, routed)      1.367     1.514    top_i/axi_interconnect_0/s00_couplers/auto_ds/inst/gen_downsizer.gen_simple_downsizer.axi_downsizer_inst/USE_WRITE.write_addr_inst/cmd_queue/inst/fifo_gen_inst/inst_fifo_gen/gconvfifo.rf/grf.rf/gntv_or_sync_fifo.gl0.rd/rpntr/clk
    SLICE_X28Y29         FDCE                                         r  top_i/axi_interconnect_0/s00_couplers/auto_ds/inst/gen_downsizer.gen_simple_downsizer.axi_downsizer_inst/USE_WRITE.write_addr_inst/cmd_queue/inst/fifo_gen_inst/inst_fifo_gen/gconvfifo.rf/grf.rf/gntv_or_sync_fifo.gl0.rd/rpntr/gc0.count_d1_reg[0]/C
                         clock pessimism             -0.138     1.376    
    SLICE_X28Y29         FDCE (Remov_AFF_SLICEM_C_CLR)
                                                     -0.020     1.356    top_i/axi_interconnect_0/s00_couplers/auto_ds/inst/gen_downsizer.gen_simple_downsizer.axi_downsizer_inst/USE_WRITE.write_addr_inst/cmd_queue/inst/fifo_gen_inst/inst_fifo_gen/gconvfifo.rf/grf.rf/gntv_or_sync_fifo.gl0.rd/rpntr/gc0.count_d1_reg[0]
  -------------------------------------------------------------------
                         required time                         -1.356    
                         arrival time                           1.526    
  -------------------------------------------------------------------
                         slack                                  0.170    

Slack (MET) :             0.170ns  (arrival time - required time)
  Source:                 top_i/axi_interconnect_0/s00_couplers/auto_ds/inst/gen_downsizer.gen_simple_downsizer.axi_downsizer_inst/USE_WRITE.write_addr_inst/cmd_queue/inst/fifo_gen_inst/inst_fifo_gen/gconvfifo.rf/grf.rf/rstblk/ngwrdrst.grst.g7serrst.gnsckt_wrst.gcc_rst.sckt_wr_rst_cc_reg[1]/C
                            (rising edge-triggered cell FDRE clocked by clk_pl_0  {rise@0.000ns fall@5.000ns period=10.000ns})
  Destination:            top_i/axi_interconnect_0/s00_couplers/auto_ds/inst/gen_downsizer.gen_simple_downsizer.axi_downsizer_inst/USE_WRITE.write_addr_inst/cmd_queue/inst/fifo_gen_inst/inst_fifo_gen/gconvfifo.rf/grf.rf/gntv_or_sync_fifo.gl0.rd/rpntr/gc0.count_d1_reg[1]/CLR
                            (removal check against rising-edge clock clk_pl_0  {rise@0.000ns fall@5.000ns period=10.000ns})
  Path Group:             **async_default**
  Path Type:              Removal (Min at Fast Process Corner)
  Requirement:            0.000ns  (clk_pl_0 rise@0.000ns - clk_pl_0 rise@0.000ns)
  Data Path Delay:        0.213ns  (logic 0.077ns (36.123%)  route 0.136ns (63.877%))
  Logic Levels:           1  (LUT3=1)
  Clock Path Skew:        0.063ns (DCD - SCD - CPR)
    Destination Clock Delay (DCD):    1.514ns
    Source Clock Delay      (SCD):    1.313ns
    Clock Pessimism Removal (CPR):    0.138ns
  Clock Net Delay (Source):      1.193ns (routing 0.363ns, distribution 0.830ns)
  Clock Net Delay (Destination): 1.367ns (routing 0.408ns, distribution 0.959ns)

    Location             Delay type                Incr(ns)  Path(ns)    Netlist Resource(s)
  -------------------------------------------------------------------    -------------------
                         (clock clk_pl_0 rise edge)
                                                      0.000     0.000 r  
    PS8_X0Y0             PS8                          0.000     0.000 r  top_i/zynq_ps/inst/PS8_i/PLCLK[0]
                         net (fo=1, routed)           0.103     0.103    top_i/zynq_ps/inst/pl_clk_unbuffered[0]
    BUFG_PS_X0Y53        BUFG_PS (Prop_BUFG_PS_I_O)
                                                      0.017     0.120 r  top_i/zynq_ps/inst/buffer_pl_clk_0.PL_CLK_0_BUFG/O
    X2Y3 (CLOCK_ROOT)    net (fo=114764, routed)      1.193     1.313    top_i/axi_interconnect_0/s00_couplers/auto_ds/inst/gen_downsizer.gen_simple_downsizer.axi_downsizer_inst/USE_WRITE.write_addr_inst/cmd_queue/inst/fifo_gen_inst/inst_fifo_gen/gconvfifo.rf/grf.rf/rstblk/clk
    SLICE_X30Y29         FDRE                                         r  top_i/axi_interconnect_0/s00_couplers/auto_ds/inst/gen_downsizer.gen_simple_downsizer.axi_downsizer_inst/USE_WRITE.write_addr_inst/cmd_queue/inst/fifo_gen_inst/inst_fifo_gen/gconvfifo.rf/grf.rf/rstblk/ngwrdrst.grst.g7serrst.gnsckt_wrst.gcc_rst.sckt_wr_rst_cc_reg[1]/C
  -------------------------------------------------------------------    -------------------
    SLICE_X30Y29         FDRE (Prop_FFF_SLICEM_C_Q)
                                                      0.037     1.350 f  top_i/axi_interconnect_0/s00_couplers/auto_ds/inst/gen_downsizer.gen_simple_downsizer.axi_downsizer_inst/USE_WRITE.write_addr_inst/cmd_queue/inst/fifo_gen_inst/inst_fifo_gen/gconvfifo.rf/grf.rf/rstblk/ngwrdrst.grst.g7serrst.gnsckt_wrst.gcc_rst.sckt_wr_rst_cc_reg[1]/Q
                         net (fo=2, routed)           0.028     1.378    top_i/axi_interconnect_0/s00_couplers/auto_ds/inst/gen_downsizer.gen_simple_downsizer.axi_downsizer_inst/USE_WRITE.write_addr_inst/cmd_queue/inst/fifo_gen_inst/inst_fifo_gen/gconvfifo.rf/grf.rf/rstblk/ngwrdrst.grst.g7serrst.gnsckt_wrst.gcc_rst.sckt_wr_rst_cc[1]
    SLICE_X30Y29         LUT3 (Prop_G6LUT_SLICEM_I0_O)
                                                      0.040     1.418 f  top_i/axi_interconnect_0/s00_couplers/auto_ds/inst/gen_downsizer.gen_simple_downsizer.axi_downsizer_inst/USE_WRITE.write_addr_inst/cmd_queue/inst/fifo_gen_inst/inst_fifo_gen/gconvfifo.rf/grf.rf/rstblk/gpregsm1.curr_fwft_state[1]_i_2/O
                         net (fo=32, routed)          0.108     1.526    top_i/axi_interconnect_0/s00_couplers/auto_ds/inst/gen_downsizer.gen_simple_downsizer.axi_downsizer_inst/USE_WRITE.write_addr_inst/cmd_queue/inst/fifo_gen_inst/inst_fifo_gen/gconvfifo.rf/grf.rf/gntv_or_sync_fifo.gl0.rd/rpntr/gc0.count_d1_reg[4]_1
    SLICE_X28Y29         FDCE                                         f  top_i/axi_interconnect_0/s00_couplers/auto_ds/inst/gen_downsizer.gen_simple_downsizer.axi_downsizer_inst/USE_WRITE.write_addr_inst/cmd_queue/inst/fifo_gen_inst/inst_fifo_gen/gconvfifo.rf/grf.rf/gntv_or_sync_fifo.gl0.rd/rpntr/gc0.count_d1_reg[1]/CLR
  -------------------------------------------------------------------    -------------------

                         (clock clk_pl_0 rise edge)
                                                      0.000     0.000 r  
    PS8_X0Y0             PS8                          0.000     0.000 r  top_i/zynq_ps/inst/PS8_i/PLCLK[0]
                         net (fo=1, routed)           0.129     0.129    top_i/zynq_ps/inst/pl_clk_unbuffered[0]
    BUFG_PS_X0Y53        BUFG_PS (Prop_BUFG_PS_I_O)
                                                      0.018     0.147 r  top_i/zynq_ps/inst/buffer_pl_clk_0.PL_CLK_0_BUFG/O
    X2Y3 (CLOCK_ROOT)    net (fo=114764, routed)      1.367     1.514    top_i/axi_interconnect_0/s00_couplers/auto_ds/inst/gen_downsizer.gen_simple_downsizer.axi_downsizer_inst/USE_WRITE.write_addr_inst/cmd_queue/inst/fifo_gen_inst/inst_fifo_gen/gconvfifo.rf/grf.rf/gntv_or_sync_fifo.gl0.rd/rpntr/clk
    SLICE_X28Y29         FDCE                                         r  top_i/axi_interconnect_0/s00_couplers/auto_ds/inst/gen_downsizer.gen_simple_downsizer.axi_downsizer_inst/USE_WRITE.write_addr_inst/cmd_queue/inst/fifo_gen_inst/inst_fifo_gen/gconvfifo.rf/grf.rf/gntv_or_sync_fifo.gl0.rd/rpntr/gc0.count_d1_reg[1]/C
                         clock pessimism             -0.138     1.376    
    SLICE_X28Y29         FDCE (Remov_AFF2_SLICEM_C_CLR)
                                                     -0.020     1.356    top_i/axi_interconnect_0/s00_couplers/auto_ds/inst/gen_downsizer.gen_simple_downsizer.axi_downsizer_inst/USE_WRITE.write_addr_inst/cmd_queue/inst/fifo_gen_inst/inst_fifo_gen/gconvfifo.rf/grf.rf/gntv_or_sync_fifo.gl0.rd/rpntr/gc0.count_d1_reg[1]
  -------------------------------------------------------------------
                         required time                         -1.356    
                         arrival time                           1.526    
  -------------------------------------------------------------------
                         slack                                  0.170    

Slack (MET) :             0.170ns  (arrival time - required time)
  Source:                 top_i/axi_interconnect_0/s00_couplers/auto_ds/inst/gen_downsizer.gen_simple_downsizer.axi_downsizer_inst/USE_WRITE.write_addr_inst/cmd_queue/inst/fifo_gen_inst/inst_fifo_gen/gconvfifo.rf/grf.rf/rstblk/ngwrdrst.grst.g7serrst.gnsckt_wrst.gcc_rst.sckt_wr_rst_cc_reg[1]/C
                            (rising edge-triggered cell FDRE clocked by clk_pl_0  {rise@0.000ns fall@5.000ns period=10.000ns})
  Destination:            top_i/axi_interconnect_0/s00_couplers/auto_ds/inst/gen_downsizer.gen_simple_downsizer.axi_downsizer_inst/USE_WRITE.write_addr_inst/cmd_queue/inst/fifo_gen_inst/inst_fifo_gen/gconvfifo.rf/grf.rf/gntv_or_sync_fifo.gl0.rd/rpntr/gc0.count_reg[0]/PRE
                            (removal check against rising-edge clock clk_pl_0  {rise@0.000ns fall@5.000ns period=10.000ns})
  Path Group:             **async_default**
  Path Type:              Removal (Min at Fast Process Corner)
  Requirement:            0.000ns  (clk_pl_0 rise@0.000ns - clk_pl_0 rise@0.000ns)
  Data Path Delay:        0.213ns  (logic 0.077ns (36.123%)  route 0.136ns (63.877%))
  Logic Levels:           1  (LUT3=1)
  Clock Path Skew:        0.063ns (DCD - SCD - CPR)
    Destination Clock Delay (DCD):    1.514ns
    Source Clock Delay      (SCD):    1.313ns
    Clock Pessimism Removal (CPR):    0.138ns
  Clock Net Delay (Source):      1.193ns (routing 0.363ns, distribution 0.830ns)
  Clock Net Delay (Destination): 1.367ns (routing 0.408ns, distribution 0.959ns)

    Location             Delay type                Incr(ns)  Path(ns)    Netlist Resource(s)
  -------------------------------------------------------------------    -------------------
                         (clock clk_pl_0 rise edge)
                                                      0.000     0.000 r  
    PS8_X0Y0             PS8                          0.000     0.000 r  top_i/zynq_ps/inst/PS8_i/PLCLK[0]
                         net (fo=1, routed)           0.103     0.103    top_i/zynq_ps/inst/pl_clk_unbuffered[0]
    BUFG_PS_X0Y53        BUFG_PS (Prop_BUFG_PS_I_O)
                                                      0.017     0.120 r  top_i/zynq_ps/inst/buffer_pl_clk_0.PL_CLK_0_BUFG/O
    X2Y3 (CLOCK_ROOT)    net (fo=114764, routed)      1.193     1.313    top_i/axi_interconnect_0/s00_couplers/auto_ds/inst/gen_downsizer.gen_simple_downsizer.axi_downsizer_inst/USE_WRITE.write_addr_inst/cmd_queue/inst/fifo_gen_inst/inst_fifo_gen/gconvfifo.rf/grf.rf/rstblk/clk
    SLICE_X30Y29         FDRE                                         r  top_i/axi_interconnect_0/s00_couplers/auto_ds/inst/gen_downsizer.gen_simple_downsizer.axi_downsizer_inst/USE_WRITE.write_addr_inst/cmd_queue/inst/fifo_gen_inst/inst_fifo_gen/gconvfifo.rf/grf.rf/rstblk/ngwrdrst.grst.g7serrst.gnsckt_wrst.gcc_rst.sckt_wr_rst_cc_reg[1]/C
  -------------------------------------------------------------------    -------------------
    SLICE_X30Y29         FDRE (Prop_FFF_SLICEM_C_Q)
                                                      0.037     1.350 f  top_i/axi_interconnect_0/s00_couplers/auto_ds/inst/gen_downsizer.gen_simple_downsizer.axi_downsizer_inst/USE_WRITE.write_addr_inst/cmd_queue/inst/fifo_gen_inst/inst_fifo_gen/gconvfifo.rf/grf.rf/rstblk/ngwrdrst.grst.g7serrst.gnsckt_wrst.gcc_rst.sckt_wr_rst_cc_reg[1]/Q
                         net (fo=2, routed)           0.028     1.378    top_i/axi_interconnect_0/s00_couplers/auto_ds/inst/gen_downsizer.gen_simple_downsizer.axi_downsizer_inst/USE_WRITE.write_addr_inst/cmd_queue/inst/fifo_gen_inst/inst_fifo_gen/gconvfifo.rf/grf.rf/rstblk/ngwrdrst.grst.g7serrst.gnsckt_wrst.gcc_rst.sckt_wr_rst_cc[1]
    SLICE_X30Y29         LUT3 (Prop_G6LUT_SLICEM_I0_O)
                                                      0.040     1.418 f  top_i/axi_interconnect_0/s00_couplers/auto_ds/inst/gen_downsizer.gen_simple_downsizer.axi_downsizer_inst/USE_WRITE.write_addr_inst/cmd_queue/inst/fifo_gen_inst/inst_fifo_gen/gconvfifo.rf/grf.rf/rstblk/gpregsm1.curr_fwft_state[1]_i_2/O
                         net (fo=32, routed)          0.108     1.526    top_i/axi_interconnect_0/s00_couplers/auto_ds/inst/gen_downsizer.gen_simple_downsizer.axi_downsizer_inst/USE_WRITE.write_addr_inst/cmd_queue/inst/fifo_gen_inst/inst_fifo_gen/gconvfifo.rf/grf.rf/gntv_or_sync_fifo.gl0.rd/rpntr/gc0.count_d1_reg[4]_1
    SLICE_X28Y29         FDPE                                         f  top_i/axi_interconnect_0/s00_couplers/auto_ds/inst/gen_downsizer.gen_simple_downsizer.axi_downsizer_inst/USE_WRITE.write_addr_inst/cmd_queue/inst/fifo_gen_inst/inst_fifo_gen/gconvfifo.rf/grf.rf/gntv_or_sync_fifo.gl0.rd/rpntr/gc0.count_reg[0]/PRE
  -------------------------------------------------------------------    -------------------

                         (clock clk_pl_0 rise edge)
                                                      0.000     0.000 r  
    PS8_X0Y0             PS8                          0.000     0.000 r  top_i/zynq_ps/inst/PS8_i/PLCLK[0]
                         net (fo=1, routed)           0.129     0.129    top_i/zynq_ps/inst/pl_clk_unbuffered[0]
    BUFG_PS_X0Y53        BUFG_PS (Prop_BUFG_PS_I_O)
                                                      0.018     0.147 r  top_i/zynq_ps/inst/buffer_pl_clk_0.PL_CLK_0_BUFG/O
    X2Y3 (CLOCK_ROOT)    net (fo=114764, routed)      1.367     1.514    top_i/axi_interconnect_0/s00_couplers/auto_ds/inst/gen_downsizer.gen_simple_downsizer.axi_downsizer_inst/USE_WRITE.write_addr_inst/cmd_queue/inst/fifo_gen_inst/inst_fifo_gen/gconvfifo.rf/grf.rf/gntv_or_sync_fifo.gl0.rd/rpntr/clk
    SLICE_X28Y29         FDPE                                         r  top_i/axi_interconnect_0/s00_couplers/auto_ds/inst/gen_downsizer.gen_simple_downsizer.axi_downsizer_inst/USE_WRITE.write_addr_inst/cmd_queue/inst/fifo_gen_inst/inst_fifo_gen/gconvfifo.rf/grf.rf/gntv_or_sync_fifo.gl0.rd/rpntr/gc0.count_reg[0]/C
                         clock pessimism             -0.138     1.376    
    SLICE_X28Y29         FDPE (Remov_DFF2_SLICEM_C_PRE)
                                                     -0.020     1.356    top_i/axi_interconnect_0/s00_couplers/auto_ds/inst/gen_downsizer.gen_simple_downsizer.axi_downsizer_inst/USE_WRITE.write_addr_inst/cmd_queue/inst/fifo_gen_inst/inst_fifo_gen/gconvfifo.rf/grf.rf/gntv_or_sync_fifo.gl0.rd/rpntr/gc0.count_reg[0]
  -------------------------------------------------------------------
                         required time                         -1.356    
                         arrival time                           1.526    
  -------------------------------------------------------------------
                         slack                                  0.170    

Slack (MET) :             0.171ns  (arrival time - required time)
  Source:                 top_i/axi_interconnect_0/s00_couplers/auto_ds/inst/gen_downsizer.gen_simple_downsizer.axi_downsizer_inst/USE_WRITE.write_addr_inst/cmd_queue/inst/fifo_gen_inst/inst_fifo_gen/gconvfifo.rf/grf.rf/rstblk/ngwrdrst.grst.g7serrst.gnsckt_wrst.gcc_rst.sckt_wr_rst_cc_reg[1]/C
                            (rising edge-triggered cell FDRE clocked by clk_pl_0  {rise@0.000ns fall@5.000ns period=10.000ns})
  Destination:            top_i/axi_interconnect_0/s00_couplers/auto_ds/inst/gen_downsizer.gen_simple_downsizer.axi_downsizer_inst/USE_WRITE.write_addr_inst/cmd_queue/inst/fifo_gen_inst/inst_fifo_gen/gconvfifo.rf/grf.rf/gntv_or_sync_fifo.gl0.wr/wpntr/gcc0.gc0.count_d1_reg[1]/CLR
                            (removal check against rising-edge clock clk_pl_0  {rise@0.000ns fall@5.000ns period=10.000ns})
  Path Group:             **async_default**
  Path Type:              Removal (Min at Fast Process Corner)
  Requirement:            0.000ns  (clk_pl_0 rise@0.000ns - clk_pl_0 rise@0.000ns)
  Data Path Delay:        0.206ns  (logic 0.077ns (37.350%)  route 0.129ns (62.650%))
  Logic Levels:           1  (LUT3=1)
  Clock Path Skew:        0.055ns (DCD - SCD - CPR)
    Destination Clock Delay (DCD):    1.506ns
    Source Clock Delay      (SCD):    1.313ns
    Clock Pessimism Removal (CPR):    0.138ns
  Clock Net Delay (Source):      1.193ns (routing 0.363ns, distribution 0.830ns)
  Clock Net Delay (Destination): 1.359ns (routing 0.408ns, distribution 0.951ns)

    Location             Delay type                Incr(ns)  Path(ns)    Netlist Resource(s)
  -------------------------------------------------------------------    -------------------
                         (clock clk_pl_0 rise edge)
                                                      0.000     0.000 r  
    PS8_X0Y0             PS8                          0.000     0.000 r  top_i/zynq_ps/inst/PS8_i/PLCLK[0]
                         net (fo=1, routed)           0.103     0.103    top_i/zynq_ps/inst/pl_clk_unbuffered[0]
    BUFG_PS_X0Y53        BUFG_PS (Prop_BUFG_PS_I_O)
                                                      0.017     0.120 r  top_i/zynq_ps/inst/buffer_pl_clk_0.PL_CLK_0_BUFG/O
    X2Y3 (CLOCK_ROOT)    net (fo=114764, routed)      1.193     1.313    top_i/axi_interconnect_0/s00_couplers/auto_ds/inst/gen_downsizer.gen_simple_downsizer.axi_downsizer_inst/USE_WRITE.write_addr_inst/cmd_queue/inst/fifo_gen_inst/inst_fifo_gen/gconvfifo.rf/grf.rf/rstblk/clk
    SLICE_X30Y29         FDRE                                         r  top_i/axi_interconnect_0/s00_couplers/auto_ds/inst/gen_downsizer.gen_simple_downsizer.axi_downsizer_inst/USE_WRITE.write_addr_inst/cmd_queue/inst/fifo_gen_inst/inst_fifo_gen/gconvfifo.rf/grf.rf/rstblk/ngwrdrst.grst.g7serrst.gnsckt_wrst.gcc_rst.sckt_wr_rst_cc_reg[1]/C
  -------------------------------------------------------------------    -------------------
    SLICE_X30Y29         FDRE (Prop_FFF_SLICEM_C_Q)
                                                      0.037     1.350 f  top_i/axi_interconnect_0/s00_couplers/auto_ds/inst/gen_downsizer.gen_simple_downsizer.axi_downsizer_inst/USE_WRITE.write_addr_inst/cmd_queue/inst/fifo_gen_inst/inst_fifo_gen/gconvfifo.rf/grf.rf/rstblk/ngwrdrst.grst.g7serrst.gnsckt_wrst.gcc_rst.sckt_wr_rst_cc_reg[1]/Q
                         net (fo=2, routed)           0.028     1.378    top_i/axi_interconnect_0/s00_couplers/auto_ds/inst/gen_downsizer.gen_simple_downsizer.axi_downsizer_inst/USE_WRITE.write_addr_inst/cmd_queue/inst/fifo_gen_inst/inst_fifo_gen/gconvfifo.rf/grf.rf/rstblk/ngwrdrst.grst.g7serrst.gnsckt_wrst.gcc_rst.sckt_wr_rst_cc[1]
    SLICE_X30Y29         LUT3 (Prop_G6LUT_SLICEM_I0_O)
                                                      0.040     1.418 f  top_i/axi_interconnect_0/s00_couplers/auto_ds/inst/gen_downsizer.gen_simple_downsizer.axi_downsizer_inst/USE_WRITE.write_addr_inst/cmd_queue/inst/fifo_gen_inst/inst_fifo_gen/gconvfifo.rf/grf.rf/rstblk/gpregsm1.curr_fwft_state[1]_i_2/O
                         net (fo=32, routed)          0.101     1.519    top_i/axi_interconnect_0/s00_couplers/auto_ds/inst/gen_downsizer.gen_simple_downsizer.axi_downsizer_inst/USE_WRITE.write_addr_inst/cmd_queue/inst/fifo_gen_inst/inst_fifo_gen/gconvfifo.rf/grf.rf/gntv_or_sync_fifo.gl0.wr/wpntr/AR[0]
    SLICE_X29Y29         FDCE                                         f  top_i/axi_interconnect_0/s00_couplers/auto_ds/inst/gen_downsizer.gen_simple_downsizer.axi_downsizer_inst/USE_WRITE.write_addr_inst/cmd_queue/inst/fifo_gen_inst/inst_fifo_gen/gconvfifo.rf/grf.rf/gntv_or_sync_fifo.gl0.wr/wpntr/gcc0.gc0.count_d1_reg[1]/CLR
  -------------------------------------------------------------------    -------------------

                         (clock clk_pl_0 rise edge)
                                                      0.000     0.000 r  
    PS8_X0Y0             PS8                          0.000     0.000 r  top_i/zynq_ps/inst/PS8_i/PLCLK[0]
                         net (fo=1, routed)           0.129     0.129    top_i/zynq_ps/inst/pl_clk_unbuffered[0]
    BUFG_PS_X0Y53        BUFG_PS (Prop_BUFG_PS_I_O)
                                                      0.018     0.147 r  top_i/zynq_ps/inst/buffer_pl_clk_0.PL_CLK_0_BUFG/O
    X2Y3 (CLOCK_ROOT)    net (fo=114764, routed)      1.359     1.506    top_i/axi_interconnect_0/s00_couplers/auto_ds/inst/gen_downsizer.gen_simple_downsizer.axi_downsizer_inst/USE_WRITE.write_addr_inst/cmd_queue/inst/fifo_gen_inst/inst_fifo_gen/gconvfifo.rf/grf.rf/gntv_or_sync_fifo.gl0.wr/wpntr/clk
    SLICE_X29Y29         FDCE                                         r  top_i/axi_interconnect_0/s00_couplers/auto_ds/inst/gen_downsizer.gen_simple_downsizer.axi_downsizer_inst/USE_WRITE.write_addr_inst/cmd_queue/inst/fifo_gen_inst/inst_fifo_gen/gconvfifo.rf/grf.rf/gntv_or_sync_fifo.gl0.wr/wpntr/gcc0.gc0.count_d1_reg[1]/C
                         clock pessimism             -0.138     1.368    
    SLICE_X29Y29         FDCE (Remov_AFF_SLICEL_C_CLR)
                                                     -0.020     1.348    top_i/axi_interconnect_0/s00_couplers/auto_ds/inst/gen_downsizer.gen_simple_downsizer.axi_downsizer_inst/USE_WRITE.write_addr_inst/cmd_queue/inst/fifo_gen_inst/inst_fifo_gen/gconvfifo.rf/grf.rf/gntv_or_sync_fifo.gl0.wr/wpntr/gcc0.gc0.count_d1_reg[1]
  -------------------------------------------------------------------
                         required time                         -1.348    
                         arrival time                           1.519    
  -------------------------------------------------------------------
                         slack                                  0.171    





--------------------------------------------------------------------------------------
Path Group:  (none)
From Clock:  
  To Clock:  clk_pl_0

Max Delay             1 Endpoint
Min Delay             1 Endpoint
--------------------------------------------------------------------------------------


Max Delay Paths
--------------------------------------------------------------------------------------
Slack:                    inf
  Source:                 top_i/zynq_ps/inst/PS8_i/EMIOGPIOO[95]
                            (internal pin)
  Destination:            top_i/rst_zynq_ps_99M/U0/EXT_LPF/ACTIVE_LOW_EXT.ACT_LO_EXT/GENERATE_LEVEL_P_S_CDC.SINGLE_BIT.CROSS_PLEVEL_IN2SCNDRY_IN_cdc_to/D
                            (rising edge-triggered cell FDRE clocked by clk_pl_0  {rise@0.000ns fall@5.000ns period=10.000ns})
  Path Group:             (none)
  Path Type:              Setup (Max at Slow Process Corner)
  Data Path Delay:        1.110ns  (logic 0.039ns (3.514%)  route 1.071ns (96.486%))
  Logic Levels:           1  (LUT1=1)
  Clock Uncertainty:      0.127ns  ((TSJ^2 + DJ^2)^1/2) / 2 + PE
    Total System Jitter     (TSJ):    0.050ns
    Discrete Jitter          (DJ):    0.250ns
    Phase Error              (PE):    0.000ns
  Clock Net Delay (Destination): 1.827ns (routing 0.606ns, distribution 1.221ns)
  Timing Exception:       False Path

    Location             Delay type                Incr(ns)  Path(ns)    Netlist Resource(s)
  -------------------------------------------------------------------    -------------------
    PS8_X0Y0             PS8                          0.000     0.000 f  top_i/zynq_ps/inst/PS8_i/EMIOGPIOO[95]
                         net (fo=1, routed)           0.787     0.787    top_i/rst_zynq_ps_99M/U0/EXT_LPF/ACTIVE_LOW_EXT.ACT_LO_EXT/ext_reset_in
    SLICE_X42Y177        LUT1 (Prop_H6LUT_SLICEM_I0_O)
                                                      0.039     0.826 r  top_i/rst_zynq_ps_99M/U0/EXT_LPF/ACTIVE_LOW_EXT.ACT_LO_EXT/GENERATE_LEVEL_P_S_CDC.SINGLE_BIT.CROSS_PLEVEL_IN2SCNDRY_IN_cdc_to_i_1/O
                         net (fo=1, routed)           0.284     1.110    top_i/rst_zynq_ps_99M/U0/EXT_LPF/ACTIVE_LOW_EXT.ACT_LO_EXT/exr_d1
    SLICE_X42Y177        FDRE                                         r  top_i/rst_zynq_ps_99M/U0/EXT_LPF/ACTIVE_LOW_EXT.ACT_LO_EXT/GENERATE_LEVEL_P_S_CDC.SINGLE_BIT.CROSS_PLEVEL_IN2SCNDRY_IN_cdc_to/D
  -------------------------------------------------------------------    -------------------

                         (clock clk_pl_0 rise edge)
                                                      0.000     0.000 r  
    PS8_X0Y0             PS8                          0.000     0.000 r  top_i/zynq_ps/inst/PS8_i/PLCLK[0]
                         net (fo=1, routed)           0.157     0.157    top_i/zynq_ps/inst/pl_clk_unbuffered[0]
    BUFG_PS_X0Y53        BUFG_PS (Prop_BUFG_PS_I_O)
                                                      0.025     0.182 r  top_i/zynq_ps/inst/buffer_pl_clk_0.PL_CLK_0_BUFG/O
    X2Y3 (CLOCK_ROOT)    net (fo=114764, routed)      1.827     2.009    top_i/rst_zynq_ps_99M/U0/EXT_LPF/ACTIVE_LOW_EXT.ACT_LO_EXT/slowest_sync_clk
    SLICE_X42Y177        FDRE                                         r  top_i/rst_zynq_ps_99M/U0/EXT_LPF/ACTIVE_LOW_EXT.ACT_LO_EXT/GENERATE_LEVEL_P_S_CDC.SINGLE_BIT.CROSS_PLEVEL_IN2SCNDRY_IN_cdc_to/C





Min Delay Paths
--------------------------------------------------------------------------------------
Slack:                    inf
  Source:                 top_i/zynq_ps/inst/PS8_i/EMIOGPIOO[95]
                            (internal pin)
  Destination:            top_i/rst_zynq_ps_99M/U0/EXT_LPF/ACTIVE_LOW_EXT.ACT_LO_EXT/GENERATE_LEVEL_P_S_CDC.SINGLE_BIT.CROSS_PLEVEL_IN2SCNDRY_IN_cdc_to/D
                            (rising edge-triggered cell FDRE clocked by clk_pl_0  {rise@0.000ns fall@5.000ns period=10.000ns})
  Path Group:             (none)
  Path Type:              Hold (Min at Fast Process Corner)
  Data Path Delay:        0.503ns  (logic 0.015ns (2.982%)  route 0.488ns (97.018%))
  Logic Levels:           1  (LUT1=1)
  Clock Uncertainty:      0.127ns  ((TSJ^2 + DJ^2)^1/2) / 2 + PE
    Total System Jitter     (TSJ):    0.050ns
    Discrete Jitter          (DJ):    0.250ns
    Phase Error              (PE):    0.000ns
  Clock Net Delay (Destination): 1.272ns (routing 0.408ns, distribution 0.864ns)
  Timing Exception:       False Path

    Location             Delay type                Incr(ns)  Path(ns)    Netlist Resource(s)
  -------------------------------------------------------------------    -------------------
    PS8_X0Y0             PS8                          0.000     0.000 f  top_i/zynq_ps/inst/PS8_i/EMIOGPIOO[95]
                         net (fo=1, routed)           0.373     0.373    top_i/rst_zynq_ps_99M/U0/EXT_LPF/ACTIVE_LOW_EXT.ACT_LO_EXT/ext_reset_in
    SLICE_X42Y177        LUT1 (Prop_H6LUT_SLICEM_I0_O)
                                                      0.015     0.388 r  top_i/rst_zynq_ps_99M/U0/EXT_LPF/ACTIVE_LOW_EXT.ACT_LO_EXT/GENERATE_LEVEL_P_S_CDC.SINGLE_BIT.CROSS_PLEVEL_IN2SCNDRY_IN_cdc_to_i_1/O
                         net (fo=1, routed)           0.115     0.503    top_i/rst_zynq_ps_99M/U0/EXT_LPF/ACTIVE_LOW_EXT.ACT_LO_EXT/exr_d1
    SLICE_X42Y177        FDRE                                         r  top_i/rst_zynq_ps_99M/U0/EXT_LPF/ACTIVE_LOW_EXT.ACT_LO_EXT/GENERATE_LEVEL_P_S_CDC.SINGLE_BIT.CROSS_PLEVEL_IN2SCNDRY_IN_cdc_to/D
  -------------------------------------------------------------------    -------------------

                         (clock clk_pl_0 rise edge)
                                                      0.000     0.000 r  
    PS8_X0Y0             PS8                          0.000     0.000 r  top_i/zynq_ps/inst/PS8_i/PLCLK[0]
                         net (fo=1, routed)           0.129     0.129    top_i/zynq_ps/inst/pl_clk_unbuffered[0]
    BUFG_PS_X0Y53        BUFG_PS (Prop_BUFG_PS_I_O)
                                                      0.018     0.147 r  top_i/zynq_ps/inst/buffer_pl_clk_0.PL_CLK_0_BUFG/O
    X2Y3 (CLOCK_ROOT)    net (fo=114764, routed)      1.272     1.419    top_i/rst_zynq_ps_99M/U0/EXT_LPF/ACTIVE_LOW_EXT.ACT_LO_EXT/slowest_sync_clk
    SLICE_X42Y177        FDRE                                         r  top_i/rst_zynq_ps_99M/U0/EXT_LPF/ACTIVE_LOW_EXT.ACT_LO_EXT/GENERATE_LEVEL_P_S_CDC.SINGLE_BIT.CROSS_PLEVEL_IN2SCNDRY_IN_cdc_to/C





--------------------------------------------------------------------------------------
Path Group:  (none)
From Clock:  clk_pl_0
  To Clock:  clk_pl_0

Max Delay            11 Endpoints
Min Delay            11 Endpoints
--------------------------------------------------------------------------------------


Max Delay Paths
--------------------------------------------------------------------------------------
Slack:                    inf
  Source:                 top_i/rst_zynq_ps_99M/U0/ACTIVE_LOW_PR_OUT_DFF[0].FDRE_PER_N_lopt_replica/C
                            (rising edge-triggered cell FDRE clocked by clk_pl_0  {rise@0.000ns fall@5.000ns period=10.000ns})
  Destination:            top_i/StreamingDataflowPartition_0/inst/StreamingDataflowPartition_0_StreamingFIFO_rtl_13/fifo/inst/gen_fifo.xpm_fifo_axis_inst/gaxis_rst_sync.xpm_cdc_sync_rst_inst/syncstages_ff_reg[0]/D
                            (rising edge-triggered cell FDRE clocked by clk_pl_0  {rise@0.000ns fall@5.000ns period=10.000ns})
  Path Group:             (none)
  Path Type:              Setup (Max at Slow Process Corner)
  Data Path Delay:        2.957ns  (logic 0.227ns (7.677%)  route 2.730ns (92.323%))
  Logic Levels:           2  (BUFGCE=1 LUT1=1)
  Clock Path Skew:        -0.180ns (DCD - SCD + CPR)
    Destination Clock Delay (DCD):    2.206ns
    Source Clock Delay      (SCD):    2.386ns
    Clock Pessimism Removal (CPR):    0.000ns
  Clock Uncertainty:      0.130ns  ((TSJ^2 + DJ^2)^1/2) / 2 + PE
    Total System Jitter     (TSJ):    0.071ns
    Discrete Jitter          (DJ):    0.250ns
    Phase Error              (PE):    0.000ns
  Clock Net Delay (Source):      2.160ns (routing 0.670ns, distribution 1.490ns)
  Clock Net Delay (Destination): 2.024ns (routing 0.606ns, distribution 1.418ns)
  Timing Exception:       False Path

    Location             Delay type                Incr(ns)  Path(ns)    Netlist Resource(s)
  -------------------------------------------------------------------    -------------------
                         (clock clk_pl_0 rise edge)
                                                      0.000     0.000 r  
    PS8_X0Y0             PS8                          0.000     0.000 r  top_i/zynq_ps/inst/PS8_i/PLCLK[0]
                         net (fo=1, routed)           0.198     0.198    top_i/zynq_ps/inst/pl_clk_unbuffered[0]
    BUFG_PS_X0Y53        BUFG_PS (Prop_BUFG_PS_I_O)
                                                      0.028     0.226 r  top_i/zynq_ps/inst/buffer_pl_clk_0.PL_CLK_0_BUFG/O
    X2Y3 (CLOCK_ROOT)    net (fo=114764, routed)      2.160     2.386    top_i/rst_zynq_ps_99M/U0/slowest_sync_clk
    SLICE_X76Y199        FDRE                                         r  top_i/rst_zynq_ps_99M/U0/ACTIVE_LOW_PR_OUT_DFF[0].FDRE_PER_N_lopt_replica/C
  -------------------------------------------------------------------    -------------------
    SLICE_X76Y199        FDRE (Prop_EFF_SLICEM_C_Q)
                                                      0.076     2.462 f  top_i/rst_zynq_ps_99M/U0/ACTIVE_LOW_PR_OUT_DFF[0].FDRE_PER_N_lopt_replica/Q
                         net (fo=1, routed)           0.909     3.371    top_i/rst_zynq_ps_99M/U0/Q_replN
    BUFGCE_X0Y72         BUFGCE (Prop_BUFCE_BUFGCE_I_O)
                                                      0.028     3.399 f  top_i/rst_zynq_ps_99M/U0/peripheral_aresetn[0]_BUFG_inst/O
                         net (fo=29351, routed)       1.456     4.855    top_i/StreamingDataflowPartition_0/inst/StreamingDataflowPartition_0_StreamingFIFO_rtl_13/fifo/inst/gen_fifo.xpm_fifo_axis_inst/s_aresetn
    SLICE_X76Y414        LUT1 (Prop_G6LUT_SLICEM_I0_O)
                                                      0.123     4.978 r  top_i/StreamingDataflowPartition_0/inst/StreamingDataflowPartition_0_StreamingFIFO_rtl_13/fifo/inst/gen_fifo.xpm_fifo_axis_inst/gaxis_rst_sync.xpm_cdc_sync_rst_inst_i_1/O
                         net (fo=1, routed)           0.365     5.343    top_i/StreamingDataflowPartition_0/inst/StreamingDataflowPartition_0_StreamingFIFO_rtl_13/fifo/inst/gen_fifo.xpm_fifo_axis_inst/gaxis_rst_sync.xpm_cdc_sync_rst_inst/src_rst
    SLICE_X76Y414        FDRE                                         r  top_i/StreamingDataflowPartition_0/inst/StreamingDataflowPartition_0_StreamingFIFO_rtl_13/fifo/inst/gen_fifo.xpm_fifo_axis_inst/gaxis_rst_sync.xpm_cdc_sync_rst_inst/syncstages_ff_reg[0]/D
  -------------------------------------------------------------------    -------------------

                         (clock clk_pl_0 rise edge)
                                                      0.000     0.000 r  
    PS8_X0Y0             PS8                          0.000     0.000 r  top_i/zynq_ps/inst/PS8_i/PLCLK[0]
                         net (fo=1, routed)           0.157     0.157    top_i/zynq_ps/inst/pl_clk_unbuffered[0]
    BUFG_PS_X0Y53        BUFG_PS (Prop_BUFG_PS_I_O)
                                                      0.025     0.182 r  top_i/zynq_ps/inst/buffer_pl_clk_0.PL_CLK_0_BUFG/O
    X2Y3 (CLOCK_ROOT)    net (fo=114764, routed)      2.024     2.206    top_i/StreamingDataflowPartition_0/inst/StreamingDataflowPartition_0_StreamingFIFO_rtl_13/fifo/inst/gen_fifo.xpm_fifo_axis_inst/gaxis_rst_sync.xpm_cdc_sync_rst_inst/dest_clk
    SLICE_X76Y414        FDRE                                         r  top_i/StreamingDataflowPartition_0/inst/StreamingDataflowPartition_0_StreamingFIFO_rtl_13/fifo/inst/gen_fifo.xpm_fifo_axis_inst/gaxis_rst_sync.xpm_cdc_sync_rst_inst/syncstages_ff_reg[0]/C

Slack:                    inf
  Source:                 top_i/rst_zynq_ps_99M/U0/ACTIVE_LOW_PR_OUT_DFF[0].FDRE_PER_N_lopt_replica/C
                            (rising edge-triggered cell FDRE clocked by clk_pl_0  {rise@0.000ns fall@5.000ns period=10.000ns})
  Destination:            top_i/axi_interconnect_0/s00_couplers/auto_ds/inst/gen_downsizer.gen_simple_downsizer.axi_downsizer_inst/USE_READ.read_addr_inst/cmd_queue/inst/fifo_gen_inst/inst_fifo_gen/gconvfifo.rf/grf.rf/rstblk/ngwrdrst.grst.g7serrst.gnsckt_wrst.rst_wr_reg2_inst/arststages_ff_reg[0]/PRE
                            (recovery check against rising-edge clock clk_pl_0  {rise@0.000ns fall@5.000ns period=10.000ns})
  Path Group:             (none)
  Path Type:              Recovery (Max at Slow Process Corner)
  Data Path Delay:        2.768ns  (logic 0.104ns (3.757%)  route 2.664ns (96.243%))
  Logic Levels:           1  (BUFGCE=1)
  Clock Path Skew:        -0.259ns (DCD - SCD + CPR)
    Destination Clock Delay (DCD):    2.127ns
    Source Clock Delay      (SCD):    2.386ns
    Clock Pessimism Removal (CPR):    0.000ns
  Clock Uncertainty:      0.130ns  ((TSJ^2 + DJ^2)^1/2) / 2 + PE
    Total System Jitter     (TSJ):    0.071ns
    Discrete Jitter          (DJ):    0.250ns
    Phase Error              (PE):    0.000ns
  Clock Net Delay (Source):      2.160ns (routing 0.670ns, distribution 1.490ns)
  Clock Net Delay (Destination): 1.945ns (routing 0.606ns, distribution 1.339ns)
  Timing Exception:       False Path

    Location             Delay type                Incr(ns)  Path(ns)    Netlist Resource(s)
  -------------------------------------------------------------------    -------------------
                         (clock clk_pl_0 rise edge)
                                                      0.000     0.000 r  
    PS8_X0Y0             PS8                          0.000     0.000 r  top_i/zynq_ps/inst/PS8_i/PLCLK[0]
                         net (fo=1, routed)           0.198     0.198    top_i/zynq_ps/inst/pl_clk_unbuffered[0]
    BUFG_PS_X0Y53        BUFG_PS (Prop_BUFG_PS_I_O)
                                                      0.028     0.226 r  top_i/zynq_ps/inst/buffer_pl_clk_0.PL_CLK_0_BUFG/O
    X2Y3 (CLOCK_ROOT)    net (fo=114764, routed)      2.160     2.386    top_i/rst_zynq_ps_99M/U0/slowest_sync_clk
    SLICE_X76Y199        FDRE                                         r  top_i/rst_zynq_ps_99M/U0/ACTIVE_LOW_PR_OUT_DFF[0].FDRE_PER_N_lopt_replica/C
  -------------------------------------------------------------------    -------------------
    SLICE_X76Y199        FDRE (Prop_EFF_SLICEM_C_Q)
                                                      0.076     2.462 r  top_i/rst_zynq_ps_99M/U0/ACTIVE_LOW_PR_OUT_DFF[0].FDRE_PER_N_lopt_replica/Q
                         net (fo=1, routed)           0.909     3.371    top_i/rst_zynq_ps_99M/U0/Q_replN
    BUFGCE_X0Y72         BUFGCE (Prop_BUFCE_BUFGCE_I_O)
                                                      0.028     3.399 r  top_i/rst_zynq_ps_99M/U0/peripheral_aresetn[0]_BUFG_inst/O
                         net (fo=29351, routed)       1.755     5.154    top_i/axi_interconnect_0/s00_couplers/auto_ds/inst/gen_downsizer.gen_simple_downsizer.axi_downsizer_inst/USE_READ.read_addr_inst/cmd_queue/inst/fifo_gen_inst/inst_fifo_gen/gconvfifo.rf/grf.rf/rstblk/ngwrdrst.grst.g7serrst.gnsckt_wrst.rst_wr_reg2_inst/src_arst
    SLICE_X25Y50         FDPE                                         f  top_i/axi_interconnect_0/s00_couplers/auto_ds/inst/gen_downsizer.gen_simple_downsizer.axi_downsizer_inst/USE_READ.read_addr_inst/cmd_queue/inst/fifo_gen_inst/inst_fifo_gen/gconvfifo.rf/grf.rf/rstblk/ngwrdrst.grst.g7serrst.gnsckt_wrst.rst_wr_reg2_inst/arststages_ff_reg[0]/PRE  (IS_INVERTED)
  -------------------------------------------------------------------    -------------------

                         (clock clk_pl_0 rise edge)
                                                      0.000     0.000 r  
    PS8_X0Y0             PS8                          0.000     0.000 r  top_i/zynq_ps/inst/PS8_i/PLCLK[0]
                         net (fo=1, routed)           0.157     0.157    top_i/zynq_ps/inst/pl_clk_unbuffered[0]
    BUFG_PS_X0Y53        BUFG_PS (Prop_BUFG_PS_I_O)
                                                      0.025     0.182 r  top_i/zynq_ps/inst/buffer_pl_clk_0.PL_CLK_0_BUFG/O
    X2Y3 (CLOCK_ROOT)    net (fo=114764, routed)      1.945     2.127    top_i/axi_interconnect_0/s00_couplers/auto_ds/inst/gen_downsizer.gen_simple_downsizer.axi_downsizer_inst/USE_READ.read_addr_inst/cmd_queue/inst/fifo_gen_inst/inst_fifo_gen/gconvfifo.rf/grf.rf/rstblk/ngwrdrst.grst.g7serrst.gnsckt_wrst.rst_wr_reg2_inst/dest_clk
    SLICE_X25Y50         FDPE                                         r  top_i/axi_interconnect_0/s00_couplers/auto_ds/inst/gen_downsizer.gen_simple_downsizer.axi_downsizer_inst/USE_READ.read_addr_inst/cmd_queue/inst/fifo_gen_inst/inst_fifo_gen/gconvfifo.rf/grf.rf/rstblk/ngwrdrst.grst.g7serrst.gnsckt_wrst.rst_wr_reg2_inst/arststages_ff_reg[0]/C

Slack:                    inf
  Source:                 top_i/rst_zynq_ps_99M/U0/ACTIVE_LOW_PR_OUT_DFF[0].FDRE_PER_N_lopt_replica/C
                            (rising edge-triggered cell FDRE clocked by clk_pl_0  {rise@0.000ns fall@5.000ns period=10.000ns})
  Destination:            top_i/axi_interconnect_0/s00_couplers/auto_ds/inst/gen_downsizer.gen_simple_downsizer.axi_downsizer_inst/USE_READ.read_addr_inst/cmd_queue/inst/fifo_gen_inst/inst_fifo_gen/gconvfifo.rf/grf.rf/rstblk/ngwrdrst.grst.g7serrst.gnsckt_wrst.rst_wr_reg2_inst/arststages_ff_reg[1]/PRE
                            (recovery check against rising-edge clock clk_pl_0  {rise@0.000ns fall@5.000ns period=10.000ns})
  Path Group:             (none)
  Path Type:              Recovery (Max at Slow Process Corner)
  Data Path Delay:        2.768ns  (logic 0.104ns (3.757%)  route 2.664ns (96.243%))
  Logic Levels:           1  (BUFGCE=1)
  Clock Path Skew:        -0.259ns (DCD - SCD + CPR)
    Destination Clock Delay (DCD):    2.127ns
    Source Clock Delay      (SCD):    2.386ns
    Clock Pessimism Removal (CPR):    0.000ns
  Clock Uncertainty:      0.130ns  ((TSJ^2 + DJ^2)^1/2) / 2 + PE
    Total System Jitter     (TSJ):    0.071ns
    Discrete Jitter          (DJ):    0.250ns
    Phase Error              (PE):    0.000ns
  Clock Net Delay (Source):      2.160ns (routing 0.670ns, distribution 1.490ns)
  Clock Net Delay (Destination): 1.945ns (routing 0.606ns, distribution 1.339ns)
  Timing Exception:       False Path

    Location             Delay type                Incr(ns)  Path(ns)    Netlist Resource(s)
  -------------------------------------------------------------------    -------------------
                         (clock clk_pl_0 rise edge)
                                                      0.000     0.000 r  
    PS8_X0Y0             PS8                          0.000     0.000 r  top_i/zynq_ps/inst/PS8_i/PLCLK[0]
                         net (fo=1, routed)           0.198     0.198    top_i/zynq_ps/inst/pl_clk_unbuffered[0]
    BUFG_PS_X0Y53        BUFG_PS (Prop_BUFG_PS_I_O)
                                                      0.028     0.226 r  top_i/zynq_ps/inst/buffer_pl_clk_0.PL_CLK_0_BUFG/O
    X2Y3 (CLOCK_ROOT)    net (fo=114764, routed)      2.160     2.386    top_i/rst_zynq_ps_99M/U0/slowest_sync_clk
    SLICE_X76Y199        FDRE                                         r  top_i/rst_zynq_ps_99M/U0/ACTIVE_LOW_PR_OUT_DFF[0].FDRE_PER_N_lopt_replica/C
  -------------------------------------------------------------------    -------------------
    SLICE_X76Y199        FDRE (Prop_EFF_SLICEM_C_Q)
                                                      0.076     2.462 r  top_i/rst_zynq_ps_99M/U0/ACTIVE_LOW_PR_OUT_DFF[0].FDRE_PER_N_lopt_replica/Q
                         net (fo=1, routed)           0.909     3.371    top_i/rst_zynq_ps_99M/U0/Q_replN
    BUFGCE_X0Y72         BUFGCE (Prop_BUFCE_BUFGCE_I_O)
                                                      0.028     3.399 r  top_i/rst_zynq_ps_99M/U0/peripheral_aresetn[0]_BUFG_inst/O
                         net (fo=29351, routed)       1.755     5.154    top_i/axi_interconnect_0/s00_couplers/auto_ds/inst/gen_downsizer.gen_simple_downsizer.axi_downsizer_inst/USE_READ.read_addr_inst/cmd_queue/inst/fifo_gen_inst/inst_fifo_gen/gconvfifo.rf/grf.rf/rstblk/ngwrdrst.grst.g7serrst.gnsckt_wrst.rst_wr_reg2_inst/src_arst
    SLICE_X25Y50         FDPE                                         f  top_i/axi_interconnect_0/s00_couplers/auto_ds/inst/gen_downsizer.gen_simple_downsizer.axi_downsizer_inst/USE_READ.read_addr_inst/cmd_queue/inst/fifo_gen_inst/inst_fifo_gen/gconvfifo.rf/grf.rf/rstblk/ngwrdrst.grst.g7serrst.gnsckt_wrst.rst_wr_reg2_inst/arststages_ff_reg[1]/PRE  (IS_INVERTED)
  -------------------------------------------------------------------    -------------------

                         (clock clk_pl_0 rise edge)
                                                      0.000     0.000 r  
    PS8_X0Y0             PS8                          0.000     0.000 r  top_i/zynq_ps/inst/PS8_i/PLCLK[0]
                         net (fo=1, routed)           0.157     0.157    top_i/zynq_ps/inst/pl_clk_unbuffered[0]
    BUFG_PS_X0Y53        BUFG_PS (Prop_BUFG_PS_I_O)
                                                      0.025     0.182 r  top_i/zynq_ps/inst/buffer_pl_clk_0.PL_CLK_0_BUFG/O
    X2Y3 (CLOCK_ROOT)    net (fo=114764, routed)      1.945     2.127    top_i/axi_interconnect_0/s00_couplers/auto_ds/inst/gen_downsizer.gen_simple_downsizer.axi_downsizer_inst/USE_READ.read_addr_inst/cmd_queue/inst/fifo_gen_inst/inst_fifo_gen/gconvfifo.rf/grf.rf/rstblk/ngwrdrst.grst.g7serrst.gnsckt_wrst.rst_wr_reg2_inst/dest_clk
    SLICE_X25Y50         FDPE                                         r  top_i/axi_interconnect_0/s00_couplers/auto_ds/inst/gen_downsizer.gen_simple_downsizer.axi_downsizer_inst/USE_READ.read_addr_inst/cmd_queue/inst/fifo_gen_inst/inst_fifo_gen/gconvfifo.rf/grf.rf/rstblk/ngwrdrst.grst.g7serrst.gnsckt_wrst.rst_wr_reg2_inst/arststages_ff_reg[1]/C

Slack:                    inf
  Source:                 top_i/rst_zynq_ps_99M/U0/ACTIVE_LOW_PR_OUT_DFF[0].FDRE_PER_N_lopt_replica/C
                            (rising edge-triggered cell FDRE clocked by clk_pl_0  {rise@0.000ns fall@5.000ns period=10.000ns})
  Destination:            top_i/axi_interconnect_0/s00_couplers/auto_ds/inst/gen_downsizer.gen_simple_downsizer.axi_downsizer_inst/USE_WRITE.write_addr_inst/USE_B_CHANNEL.cmd_b_queue/inst/fifo_gen_inst/inst_fifo_gen/gconvfifo.rf/grf.rf/rstblk/ngwrdrst.grst.g7serrst.gnsckt_wrst.rst_wr_reg2_inst/arststages_ff_reg[0]/PRE
                            (recovery check against rising-edge clock clk_pl_0  {rise@0.000ns fall@5.000ns period=10.000ns})
  Path Group:             (none)
  Path Type:              Recovery (Max at Slow Process Corner)
  Data Path Delay:        2.751ns  (logic 0.104ns (3.780%)  route 2.647ns (96.220%))
  Logic Levels:           1  (BUFGCE=1)
  Clock Path Skew:        -0.278ns (DCD - SCD + CPR)
    Destination Clock Delay (DCD):    2.108ns
    Source Clock Delay      (SCD):    2.386ns
    Clock Pessimism Removal (CPR):    0.000ns
  Clock Uncertainty:      0.130ns  ((TSJ^2 + DJ^2)^1/2) / 2 + PE
    Total System Jitter     (TSJ):    0.071ns
    Discrete Jitter          (DJ):    0.250ns
    Phase Error              (PE):    0.000ns
  Clock Net Delay (Source):      2.160ns (routing 0.670ns, distribution 1.490ns)
  Clock Net Delay (Destination): 1.926ns (routing 0.606ns, distribution 1.320ns)
  Timing Exception:       False Path

    Location             Delay type                Incr(ns)  Path(ns)    Netlist Resource(s)
  -------------------------------------------------------------------    -------------------
                         (clock clk_pl_0 rise edge)
                                                      0.000     0.000 r  
    PS8_X0Y0             PS8                          0.000     0.000 r  top_i/zynq_ps/inst/PS8_i/PLCLK[0]
                         net (fo=1, routed)           0.198     0.198    top_i/zynq_ps/inst/pl_clk_unbuffered[0]
    BUFG_PS_X0Y53        BUFG_PS (Prop_BUFG_PS_I_O)
                                                      0.028     0.226 r  top_i/zynq_ps/inst/buffer_pl_clk_0.PL_CLK_0_BUFG/O
    X2Y3 (CLOCK_ROOT)    net (fo=114764, routed)      2.160     2.386    top_i/rst_zynq_ps_99M/U0/slowest_sync_clk
    SLICE_X76Y199        FDRE                                         r  top_i/rst_zynq_ps_99M/U0/ACTIVE_LOW_PR_OUT_DFF[0].FDRE_PER_N_lopt_replica/C
  -------------------------------------------------------------------    -------------------
    SLICE_X76Y199        FDRE (Prop_EFF_SLICEM_C_Q)
                                                      0.076     2.462 r  top_i/rst_zynq_ps_99M/U0/ACTIVE_LOW_PR_OUT_DFF[0].FDRE_PER_N_lopt_replica/Q
                         net (fo=1, routed)           0.909     3.371    top_i/rst_zynq_ps_99M/U0/Q_replN
    BUFGCE_X0Y72         BUFGCE (Prop_BUFCE_BUFGCE_I_O)
                                                      0.028     3.399 r  top_i/rst_zynq_ps_99M/U0/peripheral_aresetn[0]_BUFG_inst/O
                         net (fo=29351, routed)       1.738     5.137    top_i/axi_interconnect_0/s00_couplers/auto_ds/inst/gen_downsizer.gen_simple_downsizer.axi_downsizer_inst/USE_WRITE.write_addr_inst/USE_B_CHANNEL.cmd_b_queue/inst/fifo_gen_inst/inst_fifo_gen/gconvfifo.rf/grf.rf/rstblk/ngwrdrst.grst.g7serrst.gnsckt_wrst.rst_wr_reg2_inst/src_arst
    SLICE_X29Y24         FDPE                                         f  top_i/axi_interconnect_0/s00_couplers/auto_ds/inst/gen_downsizer.gen_simple_downsizer.axi_downsizer_inst/USE_WRITE.write_addr_inst/USE_B_CHANNEL.cmd_b_queue/inst/fifo_gen_inst/inst_fifo_gen/gconvfifo.rf/grf.rf/rstblk/ngwrdrst.grst.g7serrst.gnsckt_wrst.rst_wr_reg2_inst/arststages_ff_reg[0]/PRE  (IS_INVERTED)
  -------------------------------------------------------------------    -------------------

                         (clock clk_pl_0 rise edge)
                                                      0.000     0.000 r  
    PS8_X0Y0             PS8                          0.000     0.000 r  top_i/zynq_ps/inst/PS8_i/PLCLK[0]
                         net (fo=1, routed)           0.157     0.157    top_i/zynq_ps/inst/pl_clk_unbuffered[0]
    BUFG_PS_X0Y53        BUFG_PS (Prop_BUFG_PS_I_O)
                                                      0.025     0.182 r  top_i/zynq_ps/inst/buffer_pl_clk_0.PL_CLK_0_BUFG/O
    X2Y3 (CLOCK_ROOT)    net (fo=114764, routed)      1.926     2.108    top_i/axi_interconnect_0/s00_couplers/auto_ds/inst/gen_downsizer.gen_simple_downsizer.axi_downsizer_inst/USE_WRITE.write_addr_inst/USE_B_CHANNEL.cmd_b_queue/inst/fifo_gen_inst/inst_fifo_gen/gconvfifo.rf/grf.rf/rstblk/ngwrdrst.grst.g7serrst.gnsckt_wrst.rst_wr_reg2_inst/dest_clk
    SLICE_X29Y24         FDPE                                         r  top_i/axi_interconnect_0/s00_couplers/auto_ds/inst/gen_downsizer.gen_simple_downsizer.axi_downsizer_inst/USE_WRITE.write_addr_inst/USE_B_CHANNEL.cmd_b_queue/inst/fifo_gen_inst/inst_fifo_gen/gconvfifo.rf/grf.rf/rstblk/ngwrdrst.grst.g7serrst.gnsckt_wrst.rst_wr_reg2_inst/arststages_ff_reg[0]/C

Slack:                    inf
  Source:                 top_i/rst_zynq_ps_99M/U0/ACTIVE_LOW_PR_OUT_DFF[0].FDRE_PER_N_lopt_replica/C
                            (rising edge-triggered cell FDRE clocked by clk_pl_0  {rise@0.000ns fall@5.000ns period=10.000ns})
  Destination:            top_i/axi_interconnect_0/s00_couplers/auto_ds/inst/gen_downsizer.gen_simple_downsizer.axi_downsizer_inst/USE_WRITE.write_addr_inst/USE_B_CHANNEL.cmd_b_queue/inst/fifo_gen_inst/inst_fifo_gen/gconvfifo.rf/grf.rf/rstblk/ngwrdrst.grst.g7serrst.gnsckt_wrst.rst_wr_reg2_inst/arststages_ff_reg[1]/PRE
                            (recovery check against rising-edge clock clk_pl_0  {rise@0.000ns fall@5.000ns period=10.000ns})
  Path Group:             (none)
  Path Type:              Recovery (Max at Slow Process Corner)
  Data Path Delay:        2.751ns  (logic 0.104ns (3.780%)  route 2.647ns (96.220%))
  Logic Levels:           1  (BUFGCE=1)
  Clock Path Skew:        -0.278ns (DCD - SCD + CPR)
    Destination Clock Delay (DCD):    2.108ns
    Source Clock Delay      (SCD):    2.386ns
    Clock Pessimism Removal (CPR):    0.000ns
  Clock Uncertainty:      0.130ns  ((TSJ^2 + DJ^2)^1/2) / 2 + PE
    Total System Jitter     (TSJ):    0.071ns
    Discrete Jitter          (DJ):    0.250ns
    Phase Error              (PE):    0.000ns
  Clock Net Delay (Source):      2.160ns (routing 0.670ns, distribution 1.490ns)
  Clock Net Delay (Destination): 1.926ns (routing 0.606ns, distribution 1.320ns)
  Timing Exception:       False Path

    Location             Delay type                Incr(ns)  Path(ns)    Netlist Resource(s)
  -------------------------------------------------------------------    -------------------
                         (clock clk_pl_0 rise edge)
                                                      0.000     0.000 r  
    PS8_X0Y0             PS8                          0.000     0.000 r  top_i/zynq_ps/inst/PS8_i/PLCLK[0]
                         net (fo=1, routed)           0.198     0.198    top_i/zynq_ps/inst/pl_clk_unbuffered[0]
    BUFG_PS_X0Y53        BUFG_PS (Prop_BUFG_PS_I_O)
                                                      0.028     0.226 r  top_i/zynq_ps/inst/buffer_pl_clk_0.PL_CLK_0_BUFG/O
    X2Y3 (CLOCK_ROOT)    net (fo=114764, routed)      2.160     2.386    top_i/rst_zynq_ps_99M/U0/slowest_sync_clk
    SLICE_X76Y199        FDRE                                         r  top_i/rst_zynq_ps_99M/U0/ACTIVE_LOW_PR_OUT_DFF[0].FDRE_PER_N_lopt_replica/C
  -------------------------------------------------------------------    -------------------
    SLICE_X76Y199        FDRE (Prop_EFF_SLICEM_C_Q)
                                                      0.076     2.462 r  top_i/rst_zynq_ps_99M/U0/ACTIVE_LOW_PR_OUT_DFF[0].FDRE_PER_N_lopt_replica/Q
                         net (fo=1, routed)           0.909     3.371    top_i/rst_zynq_ps_99M/U0/Q_replN
    BUFGCE_X0Y72         BUFGCE (Prop_BUFCE_BUFGCE_I_O)
                                                      0.028     3.399 r  top_i/rst_zynq_ps_99M/U0/peripheral_aresetn[0]_BUFG_inst/O
                         net (fo=29351, routed)       1.738     5.137    top_i/axi_interconnect_0/s00_couplers/auto_ds/inst/gen_downsizer.gen_simple_downsizer.axi_downsizer_inst/USE_WRITE.write_addr_inst/USE_B_CHANNEL.cmd_b_queue/inst/fifo_gen_inst/inst_fifo_gen/gconvfifo.rf/grf.rf/rstblk/ngwrdrst.grst.g7serrst.gnsckt_wrst.rst_wr_reg2_inst/src_arst
    SLICE_X29Y24         FDPE                                         f  top_i/axi_interconnect_0/s00_couplers/auto_ds/inst/gen_downsizer.gen_simple_downsizer.axi_downsizer_inst/USE_WRITE.write_addr_inst/USE_B_CHANNEL.cmd_b_queue/inst/fifo_gen_inst/inst_fifo_gen/gconvfifo.rf/grf.rf/rstblk/ngwrdrst.grst.g7serrst.gnsckt_wrst.rst_wr_reg2_inst/arststages_ff_reg[1]/PRE  (IS_INVERTED)
  -------------------------------------------------------------------    -------------------

                         (clock clk_pl_0 rise edge)
                                                      0.000     0.000 r  
    PS8_X0Y0             PS8                          0.000     0.000 r  top_i/zynq_ps/inst/PS8_i/PLCLK[0]
                         net (fo=1, routed)           0.157     0.157    top_i/zynq_ps/inst/pl_clk_unbuffered[0]
    BUFG_PS_X0Y53        BUFG_PS (Prop_BUFG_PS_I_O)
                                                      0.025     0.182 r  top_i/zynq_ps/inst/buffer_pl_clk_0.PL_CLK_0_BUFG/O
    X2Y3 (CLOCK_ROOT)    net (fo=114764, routed)      1.926     2.108    top_i/axi_interconnect_0/s00_couplers/auto_ds/inst/gen_downsizer.gen_simple_downsizer.axi_downsizer_inst/USE_WRITE.write_addr_inst/USE_B_CHANNEL.cmd_b_queue/inst/fifo_gen_inst/inst_fifo_gen/gconvfifo.rf/grf.rf/rstblk/ngwrdrst.grst.g7serrst.gnsckt_wrst.rst_wr_reg2_inst/dest_clk
    SLICE_X29Y24         FDPE                                         r  top_i/axi_interconnect_0/s00_couplers/auto_ds/inst/gen_downsizer.gen_simple_downsizer.axi_downsizer_inst/USE_WRITE.write_addr_inst/USE_B_CHANNEL.cmd_b_queue/inst/fifo_gen_inst/inst_fifo_gen/gconvfifo.rf/grf.rf/rstblk/ngwrdrst.grst.g7serrst.gnsckt_wrst.rst_wr_reg2_inst/arststages_ff_reg[1]/C

Slack:                    inf
  Source:                 top_i/rst_zynq_ps_99M/U0/ACTIVE_LOW_PR_OUT_DFF[0].FDRE_PER_N_lopt_replica/C
                            (rising edge-triggered cell FDRE clocked by clk_pl_0  {rise@0.000ns fall@5.000ns period=10.000ns})
  Destination:            top_i/axi_interconnect_0/s00_couplers/auto_ds/inst/gen_downsizer.gen_simple_downsizer.axi_downsizer_inst/USE_WRITE.write_addr_inst/cmd_queue/inst/fifo_gen_inst/inst_fifo_gen/gconvfifo.rf/grf.rf/rstblk/ngwrdrst.grst.g7serrst.gnsckt_wrst.rst_wr_reg2_inst/arststages_ff_reg[0]/PRE
                            (recovery check against rising-edge clock clk_pl_0  {rise@0.000ns fall@5.000ns period=10.000ns})
  Path Group:             (none)
  Path Type:              Recovery (Max at Slow Process Corner)
  Data Path Delay:        2.746ns  (logic 0.104ns (3.787%)  route 2.642ns (96.213%))
  Logic Levels:           1  (BUFGCE=1)
  Clock Path Skew:        -0.285ns (DCD - SCD + CPR)
    Destination Clock Delay (DCD):    2.101ns
    Source Clock Delay      (SCD):    2.386ns
    Clock Pessimism Removal (CPR):    0.000ns
  Clock Uncertainty:      0.130ns  ((TSJ^2 + DJ^2)^1/2) / 2 + PE
    Total System Jitter     (TSJ):    0.071ns
    Discrete Jitter          (DJ):    0.250ns
    Phase Error              (PE):    0.000ns
  Clock Net Delay (Source):      2.160ns (routing 0.670ns, distribution 1.490ns)
  Clock Net Delay (Destination): 1.919ns (routing 0.606ns, distribution 1.313ns)
  Timing Exception:       False Path

    Location             Delay type                Incr(ns)  Path(ns)    Netlist Resource(s)
  -------------------------------------------------------------------    -------------------
                         (clock clk_pl_0 rise edge)
                                                      0.000     0.000 r  
    PS8_X0Y0             PS8                          0.000     0.000 r  top_i/zynq_ps/inst/PS8_i/PLCLK[0]
                         net (fo=1, routed)           0.198     0.198    top_i/zynq_ps/inst/pl_clk_unbuffered[0]
    BUFG_PS_X0Y53        BUFG_PS (Prop_BUFG_PS_I_O)
                                                      0.028     0.226 r  top_i/zynq_ps/inst/buffer_pl_clk_0.PL_CLK_0_BUFG/O
    X2Y3 (CLOCK_ROOT)    net (fo=114764, routed)      2.160     2.386    top_i/rst_zynq_ps_99M/U0/slowest_sync_clk
    SLICE_X76Y199        FDRE                                         r  top_i/rst_zynq_ps_99M/U0/ACTIVE_LOW_PR_OUT_DFF[0].FDRE_PER_N_lopt_replica/C
  -------------------------------------------------------------------    -------------------
    SLICE_X76Y199        FDRE (Prop_EFF_SLICEM_C_Q)
                                                      0.076     2.462 r  top_i/rst_zynq_ps_99M/U0/ACTIVE_LOW_PR_OUT_DFF[0].FDRE_PER_N_lopt_replica/Q
                         net (fo=1, routed)           0.909     3.371    top_i/rst_zynq_ps_99M/U0/Q_replN
    BUFGCE_X0Y72         BUFGCE (Prop_BUFCE_BUFGCE_I_O)
                                                      0.028     3.399 r  top_i/rst_zynq_ps_99M/U0/peripheral_aresetn[0]_BUFG_inst/O
                         net (fo=29351, routed)       1.733     5.132    top_i/axi_interconnect_0/s00_couplers/auto_ds/inst/gen_downsizer.gen_simple_downsizer.axi_downsizer_inst/USE_WRITE.write_addr_inst/cmd_queue/inst/fifo_gen_inst/inst_fifo_gen/gconvfifo.rf/grf.rf/rstblk/ngwrdrst.grst.g7serrst.gnsckt_wrst.rst_wr_reg2_inst/src_arst
    SLICE_X30Y29         FDPE                                         f  top_i/axi_interconnect_0/s00_couplers/auto_ds/inst/gen_downsizer.gen_simple_downsizer.axi_downsizer_inst/USE_WRITE.write_addr_inst/cmd_queue/inst/fifo_gen_inst/inst_fifo_gen/gconvfifo.rf/grf.rf/rstblk/ngwrdrst.grst.g7serrst.gnsckt_wrst.rst_wr_reg2_inst/arststages_ff_reg[0]/PRE  (IS_INVERTED)
  -------------------------------------------------------------------    -------------------

                         (clock clk_pl_0 rise edge)
                                                      0.000     0.000 r  
    PS8_X0Y0             PS8                          0.000     0.000 r  top_i/zynq_ps/inst/PS8_i/PLCLK[0]
                         net (fo=1, routed)           0.157     0.157    top_i/zynq_ps/inst/pl_clk_unbuffered[0]
    BUFG_PS_X0Y53        BUFG_PS (Prop_BUFG_PS_I_O)
                                                      0.025     0.182 r  top_i/zynq_ps/inst/buffer_pl_clk_0.PL_CLK_0_BUFG/O
    X2Y3 (CLOCK_ROOT)    net (fo=114764, routed)      1.919     2.101    top_i/axi_interconnect_0/s00_couplers/auto_ds/inst/gen_downsizer.gen_simple_downsizer.axi_downsizer_inst/USE_WRITE.write_addr_inst/cmd_queue/inst/fifo_gen_inst/inst_fifo_gen/gconvfifo.rf/grf.rf/rstblk/ngwrdrst.grst.g7serrst.gnsckt_wrst.rst_wr_reg2_inst/dest_clk
    SLICE_X30Y29         FDPE                                         r  top_i/axi_interconnect_0/s00_couplers/auto_ds/inst/gen_downsizer.gen_simple_downsizer.axi_downsizer_inst/USE_WRITE.write_addr_inst/cmd_queue/inst/fifo_gen_inst/inst_fifo_gen/gconvfifo.rf/grf.rf/rstblk/ngwrdrst.grst.g7serrst.gnsckt_wrst.rst_wr_reg2_inst/arststages_ff_reg[0]/C

Slack:                    inf
  Source:                 top_i/rst_zynq_ps_99M/U0/ACTIVE_LOW_PR_OUT_DFF[0].FDRE_PER_N_lopt_replica/C
                            (rising edge-triggered cell FDRE clocked by clk_pl_0  {rise@0.000ns fall@5.000ns period=10.000ns})
  Destination:            top_i/axi_interconnect_0/s00_couplers/auto_ds/inst/gen_downsizer.gen_simple_downsizer.axi_downsizer_inst/USE_WRITE.write_addr_inst/cmd_queue/inst/fifo_gen_inst/inst_fifo_gen/gconvfifo.rf/grf.rf/rstblk/ngwrdrst.grst.g7serrst.gnsckt_wrst.rst_wr_reg2_inst/arststages_ff_reg[1]/PRE
                            (recovery check against rising-edge clock clk_pl_0  {rise@0.000ns fall@5.000ns period=10.000ns})
  Path Group:             (none)
  Path Type:              Recovery (Max at Slow Process Corner)
  Data Path Delay:        2.746ns  (logic 0.104ns (3.787%)  route 2.642ns (96.213%))
  Logic Levels:           1  (BUFGCE=1)
  Clock Path Skew:        -0.285ns (DCD - SCD + CPR)
    Destination Clock Delay (DCD):    2.101ns
    Source Clock Delay      (SCD):    2.386ns
    Clock Pessimism Removal (CPR):    0.000ns
  Clock Uncertainty:      0.130ns  ((TSJ^2 + DJ^2)^1/2) / 2 + PE
    Total System Jitter     (TSJ):    0.071ns
    Discrete Jitter          (DJ):    0.250ns
    Phase Error              (PE):    0.000ns
  Clock Net Delay (Source):      2.160ns (routing 0.670ns, distribution 1.490ns)
  Clock Net Delay (Destination): 1.919ns (routing 0.606ns, distribution 1.313ns)
  Timing Exception:       False Path

    Location             Delay type                Incr(ns)  Path(ns)    Netlist Resource(s)
  -------------------------------------------------------------------    -------------------
                         (clock clk_pl_0 rise edge)
                                                      0.000     0.000 r  
    PS8_X0Y0             PS8                          0.000     0.000 r  top_i/zynq_ps/inst/PS8_i/PLCLK[0]
                         net (fo=1, routed)           0.198     0.198    top_i/zynq_ps/inst/pl_clk_unbuffered[0]
    BUFG_PS_X0Y53        BUFG_PS (Prop_BUFG_PS_I_O)
                                                      0.028     0.226 r  top_i/zynq_ps/inst/buffer_pl_clk_0.PL_CLK_0_BUFG/O
    X2Y3 (CLOCK_ROOT)    net (fo=114764, routed)      2.160     2.386    top_i/rst_zynq_ps_99M/U0/slowest_sync_clk
    SLICE_X76Y199        FDRE                                         r  top_i/rst_zynq_ps_99M/U0/ACTIVE_LOW_PR_OUT_DFF[0].FDRE_PER_N_lopt_replica/C
  -------------------------------------------------------------------    -------------------
    SLICE_X76Y199        FDRE (Prop_EFF_SLICEM_C_Q)
                                                      0.076     2.462 r  top_i/rst_zynq_ps_99M/U0/ACTIVE_LOW_PR_OUT_DFF[0].FDRE_PER_N_lopt_replica/Q
                         net (fo=1, routed)           0.909     3.371    top_i/rst_zynq_ps_99M/U0/Q_replN
    BUFGCE_X0Y72         BUFGCE (Prop_BUFCE_BUFGCE_I_O)
                                                      0.028     3.399 r  top_i/rst_zynq_ps_99M/U0/peripheral_aresetn[0]_BUFG_inst/O
                         net (fo=29351, routed)       1.733     5.132    top_i/axi_interconnect_0/s00_couplers/auto_ds/inst/gen_downsizer.gen_simple_downsizer.axi_downsizer_inst/USE_WRITE.write_addr_inst/cmd_queue/inst/fifo_gen_inst/inst_fifo_gen/gconvfifo.rf/grf.rf/rstblk/ngwrdrst.grst.g7serrst.gnsckt_wrst.rst_wr_reg2_inst/src_arst
    SLICE_X30Y29         FDPE                                         f  top_i/axi_interconnect_0/s00_couplers/auto_ds/inst/gen_downsizer.gen_simple_downsizer.axi_downsizer_inst/USE_WRITE.write_addr_inst/cmd_queue/inst/fifo_gen_inst/inst_fifo_gen/gconvfifo.rf/grf.rf/rstblk/ngwrdrst.grst.g7serrst.gnsckt_wrst.rst_wr_reg2_inst/arststages_ff_reg[1]/PRE  (IS_INVERTED)
  -------------------------------------------------------------------    -------------------

                         (clock clk_pl_0 rise edge)
                                                      0.000     0.000 r  
    PS8_X0Y0             PS8                          0.000     0.000 r  top_i/zynq_ps/inst/PS8_i/PLCLK[0]
                         net (fo=1, routed)           0.157     0.157    top_i/zynq_ps/inst/pl_clk_unbuffered[0]
    BUFG_PS_X0Y53        BUFG_PS (Prop_BUFG_PS_I_O)
                                                      0.025     0.182 r  top_i/zynq_ps/inst/buffer_pl_clk_0.PL_CLK_0_BUFG/O
    X2Y3 (CLOCK_ROOT)    net (fo=114764, routed)      1.919     2.101    top_i/axi_interconnect_0/s00_couplers/auto_ds/inst/gen_downsizer.gen_simple_downsizer.axi_downsizer_inst/USE_WRITE.write_addr_inst/cmd_queue/inst/fifo_gen_inst/inst_fifo_gen/gconvfifo.rf/grf.rf/rstblk/ngwrdrst.grst.g7serrst.gnsckt_wrst.rst_wr_reg2_inst/dest_clk
    SLICE_X30Y29         FDPE                                         r  top_i/axi_interconnect_0/s00_couplers/auto_ds/inst/gen_downsizer.gen_simple_downsizer.axi_downsizer_inst/USE_WRITE.write_addr_inst/cmd_queue/inst/fifo_gen_inst/inst_fifo_gen/gconvfifo.rf/grf.rf/rstblk/ngwrdrst.grst.g7serrst.gnsckt_wrst.rst_wr_reg2_inst/arststages_ff_reg[1]/C

Slack:                    inf
  Source:                 top_i/rst_zynq_ps_99M/U0/ACTIVE_LOW_PR_OUT_DFF[0].FDRE_PER_N_lopt_replica/C
                            (rising edge-triggered cell FDRE clocked by clk_pl_0  {rise@0.000ns fall@5.000ns period=10.000ns})
  Destination:            top_i/StreamingDataflowPartition_0/inst/StreamingDataflowPartition_0_StreamingFIFO_rtl_2/fifo/inst/gen_fifo.xpm_fifo_axis_inst/gaxis_rst_sync.xpm_cdc_sync_rst_inst/syncstages_ff_reg[0]/D
                            (rising edge-triggered cell FDRE clocked by clk_pl_0  {rise@0.000ns fall@5.000ns period=10.000ns})
  Path Group:             (none)
  Path Type:              Setup (Max at Slow Process Corner)
  Data Path Delay:        2.614ns  (logic 0.202ns (7.728%)  route 2.412ns (92.272%))
  Logic Levels:           2  (BUFGCE=1 LUT1=1)
  Clock Path Skew:        -0.333ns (DCD - SCD + CPR)
    Destination Clock Delay (DCD):    2.053ns
    Source Clock Delay      (SCD):    2.386ns
    Clock Pessimism Removal (CPR):    0.000ns
  Clock Uncertainty:      0.130ns  ((TSJ^2 + DJ^2)^1/2) / 2 + PE
    Total System Jitter     (TSJ):    0.071ns
    Discrete Jitter          (DJ):    0.250ns
    Phase Error              (PE):    0.000ns
  Clock Net Delay (Source):      2.160ns (routing 0.670ns, distribution 1.490ns)
  Clock Net Delay (Destination): 1.871ns (routing 0.606ns, distribution 1.265ns)
  Timing Exception:       False Path

    Location             Delay type                Incr(ns)  Path(ns)    Netlist Resource(s)
  -------------------------------------------------------------------    -------------------
                         (clock clk_pl_0 rise edge)
                                                      0.000     0.000 r  
    PS8_X0Y0             PS8                          0.000     0.000 r  top_i/zynq_ps/inst/PS8_i/PLCLK[0]
                         net (fo=1, routed)           0.198     0.198    top_i/zynq_ps/inst/pl_clk_unbuffered[0]
    BUFG_PS_X0Y53        BUFG_PS (Prop_BUFG_PS_I_O)
                                                      0.028     0.226 r  top_i/zynq_ps/inst/buffer_pl_clk_0.PL_CLK_0_BUFG/O
    X2Y3 (CLOCK_ROOT)    net (fo=114764, routed)      2.160     2.386    top_i/rst_zynq_ps_99M/U0/slowest_sync_clk
    SLICE_X76Y199        FDRE                                         r  top_i/rst_zynq_ps_99M/U0/ACTIVE_LOW_PR_OUT_DFF[0].FDRE_PER_N_lopt_replica/C
  -------------------------------------------------------------------    -------------------
    SLICE_X76Y199        FDRE (Prop_EFF_SLICEM_C_Q)
                                                      0.076     2.462 f  top_i/rst_zynq_ps_99M/U0/ACTIVE_LOW_PR_OUT_DFF[0].FDRE_PER_N_lopt_replica/Q
                         net (fo=1, routed)           0.909     3.371    top_i/rst_zynq_ps_99M/U0/Q_replN
    BUFGCE_X0Y72         BUFGCE (Prop_BUFCE_BUFGCE_I_O)
                                                      0.028     3.399 f  top_i/rst_zynq_ps_99M/U0/peripheral_aresetn[0]_BUFG_inst/O
                         net (fo=29351, routed)       1.350     4.749    top_i/StreamingDataflowPartition_0/inst/StreamingDataflowPartition_0_StreamingFIFO_rtl_2/fifo/inst/gen_fifo.xpm_fifo_axis_inst/s_aresetn
    SLICE_X36Y193        LUT1 (Prop_A6LUT_SLICEL_I0_O)
                                                      0.098     4.847 r  top_i/StreamingDataflowPartition_0/inst/StreamingDataflowPartition_0_StreamingFIFO_rtl_2/fifo/inst/gen_fifo.xpm_fifo_axis_inst/gaxis_rst_sync.xpm_cdc_sync_rst_inst_i_1/O
                         net (fo=1, routed)           0.153     5.000    top_i/StreamingDataflowPartition_0/inst/StreamingDataflowPartition_0_StreamingFIFO_rtl_2/fifo/inst/gen_fifo.xpm_fifo_axis_inst/gaxis_rst_sync.xpm_cdc_sync_rst_inst/src_rst
    SLICE_X36Y193        FDRE                                         r  top_i/StreamingDataflowPartition_0/inst/StreamingDataflowPartition_0_StreamingFIFO_rtl_2/fifo/inst/gen_fifo.xpm_fifo_axis_inst/gaxis_rst_sync.xpm_cdc_sync_rst_inst/syncstages_ff_reg[0]/D
  -------------------------------------------------------------------    -------------------

                         (clock clk_pl_0 rise edge)
                                                      0.000     0.000 r  
    PS8_X0Y0             PS8                          0.000     0.000 r  top_i/zynq_ps/inst/PS8_i/PLCLK[0]
                         net (fo=1, routed)           0.157     0.157    top_i/zynq_ps/inst/pl_clk_unbuffered[0]
    BUFG_PS_X0Y53        BUFG_PS (Prop_BUFG_PS_I_O)
                                                      0.025     0.182 r  top_i/zynq_ps/inst/buffer_pl_clk_0.PL_CLK_0_BUFG/O
    X2Y3 (CLOCK_ROOT)    net (fo=114764, routed)      1.871     2.053    top_i/StreamingDataflowPartition_0/inst/StreamingDataflowPartition_0_StreamingFIFO_rtl_2/fifo/inst/gen_fifo.xpm_fifo_axis_inst/gaxis_rst_sync.xpm_cdc_sync_rst_inst/dest_clk
    SLICE_X36Y193        FDRE                                         r  top_i/StreamingDataflowPartition_0/inst/StreamingDataflowPartition_0_StreamingFIFO_rtl_2/fifo/inst/gen_fifo.xpm_fifo_axis_inst/gaxis_rst_sync.xpm_cdc_sync_rst_inst/syncstages_ff_reg[0]/C

Slack:                    inf
  Source:                 top_i/rst_zynq_ps_99M/U0/ACTIVE_LOW_PR_OUT_DFF[0].FDRE_PER_N_lopt_replica/C
                            (rising edge-triggered cell FDRE clocked by clk_pl_0  {rise@0.000ns fall@5.000ns period=10.000ns})
  Destination:            top_i/StreamingDataflowPartition_0/inst/StreamingDataflowPartition_0_StreamingFIFO_rtl_5/fifo/inst/gen_fifo.xpm_fifo_axis_inst/gaxis_rst_sync.xpm_cdc_sync_rst_inst/syncstages_ff_reg[0]/D
                            (rising edge-triggered cell FDRE clocked by clk_pl_0  {rise@0.000ns fall@5.000ns period=10.000ns})
  Path Group:             (none)
  Path Type:              Setup (Max at Slow Process Corner)
  Data Path Delay:        2.577ns  (logic 0.204ns (7.916%)  route 2.373ns (92.084%))
  Logic Levels:           2  (BUFGCE=1 LUT1=1)
  Clock Path Skew:        -0.380ns (DCD - SCD + CPR)
    Destination Clock Delay (DCD):    2.006ns
    Source Clock Delay      (SCD):    2.386ns
    Clock Pessimism Removal (CPR):    0.000ns
  Clock Uncertainty:      0.130ns  ((TSJ^2 + DJ^2)^1/2) / 2 + PE
    Total System Jitter     (TSJ):    0.071ns
    Discrete Jitter          (DJ):    0.250ns
    Phase Error              (PE):    0.000ns
  Clock Net Delay (Source):      2.160ns (routing 0.670ns, distribution 1.490ns)
  Clock Net Delay (Destination): 1.824ns (routing 0.606ns, distribution 1.218ns)
  Timing Exception:       False Path

    Location             Delay type                Incr(ns)  Path(ns)    Netlist Resource(s)
  -------------------------------------------------------------------    -------------------
                         (clock clk_pl_0 rise edge)
                                                      0.000     0.000 r  
    PS8_X0Y0             PS8                          0.000     0.000 r  top_i/zynq_ps/inst/PS8_i/PLCLK[0]
                         net (fo=1, routed)           0.198     0.198    top_i/zynq_ps/inst/pl_clk_unbuffered[0]
    BUFG_PS_X0Y53        BUFG_PS (Prop_BUFG_PS_I_O)
                                                      0.028     0.226 r  top_i/zynq_ps/inst/buffer_pl_clk_0.PL_CLK_0_BUFG/O
    X2Y3 (CLOCK_ROOT)    net (fo=114764, routed)      2.160     2.386    top_i/rst_zynq_ps_99M/U0/slowest_sync_clk
    SLICE_X76Y199        FDRE                                         r  top_i/rst_zynq_ps_99M/U0/ACTIVE_LOW_PR_OUT_DFF[0].FDRE_PER_N_lopt_replica/C
  -------------------------------------------------------------------    -------------------
    SLICE_X76Y199        FDRE (Prop_EFF_SLICEM_C_Q)
                                                      0.076     2.462 f  top_i/rst_zynq_ps_99M/U0/ACTIVE_LOW_PR_OUT_DFF[0].FDRE_PER_N_lopt_replica/Q
                         net (fo=1, routed)           0.909     3.371    top_i/rst_zynq_ps_99M/U0/Q_replN
    BUFGCE_X0Y72         BUFGCE (Prop_BUFCE_BUFGCE_I_O)
                                                      0.028     3.399 f  top_i/rst_zynq_ps_99M/U0/peripheral_aresetn[0]_BUFG_inst/O
                         net (fo=29351, routed)       1.302     4.701    top_i/StreamingDataflowPartition_0/inst/StreamingDataflowPartition_0_StreamingFIFO_rtl_5/fifo/inst/gen_fifo.xpm_fifo_axis_inst/s_aresetn
    SLICE_X39Y231        LUT1 (Prop_A6LUT_SLICEM_I0_O)
                                                      0.100     4.801 r  top_i/StreamingDataflowPartition_0/inst/StreamingDataflowPartition_0_StreamingFIFO_rtl_5/fifo/inst/gen_fifo.xpm_fifo_axis_inst/gaxis_rst_sync.xpm_cdc_sync_rst_inst_i_1/O
                         net (fo=1, routed)           0.162     4.963    top_i/StreamingDataflowPartition_0/inst/StreamingDataflowPartition_0_StreamingFIFO_rtl_5/fifo/inst/gen_fifo.xpm_fifo_axis_inst/gaxis_rst_sync.xpm_cdc_sync_rst_inst/src_rst
    SLICE_X39Y231        FDRE                                         r  top_i/StreamingDataflowPartition_0/inst/StreamingDataflowPartition_0_StreamingFIFO_rtl_5/fifo/inst/gen_fifo.xpm_fifo_axis_inst/gaxis_rst_sync.xpm_cdc_sync_rst_inst/syncstages_ff_reg[0]/D
  -------------------------------------------------------------------    -------------------

                         (clock clk_pl_0 rise edge)
                                                      0.000     0.000 r  
    PS8_X0Y0             PS8                          0.000     0.000 r  top_i/zynq_ps/inst/PS8_i/PLCLK[0]
                         net (fo=1, routed)           0.157     0.157    top_i/zynq_ps/inst/pl_clk_unbuffered[0]
    BUFG_PS_X0Y53        BUFG_PS (Prop_BUFG_PS_I_O)
                                                      0.025     0.182 r  top_i/zynq_ps/inst/buffer_pl_clk_0.PL_CLK_0_BUFG/O
    X2Y3 (CLOCK_ROOT)    net (fo=114764, routed)      1.824     2.006    top_i/StreamingDataflowPartition_0/inst/StreamingDataflowPartition_0_StreamingFIFO_rtl_5/fifo/inst/gen_fifo.xpm_fifo_axis_inst/gaxis_rst_sync.xpm_cdc_sync_rst_inst/dest_clk
    SLICE_X39Y231        FDRE                                         r  top_i/StreamingDataflowPartition_0/inst/StreamingDataflowPartition_0_StreamingFIFO_rtl_5/fifo/inst/gen_fifo.xpm_fifo_axis_inst/gaxis_rst_sync.xpm_cdc_sync_rst_inst/syncstages_ff_reg[0]/C

Slack:                    inf
  Source:                 top_i/rst_zynq_ps_99M/U0/ACTIVE_LOW_PR_OUT_DFF[0].FDRE_PER_N_lopt_replica/C
                            (rising edge-triggered cell FDRE clocked by clk_pl_0  {rise@0.000ns fall@5.000ns period=10.000ns})
  Destination:            top_i/StreamingDataflowPartition_0/inst/StreamingDataflowPartition_0_StreamingFIFO_rtl_22/fifo/inst/gen_fifo.xpm_fifo_axis_inst/gaxis_rst_sync.xpm_cdc_sync_rst_inst/syncstages_ff_reg[0]/D
                            (rising edge-triggered cell FDRE clocked by clk_pl_0  {rise@0.000ns fall@5.000ns period=10.000ns})
  Path Group:             (none)
  Path Type:              Setup (Max at Slow Process Corner)
  Data Path Delay:        2.483ns  (logic 0.252ns (10.151%)  route 2.231ns (89.849%))
  Logic Levels:           2  (BUFGCE=1 LUT1=1)
  Clock Path Skew:        -0.092ns (DCD - SCD + CPR)
    Destination Clock Delay (DCD):    2.294ns
    Source Clock Delay      (SCD):    2.386ns
    Clock Pessimism Removal (CPR):    0.000ns
  Clock Uncertainty:      0.130ns  ((TSJ^2 + DJ^2)^1/2) / 2 + PE
    Total System Jitter     (TSJ):    0.071ns
    Discrete Jitter          (DJ):    0.250ns
    Phase Error              (PE):    0.000ns
  Clock Net Delay (Source):      2.160ns (routing 0.670ns, distribution 1.490ns)
  Clock Net Delay (Destination): 2.112ns (routing 0.606ns, distribution 1.506ns)
  Timing Exception:       False Path

    Location             Delay type                Incr(ns)  Path(ns)    Netlist Resource(s)
  -------------------------------------------------------------------    -------------------
                         (clock clk_pl_0 rise edge)
                                                      0.000     0.000 r  
    PS8_X0Y0             PS8                          0.000     0.000 r  top_i/zynq_ps/inst/PS8_i/PLCLK[0]
                         net (fo=1, routed)           0.198     0.198    top_i/zynq_ps/inst/pl_clk_unbuffered[0]
    BUFG_PS_X0Y53        BUFG_PS (Prop_BUFG_PS_I_O)
                                                      0.028     0.226 r  top_i/zynq_ps/inst/buffer_pl_clk_0.PL_CLK_0_BUFG/O
    X2Y3 (CLOCK_ROOT)    net (fo=114764, routed)      2.160     2.386    top_i/rst_zynq_ps_99M/U0/slowest_sync_clk
    SLICE_X76Y199        FDRE                                         r  top_i/rst_zynq_ps_99M/U0/ACTIVE_LOW_PR_OUT_DFF[0].FDRE_PER_N_lopt_replica/C
  -------------------------------------------------------------------    -------------------
    SLICE_X76Y199        FDRE (Prop_EFF_SLICEM_C_Q)
                                                      0.076     2.462 f  top_i/rst_zynq_ps_99M/U0/ACTIVE_LOW_PR_OUT_DFF[0].FDRE_PER_N_lopt_replica/Q
                         net (fo=1, routed)           0.909     3.371    top_i/rst_zynq_ps_99M/U0/Q_replN
    BUFGCE_X0Y72         BUFGCE (Prop_BUFCE_BUFGCE_I_O)
                                                      0.028     3.399 f  top_i/rst_zynq_ps_99M/U0/peripheral_aresetn[0]_BUFG_inst/O
                         net (fo=29351, routed)       1.214     4.613    top_i/StreamingDataflowPartition_0/inst/StreamingDataflowPartition_0_StreamingFIFO_rtl_22/fifo/inst/gen_fifo.xpm_fifo_axis_inst/s_aresetn
    SLICE_X97Y194        LUT1 (Prop_F6LUT_SLICEM_I0_O)
                                                      0.148     4.761 r  top_i/StreamingDataflowPartition_0/inst/StreamingDataflowPartition_0_StreamingFIFO_rtl_22/fifo/inst/gen_fifo.xpm_fifo_axis_inst/gaxis_rst_sync.xpm_cdc_sync_rst_inst_i_1/O
                         net (fo=1, routed)           0.108     4.869    top_i/StreamingDataflowPartition_0/inst/StreamingDataflowPartition_0_StreamingFIFO_rtl_22/fifo/inst/gen_fifo.xpm_fifo_axis_inst/gaxis_rst_sync.xpm_cdc_sync_rst_inst/src_rst
    SLICE_X97Y194        FDRE                                         r  top_i/StreamingDataflowPartition_0/inst/StreamingDataflowPartition_0_StreamingFIFO_rtl_22/fifo/inst/gen_fifo.xpm_fifo_axis_inst/gaxis_rst_sync.xpm_cdc_sync_rst_inst/syncstages_ff_reg[0]/D
  -------------------------------------------------------------------    -------------------

                         (clock clk_pl_0 rise edge)
                                                      0.000     0.000 r  
    PS8_X0Y0             PS8                          0.000     0.000 r  top_i/zynq_ps/inst/PS8_i/PLCLK[0]
                         net (fo=1, routed)           0.157     0.157    top_i/zynq_ps/inst/pl_clk_unbuffered[0]
    BUFG_PS_X0Y53        BUFG_PS (Prop_BUFG_PS_I_O)
                                                      0.025     0.182 r  top_i/zynq_ps/inst/buffer_pl_clk_0.PL_CLK_0_BUFG/O
    X2Y3 (CLOCK_ROOT)    net (fo=114764, routed)      2.112     2.294    top_i/StreamingDataflowPartition_0/inst/StreamingDataflowPartition_0_StreamingFIFO_rtl_22/fifo/inst/gen_fifo.xpm_fifo_axis_inst/gaxis_rst_sync.xpm_cdc_sync_rst_inst/dest_clk
    SLICE_X97Y194        FDRE                                         r  top_i/StreamingDataflowPartition_0/inst/StreamingDataflowPartition_0_StreamingFIFO_rtl_22/fifo/inst/gen_fifo.xpm_fifo_axis_inst/gaxis_rst_sync.xpm_cdc_sync_rst_inst/syncstages_ff_reg[0]/C





Min Delay Paths
--------------------------------------------------------------------------------------
Slack:                    inf
  Source:                 top_i/axi_gpio_0/U0/gpio_core_1/Not_Dual.gpio_Data_Out_reg[0]/C
                            (rising edge-triggered cell FDSE clocked by clk_pl_0  {rise@0.000ns fall@5.000ns period=10.000ns})
  Destination:            top_i/rst_zynq_ps_99M/U0/EXT_LPF/ACTIVE_LOW_AUX.ACT_LO_AUX/GENERATE_LEVEL_P_S_CDC.SINGLE_BIT.CROSS_PLEVEL_IN2SCNDRY_IN_cdc_to/D
                            (rising edge-triggered cell FDRE clocked by clk_pl_0  {rise@0.000ns fall@5.000ns period=10.000ns})
  Path Group:             (none)
  Path Type:              Hold (Min at Fast Process Corner)
  Data Path Delay:        0.693ns  (logic 0.099ns (14.278%)  route 0.594ns (85.722%))
  Logic Levels:           1  (LUT1=1)
  Clock Path Skew:        0.135ns (DCD - SCD - CPR)
    Destination Clock Delay (DCD):    1.450ns
    Source Clock Delay      (SCD):    1.315ns
    Clock Pessimism Removal (CPR):    -0.000ns
  Clock Uncertainty:      0.130ns  ((TSJ^2 + DJ^2)^1/2) / 2 + PE
    Total System Jitter     (TSJ):    0.071ns
    Discrete Jitter          (DJ):    0.250ns
    Phase Error              (PE):    0.000ns
  Clock Net Delay (Source):      1.195ns (routing 0.363ns, distribution 0.832ns)
  Clock Net Delay (Destination): 1.303ns (routing 0.408ns, distribution 0.895ns)
  Timing Exception:       False Path

    Location             Delay type                Incr(ns)  Path(ns)    Netlist Resource(s)
  -------------------------------------------------------------------    -------------------
                         (clock clk_pl_0 rise edge)
                                                      0.000     0.000 r  
    PS8_X0Y0             PS8                          0.000     0.000 r  top_i/zynq_ps/inst/PS8_i/PLCLK[0]
                         net (fo=1, routed)           0.103     0.103    top_i/zynq_ps/inst/pl_clk_unbuffered[0]
    BUFG_PS_X0Y53        BUFG_PS (Prop_BUFG_PS_I_O)
                                                      0.017     0.120 r  top_i/zynq_ps/inst/buffer_pl_clk_0.PL_CLK_0_BUFG/O
    X2Y3 (CLOCK_ROOT)    net (fo=114764, routed)      1.195     1.315    top_i/axi_gpio_0/U0/gpio_core_1/s_axi_aclk
    SLICE_X25Y61         FDSE                                         r  top_i/axi_gpio_0/U0/gpio_core_1/Not_Dual.gpio_Data_Out_reg[0]/C
  -------------------------------------------------------------------    -------------------
    SLICE_X25Y61         FDSE (Prop_CFF_SLICEL_C_Q)
                                                      0.039     1.354 f  top_i/axi_gpio_0/U0/gpio_core_1/Not_Dual.gpio_Data_Out_reg[0]/Q
                         net (fo=3, routed)           0.247     1.601    top_i/rst_zynq_ps_99M/U0/EXT_LPF/ACTIVE_LOW_AUX.ACT_LO_AUX/aux_reset_in
    SLICE_X33Y76         LUT1 (Prop_H6LUT_SLICEL_I0_O)
                                                      0.060     1.661 r  top_i/rst_zynq_ps_99M/U0/EXT_LPF/ACTIVE_LOW_AUX.ACT_LO_AUX/GENERATE_LEVEL_P_S_CDC.SINGLE_BIT.CROSS_PLEVEL_IN2SCNDRY_IN_cdc_to_i_1__0/O
                         net (fo=1, routed)           0.347     2.008    top_i/rst_zynq_ps_99M/U0/EXT_LPF/ACTIVE_LOW_AUX.ACT_LO_AUX/asr_d1
    SLICE_X36Y121        FDRE                                         r  top_i/rst_zynq_ps_99M/U0/EXT_LPF/ACTIVE_LOW_AUX.ACT_LO_AUX/GENERATE_LEVEL_P_S_CDC.SINGLE_BIT.CROSS_PLEVEL_IN2SCNDRY_IN_cdc_to/D
  -------------------------------------------------------------------    -------------------

                         (clock clk_pl_0 rise edge)
                                                      0.000     0.000 r  
    PS8_X0Y0             PS8                          0.000     0.000 r  top_i/zynq_ps/inst/PS8_i/PLCLK[0]
                         net (fo=1, routed)           0.129     0.129    top_i/zynq_ps/inst/pl_clk_unbuffered[0]
    BUFG_PS_X0Y53        BUFG_PS (Prop_BUFG_PS_I_O)
                                                      0.018     0.147 r  top_i/zynq_ps/inst/buffer_pl_clk_0.PL_CLK_0_BUFG/O
    X2Y3 (CLOCK_ROOT)    net (fo=114764, routed)      1.303     1.450    top_i/rst_zynq_ps_99M/U0/EXT_LPF/ACTIVE_LOW_AUX.ACT_LO_AUX/slowest_sync_clk
    SLICE_X36Y121        FDRE                                         r  top_i/rst_zynq_ps_99M/U0/EXT_LPF/ACTIVE_LOW_AUX.ACT_LO_AUX/GENERATE_LEVEL_P_S_CDC.SINGLE_BIT.CROSS_PLEVEL_IN2SCNDRY_IN_cdc_to/C

Slack:                    inf
  Source:                 top_i/rst_zynq_ps_99M/U0/ACTIVE_LOW_PR_OUT_DFF[0].FDRE_PER_N_lopt_replica/C
                            (rising edge-triggered cell FDRE clocked by clk_pl_0  {rise@0.000ns fall@5.000ns period=10.000ns})
  Destination:            top_i/StreamingDataflowPartition_0/inst/StreamingDataflowPartition_0_StreamingFIFO_rtl_22/fifo/inst/gen_fifo.xpm_fifo_axis_inst/gaxis_rst_sync.xpm_cdc_sync_rst_inst/syncstages_ff_reg[0]/D
                            (rising edge-triggered cell FDRE clocked by clk_pl_0  {rise@0.000ns fall@5.000ns period=10.000ns})
  Path Group:             (none)
  Path Type:              Hold (Min at Fast Process Corner)
  Data Path Delay:        1.295ns  (logic 0.114ns (8.805%)  route 1.181ns (91.195%))
  Logic Levels:           2  (BUFGCE=1 LUT1=1)
  Clock Path Skew:        0.304ns (DCD - SCD - CPR)
    Destination Clock Delay (DCD):    1.606ns
    Source Clock Delay      (SCD):    1.302ns
    Clock Pessimism Removal (CPR):    -0.000ns
  Clock Uncertainty:      0.130ns  ((TSJ^2 + DJ^2)^1/2) / 2 + PE
    Total System Jitter     (TSJ):    0.071ns
    Discrete Jitter          (DJ):    0.250ns
    Phase Error              (PE):    0.000ns
  Clock Net Delay (Source):      1.182ns (routing 0.363ns, distribution 0.819ns)
  Clock Net Delay (Destination): 1.459ns (routing 0.408ns, distribution 1.051ns)
  Timing Exception:       False Path

    Location             Delay type                Incr(ns)  Path(ns)    Netlist Resource(s)
  -------------------------------------------------------------------    -------------------
                         (clock clk_pl_0 rise edge)
                                                      0.000     0.000 r  
    PS8_X0Y0             PS8                          0.000     0.000 r  top_i/zynq_ps/inst/PS8_i/PLCLK[0]
                         net (fo=1, routed)           0.103     0.103    top_i/zynq_ps/inst/pl_clk_unbuffered[0]
    BUFG_PS_X0Y53        BUFG_PS (Prop_BUFG_PS_I_O)
                                                      0.017     0.120 r  top_i/zynq_ps/inst/buffer_pl_clk_0.PL_CLK_0_BUFG/O
    X2Y3 (CLOCK_ROOT)    net (fo=114764, routed)      1.182     1.302    top_i/rst_zynq_ps_99M/U0/slowest_sync_clk
    SLICE_X76Y199        FDRE                                         r  top_i/rst_zynq_ps_99M/U0/ACTIVE_LOW_PR_OUT_DFF[0].FDRE_PER_N_lopt_replica/C
  -------------------------------------------------------------------    -------------------
    SLICE_X76Y199        FDRE (Prop_EFF_SLICEM_C_Q)
                                                      0.038     1.340 f  top_i/rst_zynq_ps_99M/U0/ACTIVE_LOW_PR_OUT_DFF[0].FDRE_PER_N_lopt_replica/Q
                         net (fo=1, routed)           0.479     1.819    top_i/rst_zynq_ps_99M/U0/Q_replN
    BUFGCE_X0Y72         BUFGCE (Prop_BUFCE_BUFGCE_I_O)
                                                      0.017     1.836 f  top_i/rst_zynq_ps_99M/U0/peripheral_aresetn[0]_BUFG_inst/O
                         net (fo=29351, routed)       0.667     2.503    top_i/StreamingDataflowPartition_0/inst/StreamingDataflowPartition_0_StreamingFIFO_rtl_22/fifo/inst/gen_fifo.xpm_fifo_axis_inst/s_aresetn
    SLICE_X97Y194        LUT1 (Prop_F6LUT_SLICEM_I0_O)
                                                      0.059     2.562 r  top_i/StreamingDataflowPartition_0/inst/StreamingDataflowPartition_0_StreamingFIFO_rtl_22/fifo/inst/gen_fifo.xpm_fifo_axis_inst/gaxis_rst_sync.xpm_cdc_sync_rst_inst_i_1/O
                         net (fo=1, routed)           0.035     2.597    top_i/StreamingDataflowPartition_0/inst/StreamingDataflowPartition_0_StreamingFIFO_rtl_22/fifo/inst/gen_fifo.xpm_fifo_axis_inst/gaxis_rst_sync.xpm_cdc_sync_rst_inst/src_rst
    SLICE_X97Y194        FDRE                                         r  top_i/StreamingDataflowPartition_0/inst/StreamingDataflowPartition_0_StreamingFIFO_rtl_22/fifo/inst/gen_fifo.xpm_fifo_axis_inst/gaxis_rst_sync.xpm_cdc_sync_rst_inst/syncstages_ff_reg[0]/D
  -------------------------------------------------------------------    -------------------

                         (clock clk_pl_0 rise edge)
                                                      0.000     0.000 r  
    PS8_X0Y0             PS8                          0.000     0.000 r  top_i/zynq_ps/inst/PS8_i/PLCLK[0]
                         net (fo=1, routed)           0.129     0.129    top_i/zynq_ps/inst/pl_clk_unbuffered[0]
    BUFG_PS_X0Y53        BUFG_PS (Prop_BUFG_PS_I_O)
                                                      0.018     0.147 r  top_i/zynq_ps/inst/buffer_pl_clk_0.PL_CLK_0_BUFG/O
    X2Y3 (CLOCK_ROOT)    net (fo=114764, routed)      1.459     1.606    top_i/StreamingDataflowPartition_0/inst/StreamingDataflowPartition_0_StreamingFIFO_rtl_22/fifo/inst/gen_fifo.xpm_fifo_axis_inst/gaxis_rst_sync.xpm_cdc_sync_rst_inst/dest_clk
    SLICE_X97Y194        FDRE                                         r  top_i/StreamingDataflowPartition_0/inst/StreamingDataflowPartition_0_StreamingFIFO_rtl_22/fifo/inst/gen_fifo.xpm_fifo_axis_inst/gaxis_rst_sync.xpm_cdc_sync_rst_inst/syncstages_ff_reg[0]/C

Slack:                    inf
  Source:                 top_i/rst_zynq_ps_99M/U0/ACTIVE_LOW_PR_OUT_DFF[0].FDRE_PER_N_lopt_replica/C
                            (rising edge-triggered cell FDRE clocked by clk_pl_0  {rise@0.000ns fall@5.000ns period=10.000ns})
  Destination:            top_i/StreamingDataflowPartition_0/inst/StreamingDataflowPartition_0_StreamingFIFO_rtl_5/fifo/inst/gen_fifo.xpm_fifo_axis_inst/gaxis_rst_sync.xpm_cdc_sync_rst_inst/syncstages_ff_reg[0]/D
                            (rising edge-triggered cell FDRE clocked by clk_pl_0  {rise@0.000ns fall@5.000ns period=10.000ns})
  Path Group:             (none)
  Path Type:              Hold (Min at Fast Process Corner)
  Data Path Delay:        1.370ns  (logic 0.096ns (7.007%)  route 1.274ns (92.993%))
  Logic Levels:           2  (BUFGCE=1 LUT1=1)
  Clock Path Skew:        0.110ns (DCD - SCD - CPR)
    Destination Clock Delay (DCD):    1.412ns
    Source Clock Delay      (SCD):    1.302ns
    Clock Pessimism Removal (CPR):    -0.000ns
  Clock Uncertainty:      0.130ns  ((TSJ^2 + DJ^2)^1/2) / 2 + PE
    Total System Jitter     (TSJ):    0.071ns
    Discrete Jitter          (DJ):    0.250ns
    Phase Error              (PE):    0.000ns
  Clock Net Delay (Source):      1.182ns (routing 0.363ns, distribution 0.819ns)
  Clock Net Delay (Destination): 1.265ns (routing 0.408ns, distribution 0.857ns)
  Timing Exception:       False Path

    Location             Delay type                Incr(ns)  Path(ns)    Netlist Resource(s)
  -------------------------------------------------------------------    -------------------
                         (clock clk_pl_0 rise edge)
                                                      0.000     0.000 r  
    PS8_X0Y0             PS8                          0.000     0.000 r  top_i/zynq_ps/inst/PS8_i/PLCLK[0]
                         net (fo=1, routed)           0.103     0.103    top_i/zynq_ps/inst/pl_clk_unbuffered[0]
    BUFG_PS_X0Y53        BUFG_PS (Prop_BUFG_PS_I_O)
                                                      0.017     0.120 r  top_i/zynq_ps/inst/buffer_pl_clk_0.PL_CLK_0_BUFG/O
    X2Y3 (CLOCK_ROOT)    net (fo=114764, routed)      1.182     1.302    top_i/rst_zynq_ps_99M/U0/slowest_sync_clk
    SLICE_X76Y199        FDRE                                         r  top_i/rst_zynq_ps_99M/U0/ACTIVE_LOW_PR_OUT_DFF[0].FDRE_PER_N_lopt_replica/C
  -------------------------------------------------------------------    -------------------
    SLICE_X76Y199        FDRE (Prop_EFF_SLICEM_C_Q)
                                                      0.038     1.340 f  top_i/rst_zynq_ps_99M/U0/ACTIVE_LOW_PR_OUT_DFF[0].FDRE_PER_N_lopt_replica/Q
                         net (fo=1, routed)           0.479     1.819    top_i/rst_zynq_ps_99M/U0/Q_replN
    BUFGCE_X0Y72         BUFGCE (Prop_BUFCE_BUFGCE_I_O)
                                                      0.017     1.836 f  top_i/rst_zynq_ps_99M/U0/peripheral_aresetn[0]_BUFG_inst/O
                         net (fo=29351, routed)       0.732     2.568    top_i/StreamingDataflowPartition_0/inst/StreamingDataflowPartition_0_StreamingFIFO_rtl_5/fifo/inst/gen_fifo.xpm_fifo_axis_inst/s_aresetn
    SLICE_X39Y231        LUT1 (Prop_A6LUT_SLICEM_I0_O)
                                                      0.041     2.609 r  top_i/StreamingDataflowPartition_0/inst/StreamingDataflowPartition_0_StreamingFIFO_rtl_5/fifo/inst/gen_fifo.xpm_fifo_axis_inst/gaxis_rst_sync.xpm_cdc_sync_rst_inst_i_1/O
                         net (fo=1, routed)           0.063     2.672    top_i/StreamingDataflowPartition_0/inst/StreamingDataflowPartition_0_StreamingFIFO_rtl_5/fifo/inst/gen_fifo.xpm_fifo_axis_inst/gaxis_rst_sync.xpm_cdc_sync_rst_inst/src_rst
    SLICE_X39Y231        FDRE                                         r  top_i/StreamingDataflowPartition_0/inst/StreamingDataflowPartition_0_StreamingFIFO_rtl_5/fifo/inst/gen_fifo.xpm_fifo_axis_inst/gaxis_rst_sync.xpm_cdc_sync_rst_inst/syncstages_ff_reg[0]/D
  -------------------------------------------------------------------    -------------------

                         (clock clk_pl_0 rise edge)
                                                      0.000     0.000 r  
    PS8_X0Y0             PS8                          0.000     0.000 r  top_i/zynq_ps/inst/PS8_i/PLCLK[0]
                         net (fo=1, routed)           0.129     0.129    top_i/zynq_ps/inst/pl_clk_unbuffered[0]
    BUFG_PS_X0Y53        BUFG_PS (Prop_BUFG_PS_I_O)
                                                      0.018     0.147 r  top_i/zynq_ps/inst/buffer_pl_clk_0.PL_CLK_0_BUFG/O
    X2Y3 (CLOCK_ROOT)    net (fo=114764, routed)      1.265     1.412    top_i/StreamingDataflowPartition_0/inst/StreamingDataflowPartition_0_StreamingFIFO_rtl_5/fifo/inst/gen_fifo.xpm_fifo_axis_inst/gaxis_rst_sync.xpm_cdc_sync_rst_inst/dest_clk
    SLICE_X39Y231        FDRE                                         r  top_i/StreamingDataflowPartition_0/inst/StreamingDataflowPartition_0_StreamingFIFO_rtl_5/fifo/inst/gen_fifo.xpm_fifo_axis_inst/gaxis_rst_sync.xpm_cdc_sync_rst_inst/syncstages_ff_reg[0]/C

Slack:                    inf
  Source:                 top_i/rst_zynq_ps_99M/U0/ACTIVE_LOW_PR_OUT_DFF[0].FDRE_PER_N_lopt_replica/C
                            (rising edge-triggered cell FDRE clocked by clk_pl_0  {rise@0.000ns fall@5.000ns period=10.000ns})
  Destination:            top_i/StreamingDataflowPartition_0/inst/StreamingDataflowPartition_0_StreamingFIFO_rtl_2/fifo/inst/gen_fifo.xpm_fifo_axis_inst/gaxis_rst_sync.xpm_cdc_sync_rst_inst/syncstages_ff_reg[0]/D
                            (rising edge-triggered cell FDRE clocked by clk_pl_0  {rise@0.000ns fall@5.000ns period=10.000ns})
  Path Group:             (none)
  Path Type:              Hold (Min at Fast Process Corner)
  Data Path Delay:        1.393ns  (logic 0.096ns (6.892%)  route 1.297ns (93.108%))
  Logic Levels:           2  (BUFGCE=1 LUT1=1)
  Clock Path Skew:        0.140ns (DCD - SCD - CPR)
    Destination Clock Delay (DCD):    1.442ns
    Source Clock Delay      (SCD):    1.302ns
    Clock Pessimism Removal (CPR):    -0.000ns
  Clock Uncertainty:      0.130ns  ((TSJ^2 + DJ^2)^1/2) / 2 + PE
    Total System Jitter     (TSJ):    0.071ns
    Discrete Jitter          (DJ):    0.250ns
    Phase Error              (PE):    0.000ns
  Clock Net Delay (Source):      1.182ns (routing 0.363ns, distribution 0.819ns)
  Clock Net Delay (Destination): 1.295ns (routing 0.408ns, distribution 0.887ns)
  Timing Exception:       False Path

    Location             Delay type                Incr(ns)  Path(ns)    Netlist Resource(s)
  -------------------------------------------------------------------    -------------------
                         (clock clk_pl_0 rise edge)
                                                      0.000     0.000 r  
    PS8_X0Y0             PS8                          0.000     0.000 r  top_i/zynq_ps/inst/PS8_i/PLCLK[0]
                         net (fo=1, routed)           0.103     0.103    top_i/zynq_ps/inst/pl_clk_unbuffered[0]
    BUFG_PS_X0Y53        BUFG_PS (Prop_BUFG_PS_I_O)
                                                      0.017     0.120 r  top_i/zynq_ps/inst/buffer_pl_clk_0.PL_CLK_0_BUFG/O
    X2Y3 (CLOCK_ROOT)    net (fo=114764, routed)      1.182     1.302    top_i/rst_zynq_ps_99M/U0/slowest_sync_clk
    SLICE_X76Y199        FDRE                                         r  top_i/rst_zynq_ps_99M/U0/ACTIVE_LOW_PR_OUT_DFF[0].FDRE_PER_N_lopt_replica/C
  -------------------------------------------------------------------    -------------------
    SLICE_X76Y199        FDRE (Prop_EFF_SLICEM_C_Q)
                                                      0.038     1.340 f  top_i/rst_zynq_ps_99M/U0/ACTIVE_LOW_PR_OUT_DFF[0].FDRE_PER_N_lopt_replica/Q
                         net (fo=1, routed)           0.479     1.819    top_i/rst_zynq_ps_99M/U0/Q_replN
    BUFGCE_X0Y72         BUFGCE (Prop_BUFCE_BUFGCE_I_O)
                                                      0.017     1.836 f  top_i/rst_zynq_ps_99M/U0/peripheral_aresetn[0]_BUFG_inst/O
                         net (fo=29351, routed)       0.760     2.596    top_i/StreamingDataflowPartition_0/inst/StreamingDataflowPartition_0_StreamingFIFO_rtl_2/fifo/inst/gen_fifo.xpm_fifo_axis_inst/s_aresetn
    SLICE_X36Y193        LUT1 (Prop_A6LUT_SLICEL_I0_O)
                                                      0.041     2.637 r  top_i/StreamingDataflowPartition_0/inst/StreamingDataflowPartition_0_StreamingFIFO_rtl_2/fifo/inst/gen_fifo.xpm_fifo_axis_inst/gaxis_rst_sync.xpm_cdc_sync_rst_inst_i_1/O
                         net (fo=1, routed)           0.058     2.695    top_i/StreamingDataflowPartition_0/inst/StreamingDataflowPartition_0_StreamingFIFO_rtl_2/fifo/inst/gen_fifo.xpm_fifo_axis_inst/gaxis_rst_sync.xpm_cdc_sync_rst_inst/src_rst
    SLICE_X36Y193        FDRE                                         r  top_i/StreamingDataflowPartition_0/inst/StreamingDataflowPartition_0_StreamingFIFO_rtl_2/fifo/inst/gen_fifo.xpm_fifo_axis_inst/gaxis_rst_sync.xpm_cdc_sync_rst_inst/syncstages_ff_reg[0]/D
  -------------------------------------------------------------------    -------------------

                         (clock clk_pl_0 rise edge)
                                                      0.000     0.000 r  
    PS8_X0Y0             PS8                          0.000     0.000 r  top_i/zynq_ps/inst/PS8_i/PLCLK[0]
                         net (fo=1, routed)           0.129     0.129    top_i/zynq_ps/inst/pl_clk_unbuffered[0]
    BUFG_PS_X0Y53        BUFG_PS (Prop_BUFG_PS_I_O)
                                                      0.018     0.147 r  top_i/zynq_ps/inst/buffer_pl_clk_0.PL_CLK_0_BUFG/O
    X2Y3 (CLOCK_ROOT)    net (fo=114764, routed)      1.295     1.442    top_i/StreamingDataflowPartition_0/inst/StreamingDataflowPartition_0_StreamingFIFO_rtl_2/fifo/inst/gen_fifo.xpm_fifo_axis_inst/gaxis_rst_sync.xpm_cdc_sync_rst_inst/dest_clk
    SLICE_X36Y193        FDRE                                         r  top_i/StreamingDataflowPartition_0/inst/StreamingDataflowPartition_0_StreamingFIFO_rtl_2/fifo/inst/gen_fifo.xpm_fifo_axis_inst/gaxis_rst_sync.xpm_cdc_sync_rst_inst/syncstages_ff_reg[0]/C

Slack:                    inf
  Source:                 top_i/rst_zynq_ps_99M/U0/ACTIVE_LOW_PR_OUT_DFF[0].FDRE_PER_N_lopt_replica/C
                            (rising edge-triggered cell FDRE clocked by clk_pl_0  {rise@0.000ns fall@5.000ns period=10.000ns})
  Destination:            top_i/axi_interconnect_0/s00_couplers/auto_ds/inst/gen_downsizer.gen_simple_downsizer.axi_downsizer_inst/USE_WRITE.write_addr_inst/cmd_queue/inst/fifo_gen_inst/inst_fifo_gen/gconvfifo.rf/grf.rf/rstblk/ngwrdrst.grst.g7serrst.gnsckt_wrst.rst_wr_reg2_inst/arststages_ff_reg[0]/PRE
                            (removal check against rising-edge clock clk_pl_0  {rise@0.000ns fall@5.000ns period=10.000ns})
  Path Group:             (none)
  Path Type:              Removal (Min at Fast Process Corner)
  Data Path Delay:        1.498ns  (logic 0.055ns (3.672%)  route 1.443ns (96.328%))
  Logic Levels:           1  (BUFGCE=1)
  Clock Path Skew:        0.197ns (DCD - SCD - CPR)
    Destination Clock Delay (DCD):    1.499ns
    Source Clock Delay      (SCD):    1.302ns
    Clock Pessimism Removal (CPR):    -0.000ns
  Clock Uncertainty:      0.130ns  ((TSJ^2 + DJ^2)^1/2) / 2 + PE
    Total System Jitter     (TSJ):    0.071ns
    Discrete Jitter          (DJ):    0.250ns
    Phase Error              (PE):    0.000ns
  Clock Net Delay (Source):      1.182ns (routing 0.363ns, distribution 0.819ns)
  Clock Net Delay (Destination): 1.352ns (routing 0.408ns, distribution 0.944ns)
  Timing Exception:       False Path

    Location             Delay type                Incr(ns)  Path(ns)    Netlist Resource(s)
  -------------------------------------------------------------------    -------------------
                         (clock clk_pl_0 rise edge)
                                                      0.000     0.000 r  
    PS8_X0Y0             PS8                          0.000     0.000 r  top_i/zynq_ps/inst/PS8_i/PLCLK[0]
                         net (fo=1, routed)           0.103     0.103    top_i/zynq_ps/inst/pl_clk_unbuffered[0]
    BUFG_PS_X0Y53        BUFG_PS (Prop_BUFG_PS_I_O)
                                                      0.017     0.120 r  top_i/zynq_ps/inst/buffer_pl_clk_0.PL_CLK_0_BUFG/O
    X2Y3 (CLOCK_ROOT)    net (fo=114764, routed)      1.182     1.302    top_i/rst_zynq_ps_99M/U0/slowest_sync_clk
    SLICE_X76Y199        FDRE                                         r  top_i/rst_zynq_ps_99M/U0/ACTIVE_LOW_PR_OUT_DFF[0].FDRE_PER_N_lopt_replica/C
  -------------------------------------------------------------------    -------------------
    SLICE_X76Y199        FDRE (Prop_EFF_SLICEM_C_Q)
                                                      0.038     1.340 r  top_i/rst_zynq_ps_99M/U0/ACTIVE_LOW_PR_OUT_DFF[0].FDRE_PER_N_lopt_replica/Q
                         net (fo=1, routed)           0.479     1.819    top_i/rst_zynq_ps_99M/U0/Q_replN
    BUFGCE_X0Y72         BUFGCE (Prop_BUFCE_BUFGCE_I_O)
                                                      0.017     1.836 r  top_i/rst_zynq_ps_99M/U0/peripheral_aresetn[0]_BUFG_inst/O
                         net (fo=29351, routed)       0.964     2.800    top_i/axi_interconnect_0/s00_couplers/auto_ds/inst/gen_downsizer.gen_simple_downsizer.axi_downsizer_inst/USE_WRITE.write_addr_inst/cmd_queue/inst/fifo_gen_inst/inst_fifo_gen/gconvfifo.rf/grf.rf/rstblk/ngwrdrst.grst.g7serrst.gnsckt_wrst.rst_wr_reg2_inst/src_arst
    SLICE_X30Y29         FDPE                                         f  top_i/axi_interconnect_0/s00_couplers/auto_ds/inst/gen_downsizer.gen_simple_downsizer.axi_downsizer_inst/USE_WRITE.write_addr_inst/cmd_queue/inst/fifo_gen_inst/inst_fifo_gen/gconvfifo.rf/grf.rf/rstblk/ngwrdrst.grst.g7serrst.gnsckt_wrst.rst_wr_reg2_inst/arststages_ff_reg[0]/PRE  (IS_INVERTED)
  -------------------------------------------------------------------    -------------------

                         (clock clk_pl_0 rise edge)
                                                      0.000     0.000 r  
    PS8_X0Y0             PS8                          0.000     0.000 r  top_i/zynq_ps/inst/PS8_i/PLCLK[0]
                         net (fo=1, routed)           0.129     0.129    top_i/zynq_ps/inst/pl_clk_unbuffered[0]
    BUFG_PS_X0Y53        BUFG_PS (Prop_BUFG_PS_I_O)
                                                      0.018     0.147 r  top_i/zynq_ps/inst/buffer_pl_clk_0.PL_CLK_0_BUFG/O
    X2Y3 (CLOCK_ROOT)    net (fo=114764, routed)      1.352     1.499    top_i/axi_interconnect_0/s00_couplers/auto_ds/inst/gen_downsizer.gen_simple_downsizer.axi_downsizer_inst/USE_WRITE.write_addr_inst/cmd_queue/inst/fifo_gen_inst/inst_fifo_gen/gconvfifo.rf/grf.rf/rstblk/ngwrdrst.grst.g7serrst.gnsckt_wrst.rst_wr_reg2_inst/dest_clk
    SLICE_X30Y29         FDPE                                         r  top_i/axi_interconnect_0/s00_couplers/auto_ds/inst/gen_downsizer.gen_simple_downsizer.axi_downsizer_inst/USE_WRITE.write_addr_inst/cmd_queue/inst/fifo_gen_inst/inst_fifo_gen/gconvfifo.rf/grf.rf/rstblk/ngwrdrst.grst.g7serrst.gnsckt_wrst.rst_wr_reg2_inst/arststages_ff_reg[0]/C

Slack:                    inf
  Source:                 top_i/rst_zynq_ps_99M/U0/ACTIVE_LOW_PR_OUT_DFF[0].FDRE_PER_N_lopt_replica/C
                            (rising edge-triggered cell FDRE clocked by clk_pl_0  {rise@0.000ns fall@5.000ns period=10.000ns})
  Destination:            top_i/axi_interconnect_0/s00_couplers/auto_ds/inst/gen_downsizer.gen_simple_downsizer.axi_downsizer_inst/USE_WRITE.write_addr_inst/cmd_queue/inst/fifo_gen_inst/inst_fifo_gen/gconvfifo.rf/grf.rf/rstblk/ngwrdrst.grst.g7serrst.gnsckt_wrst.rst_wr_reg2_inst/arststages_ff_reg[1]/PRE
                            (removal check against rising-edge clock clk_pl_0  {rise@0.000ns fall@5.000ns period=10.000ns})
  Path Group:             (none)
  Path Type:              Removal (Min at Fast Process Corner)
  Data Path Delay:        1.498ns  (logic 0.055ns (3.672%)  route 1.443ns (96.328%))
  Logic Levels:           1  (BUFGCE=1)
  Clock Path Skew:        0.197ns (DCD - SCD - CPR)
    Destination Clock Delay (DCD):    1.499ns
    Source Clock Delay      (SCD):    1.302ns
    Clock Pessimism Removal (CPR):    -0.000ns
  Clock Uncertainty:      0.130ns  ((TSJ^2 + DJ^2)^1/2) / 2 + PE
    Total System Jitter     (TSJ):    0.071ns
    Discrete Jitter          (DJ):    0.250ns
    Phase Error              (PE):    0.000ns
  Clock Net Delay (Source):      1.182ns (routing 0.363ns, distribution 0.819ns)
  Clock Net Delay (Destination): 1.352ns (routing 0.408ns, distribution 0.944ns)
  Timing Exception:       False Path

    Location             Delay type                Incr(ns)  Path(ns)    Netlist Resource(s)
  -------------------------------------------------------------------    -------------------
                         (clock clk_pl_0 rise edge)
                                                      0.000     0.000 r  
    PS8_X0Y0             PS8                          0.000     0.000 r  top_i/zynq_ps/inst/PS8_i/PLCLK[0]
                         net (fo=1, routed)           0.103     0.103    top_i/zynq_ps/inst/pl_clk_unbuffered[0]
    BUFG_PS_X0Y53        BUFG_PS (Prop_BUFG_PS_I_O)
                                                      0.017     0.120 r  top_i/zynq_ps/inst/buffer_pl_clk_0.PL_CLK_0_BUFG/O
    X2Y3 (CLOCK_ROOT)    net (fo=114764, routed)      1.182     1.302    top_i/rst_zynq_ps_99M/U0/slowest_sync_clk
    SLICE_X76Y199        FDRE                                         r  top_i/rst_zynq_ps_99M/U0/ACTIVE_LOW_PR_OUT_DFF[0].FDRE_PER_N_lopt_replica/C
  -------------------------------------------------------------------    -------------------
    SLICE_X76Y199        FDRE (Prop_EFF_SLICEM_C_Q)
                                                      0.038     1.340 r  top_i/rst_zynq_ps_99M/U0/ACTIVE_LOW_PR_OUT_DFF[0].FDRE_PER_N_lopt_replica/Q
                         net (fo=1, routed)           0.479     1.819    top_i/rst_zynq_ps_99M/U0/Q_replN
    BUFGCE_X0Y72         BUFGCE (Prop_BUFCE_BUFGCE_I_O)
                                                      0.017     1.836 r  top_i/rst_zynq_ps_99M/U0/peripheral_aresetn[0]_BUFG_inst/O
                         net (fo=29351, routed)       0.964     2.800    top_i/axi_interconnect_0/s00_couplers/auto_ds/inst/gen_downsizer.gen_simple_downsizer.axi_downsizer_inst/USE_WRITE.write_addr_inst/cmd_queue/inst/fifo_gen_inst/inst_fifo_gen/gconvfifo.rf/grf.rf/rstblk/ngwrdrst.grst.g7serrst.gnsckt_wrst.rst_wr_reg2_inst/src_arst
    SLICE_X30Y29         FDPE                                         f  top_i/axi_interconnect_0/s00_couplers/auto_ds/inst/gen_downsizer.gen_simple_downsizer.axi_downsizer_inst/USE_WRITE.write_addr_inst/cmd_queue/inst/fifo_gen_inst/inst_fifo_gen/gconvfifo.rf/grf.rf/rstblk/ngwrdrst.grst.g7serrst.gnsckt_wrst.rst_wr_reg2_inst/arststages_ff_reg[1]/PRE  (IS_INVERTED)
  -------------------------------------------------------------------    -------------------

                         (clock clk_pl_0 rise edge)
                                                      0.000     0.000 r  
    PS8_X0Y0             PS8                          0.000     0.000 r  top_i/zynq_ps/inst/PS8_i/PLCLK[0]
                         net (fo=1, routed)           0.129     0.129    top_i/zynq_ps/inst/pl_clk_unbuffered[0]
    BUFG_PS_X0Y53        BUFG_PS (Prop_BUFG_PS_I_O)
                                                      0.018     0.147 r  top_i/zynq_ps/inst/buffer_pl_clk_0.PL_CLK_0_BUFG/O
    X2Y3 (CLOCK_ROOT)    net (fo=114764, routed)      1.352     1.499    top_i/axi_interconnect_0/s00_couplers/auto_ds/inst/gen_downsizer.gen_simple_downsizer.axi_downsizer_inst/USE_WRITE.write_addr_inst/cmd_queue/inst/fifo_gen_inst/inst_fifo_gen/gconvfifo.rf/grf.rf/rstblk/ngwrdrst.grst.g7serrst.gnsckt_wrst.rst_wr_reg2_inst/dest_clk
    SLICE_X30Y29         FDPE                                         r  top_i/axi_interconnect_0/s00_couplers/auto_ds/inst/gen_downsizer.gen_simple_downsizer.axi_downsizer_inst/USE_WRITE.write_addr_inst/cmd_queue/inst/fifo_gen_inst/inst_fifo_gen/gconvfifo.rf/grf.rf/rstblk/ngwrdrst.grst.g7serrst.gnsckt_wrst.rst_wr_reg2_inst/arststages_ff_reg[1]/C

Slack:                    inf
  Source:                 top_i/rst_zynq_ps_99M/U0/ACTIVE_LOW_PR_OUT_DFF[0].FDRE_PER_N_lopt_replica/C
                            (rising edge-triggered cell FDRE clocked by clk_pl_0  {rise@0.000ns fall@5.000ns period=10.000ns})
  Destination:            top_i/axi_interconnect_0/s00_couplers/auto_ds/inst/gen_downsizer.gen_simple_downsizer.axi_downsizer_inst/USE_WRITE.write_addr_inst/USE_B_CHANNEL.cmd_b_queue/inst/fifo_gen_inst/inst_fifo_gen/gconvfifo.rf/grf.rf/rstblk/ngwrdrst.grst.g7serrst.gnsckt_wrst.rst_wr_reg2_inst/arststages_ff_reg[0]/PRE
                            (removal check against rising-edge clock clk_pl_0  {rise@0.000ns fall@5.000ns period=10.000ns})
  Path Group:             (none)
  Path Type:              Removal (Min at Fast Process Corner)
  Data Path Delay:        1.499ns  (logic 0.055ns (3.670%)  route 1.444ns (96.330%))
  Logic Levels:           1  (BUFGCE=1)
  Clock Path Skew:        0.199ns (DCD - SCD - CPR)
    Destination Clock Delay (DCD):    1.501ns
    Source Clock Delay      (SCD):    1.302ns
    Clock Pessimism Removal (CPR):    -0.000ns
  Clock Uncertainty:      0.130ns  ((TSJ^2 + DJ^2)^1/2) / 2 + PE
    Total System Jitter     (TSJ):    0.071ns
    Discrete Jitter          (DJ):    0.250ns
    Phase Error              (PE):    0.000ns
  Clock Net Delay (Source):      1.182ns (routing 0.363ns, distribution 0.819ns)
  Clock Net Delay (Destination): 1.354ns (routing 0.408ns, distribution 0.946ns)
  Timing Exception:       False Path

    Location             Delay type                Incr(ns)  Path(ns)    Netlist Resource(s)
  -------------------------------------------------------------------    -------------------
                         (clock clk_pl_0 rise edge)
                                                      0.000     0.000 r  
    PS8_X0Y0             PS8                          0.000     0.000 r  top_i/zynq_ps/inst/PS8_i/PLCLK[0]
                         net (fo=1, routed)           0.103     0.103    top_i/zynq_ps/inst/pl_clk_unbuffered[0]
    BUFG_PS_X0Y53        BUFG_PS (Prop_BUFG_PS_I_O)
                                                      0.017     0.120 r  top_i/zynq_ps/inst/buffer_pl_clk_0.PL_CLK_0_BUFG/O
    X2Y3 (CLOCK_ROOT)    net (fo=114764, routed)      1.182     1.302    top_i/rst_zynq_ps_99M/U0/slowest_sync_clk
    SLICE_X76Y199        FDRE                                         r  top_i/rst_zynq_ps_99M/U0/ACTIVE_LOW_PR_OUT_DFF[0].FDRE_PER_N_lopt_replica/C
  -------------------------------------------------------------------    -------------------
    SLICE_X76Y199        FDRE (Prop_EFF_SLICEM_C_Q)
                                                      0.038     1.340 r  top_i/rst_zynq_ps_99M/U0/ACTIVE_LOW_PR_OUT_DFF[0].FDRE_PER_N_lopt_replica/Q
                         net (fo=1, routed)           0.479     1.819    top_i/rst_zynq_ps_99M/U0/Q_replN
    BUFGCE_X0Y72         BUFGCE (Prop_BUFCE_BUFGCE_I_O)
                                                      0.017     1.836 r  top_i/rst_zynq_ps_99M/U0/peripheral_aresetn[0]_BUFG_inst/O
                         net (fo=29351, routed)       0.965     2.801    top_i/axi_interconnect_0/s00_couplers/auto_ds/inst/gen_downsizer.gen_simple_downsizer.axi_downsizer_inst/USE_WRITE.write_addr_inst/USE_B_CHANNEL.cmd_b_queue/inst/fifo_gen_inst/inst_fifo_gen/gconvfifo.rf/grf.rf/rstblk/ngwrdrst.grst.g7serrst.gnsckt_wrst.rst_wr_reg2_inst/src_arst
    SLICE_X29Y24         FDPE                                         f  top_i/axi_interconnect_0/s00_couplers/auto_ds/inst/gen_downsizer.gen_simple_downsizer.axi_downsizer_inst/USE_WRITE.write_addr_inst/USE_B_CHANNEL.cmd_b_queue/inst/fifo_gen_inst/inst_fifo_gen/gconvfifo.rf/grf.rf/rstblk/ngwrdrst.grst.g7serrst.gnsckt_wrst.rst_wr_reg2_inst/arststages_ff_reg[0]/PRE  (IS_INVERTED)
  -------------------------------------------------------------------    -------------------

                         (clock clk_pl_0 rise edge)
                                                      0.000     0.000 r  
    PS8_X0Y0             PS8                          0.000     0.000 r  top_i/zynq_ps/inst/PS8_i/PLCLK[0]
                         net (fo=1, routed)           0.129     0.129    top_i/zynq_ps/inst/pl_clk_unbuffered[0]
    BUFG_PS_X0Y53        BUFG_PS (Prop_BUFG_PS_I_O)
                                                      0.018     0.147 r  top_i/zynq_ps/inst/buffer_pl_clk_0.PL_CLK_0_BUFG/O
    X2Y3 (CLOCK_ROOT)    net (fo=114764, routed)      1.354     1.501    top_i/axi_interconnect_0/s00_couplers/auto_ds/inst/gen_downsizer.gen_simple_downsizer.axi_downsizer_inst/USE_WRITE.write_addr_inst/USE_B_CHANNEL.cmd_b_queue/inst/fifo_gen_inst/inst_fifo_gen/gconvfifo.rf/grf.rf/rstblk/ngwrdrst.grst.g7serrst.gnsckt_wrst.rst_wr_reg2_inst/dest_clk
    SLICE_X29Y24         FDPE                                         r  top_i/axi_interconnect_0/s00_couplers/auto_ds/inst/gen_downsizer.gen_simple_downsizer.axi_downsizer_inst/USE_WRITE.write_addr_inst/USE_B_CHANNEL.cmd_b_queue/inst/fifo_gen_inst/inst_fifo_gen/gconvfifo.rf/grf.rf/rstblk/ngwrdrst.grst.g7serrst.gnsckt_wrst.rst_wr_reg2_inst/arststages_ff_reg[0]/C

Slack:                    inf
  Source:                 top_i/rst_zynq_ps_99M/U0/ACTIVE_LOW_PR_OUT_DFF[0].FDRE_PER_N_lopt_replica/C
                            (rising edge-triggered cell FDRE clocked by clk_pl_0  {rise@0.000ns fall@5.000ns period=10.000ns})
  Destination:            top_i/axi_interconnect_0/s00_couplers/auto_ds/inst/gen_downsizer.gen_simple_downsizer.axi_downsizer_inst/USE_WRITE.write_addr_inst/USE_B_CHANNEL.cmd_b_queue/inst/fifo_gen_inst/inst_fifo_gen/gconvfifo.rf/grf.rf/rstblk/ngwrdrst.grst.g7serrst.gnsckt_wrst.rst_wr_reg2_inst/arststages_ff_reg[1]/PRE
                            (removal check against rising-edge clock clk_pl_0  {rise@0.000ns fall@5.000ns period=10.000ns})
  Path Group:             (none)
  Path Type:              Removal (Min at Fast Process Corner)
  Data Path Delay:        1.499ns  (logic 0.055ns (3.670%)  route 1.444ns (96.330%))
  Logic Levels:           1  (BUFGCE=1)
  Clock Path Skew:        0.199ns (DCD - SCD - CPR)
    Destination Clock Delay (DCD):    1.501ns
    Source Clock Delay      (SCD):    1.302ns
    Clock Pessimism Removal (CPR):    -0.000ns
  Clock Uncertainty:      0.130ns  ((TSJ^2 + DJ^2)^1/2) / 2 + PE
    Total System Jitter     (TSJ):    0.071ns
    Discrete Jitter          (DJ):    0.250ns
    Phase Error              (PE):    0.000ns
  Clock Net Delay (Source):      1.182ns (routing 0.363ns, distribution 0.819ns)
  Clock Net Delay (Destination): 1.354ns (routing 0.408ns, distribution 0.946ns)
  Timing Exception:       False Path

    Location             Delay type                Incr(ns)  Path(ns)    Netlist Resource(s)
  -------------------------------------------------------------------    -------------------
                         (clock clk_pl_0 rise edge)
                                                      0.000     0.000 r  
    PS8_X0Y0             PS8                          0.000     0.000 r  top_i/zynq_ps/inst/PS8_i/PLCLK[0]
                         net (fo=1, routed)           0.103     0.103    top_i/zynq_ps/inst/pl_clk_unbuffered[0]
    BUFG_PS_X0Y53        BUFG_PS (Prop_BUFG_PS_I_O)
                                                      0.017     0.120 r  top_i/zynq_ps/inst/buffer_pl_clk_0.PL_CLK_0_BUFG/O
    X2Y3 (CLOCK_ROOT)    net (fo=114764, routed)      1.182     1.302    top_i/rst_zynq_ps_99M/U0/slowest_sync_clk
    SLICE_X76Y199        FDRE                                         r  top_i/rst_zynq_ps_99M/U0/ACTIVE_LOW_PR_OUT_DFF[0].FDRE_PER_N_lopt_replica/C
  -------------------------------------------------------------------    -------------------
    SLICE_X76Y199        FDRE (Prop_EFF_SLICEM_C_Q)
                                                      0.038     1.340 r  top_i/rst_zynq_ps_99M/U0/ACTIVE_LOW_PR_OUT_DFF[0].FDRE_PER_N_lopt_replica/Q
                         net (fo=1, routed)           0.479     1.819    top_i/rst_zynq_ps_99M/U0/Q_replN
    BUFGCE_X0Y72         BUFGCE (Prop_BUFCE_BUFGCE_I_O)
                                                      0.017     1.836 r  top_i/rst_zynq_ps_99M/U0/peripheral_aresetn[0]_BUFG_inst/O
                         net (fo=29351, routed)       0.965     2.801    top_i/axi_interconnect_0/s00_couplers/auto_ds/inst/gen_downsizer.gen_simple_downsizer.axi_downsizer_inst/USE_WRITE.write_addr_inst/USE_B_CHANNEL.cmd_b_queue/inst/fifo_gen_inst/inst_fifo_gen/gconvfifo.rf/grf.rf/rstblk/ngwrdrst.grst.g7serrst.gnsckt_wrst.rst_wr_reg2_inst/src_arst
    SLICE_X29Y24         FDPE                                         f  top_i/axi_interconnect_0/s00_couplers/auto_ds/inst/gen_downsizer.gen_simple_downsizer.axi_downsizer_inst/USE_WRITE.write_addr_inst/USE_B_CHANNEL.cmd_b_queue/inst/fifo_gen_inst/inst_fifo_gen/gconvfifo.rf/grf.rf/rstblk/ngwrdrst.grst.g7serrst.gnsckt_wrst.rst_wr_reg2_inst/arststages_ff_reg[1]/PRE  (IS_INVERTED)
  -------------------------------------------------------------------    -------------------

                         (clock clk_pl_0 rise edge)
                                                      0.000     0.000 r  
    PS8_X0Y0             PS8                          0.000     0.000 r  top_i/zynq_ps/inst/PS8_i/PLCLK[0]
                         net (fo=1, routed)           0.129     0.129    top_i/zynq_ps/inst/pl_clk_unbuffered[0]
    BUFG_PS_X0Y53        BUFG_PS (Prop_BUFG_PS_I_O)
                                                      0.018     0.147 r  top_i/zynq_ps/inst/buffer_pl_clk_0.PL_CLK_0_BUFG/O
    X2Y3 (CLOCK_ROOT)    net (fo=114764, routed)      1.354     1.501    top_i/axi_interconnect_0/s00_couplers/auto_ds/inst/gen_downsizer.gen_simple_downsizer.axi_downsizer_inst/USE_WRITE.write_addr_inst/USE_B_CHANNEL.cmd_b_queue/inst/fifo_gen_inst/inst_fifo_gen/gconvfifo.rf/grf.rf/rstblk/ngwrdrst.grst.g7serrst.gnsckt_wrst.rst_wr_reg2_inst/dest_clk
    SLICE_X29Y24         FDPE                                         r  top_i/axi_interconnect_0/s00_couplers/auto_ds/inst/gen_downsizer.gen_simple_downsizer.axi_downsizer_inst/USE_WRITE.write_addr_inst/USE_B_CHANNEL.cmd_b_queue/inst/fifo_gen_inst/inst_fifo_gen/gconvfifo.rf/grf.rf/rstblk/ngwrdrst.grst.g7serrst.gnsckt_wrst.rst_wr_reg2_inst/arststages_ff_reg[1]/C

Slack:                    inf
  Source:                 top_i/rst_zynq_ps_99M/U0/ACTIVE_LOW_PR_OUT_DFF[0].FDRE_PER_N_lopt_replica/C
                            (rising edge-triggered cell FDRE clocked by clk_pl_0  {rise@0.000ns fall@5.000ns period=10.000ns})
  Destination:            top_i/axi_interconnect_0/s00_couplers/auto_ds/inst/gen_downsizer.gen_simple_downsizer.axi_downsizer_inst/USE_READ.read_addr_inst/cmd_queue/inst/fifo_gen_inst/inst_fifo_gen/gconvfifo.rf/grf.rf/rstblk/ngwrdrst.grst.g7serrst.gnsckt_wrst.rst_wr_reg2_inst/arststages_ff_reg[0]/PRE
                            (removal check against rising-edge clock clk_pl_0  {rise@0.000ns fall@5.000ns period=10.000ns})
  Path Group:             (none)
  Path Type:              Removal (Min at Fast Process Corner)
  Data Path Delay:        1.507ns  (logic 0.055ns (3.651%)  route 1.452ns (96.349%))
  Logic Levels:           1  (BUFGCE=1)
  Clock Path Skew:        0.213ns (DCD - SCD - CPR)
    Destination Clock Delay (DCD):    1.515ns
    Source Clock Delay      (SCD):    1.302ns
    Clock Pessimism Removal (CPR):    -0.000ns
  Clock Uncertainty:      0.130ns  ((TSJ^2 + DJ^2)^1/2) / 2 + PE
    Total System Jitter     (TSJ):    0.071ns
    Discrete Jitter          (DJ):    0.250ns
    Phase Error              (PE):    0.000ns
  Clock Net Delay (Source):      1.182ns (routing 0.363ns, distribution 0.819ns)
  Clock Net Delay (Destination): 1.368ns (routing 0.408ns, distribution 0.960ns)
  Timing Exception:       False Path

    Location             Delay type                Incr(ns)  Path(ns)    Netlist Resource(s)
  -------------------------------------------------------------------    -------------------
                         (clock clk_pl_0 rise edge)
                                                      0.000     0.000 r  
    PS8_X0Y0             PS8                          0.000     0.000 r  top_i/zynq_ps/inst/PS8_i/PLCLK[0]
                         net (fo=1, routed)           0.103     0.103    top_i/zynq_ps/inst/pl_clk_unbuffered[0]
    BUFG_PS_X0Y53        BUFG_PS (Prop_BUFG_PS_I_O)
                                                      0.017     0.120 r  top_i/zynq_ps/inst/buffer_pl_clk_0.PL_CLK_0_BUFG/O
    X2Y3 (CLOCK_ROOT)    net (fo=114764, routed)      1.182     1.302    top_i/rst_zynq_ps_99M/U0/slowest_sync_clk
    SLICE_X76Y199        FDRE                                         r  top_i/rst_zynq_ps_99M/U0/ACTIVE_LOW_PR_OUT_DFF[0].FDRE_PER_N_lopt_replica/C
  -------------------------------------------------------------------    -------------------
    SLICE_X76Y199        FDRE (Prop_EFF_SLICEM_C_Q)
                                                      0.038     1.340 r  top_i/rst_zynq_ps_99M/U0/ACTIVE_LOW_PR_OUT_DFF[0].FDRE_PER_N_lopt_replica/Q
                         net (fo=1, routed)           0.479     1.819    top_i/rst_zynq_ps_99M/U0/Q_replN
    BUFGCE_X0Y72         BUFGCE (Prop_BUFCE_BUFGCE_I_O)
                                                      0.017     1.836 r  top_i/rst_zynq_ps_99M/U0/peripheral_aresetn[0]_BUFG_inst/O
                         net (fo=29351, routed)       0.973     2.809    top_i/axi_interconnect_0/s00_couplers/auto_ds/inst/gen_downsizer.gen_simple_downsizer.axi_downsizer_inst/USE_READ.read_addr_inst/cmd_queue/inst/fifo_gen_inst/inst_fifo_gen/gconvfifo.rf/grf.rf/rstblk/ngwrdrst.grst.g7serrst.gnsckt_wrst.rst_wr_reg2_inst/src_arst
    SLICE_X25Y50         FDPE                                         f  top_i/axi_interconnect_0/s00_couplers/auto_ds/inst/gen_downsizer.gen_simple_downsizer.axi_downsizer_inst/USE_READ.read_addr_inst/cmd_queue/inst/fifo_gen_inst/inst_fifo_gen/gconvfifo.rf/grf.rf/rstblk/ngwrdrst.grst.g7serrst.gnsckt_wrst.rst_wr_reg2_inst/arststages_ff_reg[0]/PRE  (IS_INVERTED)
  -------------------------------------------------------------------    -------------------

                         (clock clk_pl_0 rise edge)
                                                      0.000     0.000 r  
    PS8_X0Y0             PS8                          0.000     0.000 r  top_i/zynq_ps/inst/PS8_i/PLCLK[0]
                         net (fo=1, routed)           0.129     0.129    top_i/zynq_ps/inst/pl_clk_unbuffered[0]
    BUFG_PS_X0Y53        BUFG_PS (Prop_BUFG_PS_I_O)
                                                      0.018     0.147 r  top_i/zynq_ps/inst/buffer_pl_clk_0.PL_CLK_0_BUFG/O
    X2Y3 (CLOCK_ROOT)    net (fo=114764, routed)      1.368     1.515    top_i/axi_interconnect_0/s00_couplers/auto_ds/inst/gen_downsizer.gen_simple_downsizer.axi_downsizer_inst/USE_READ.read_addr_inst/cmd_queue/inst/fifo_gen_inst/inst_fifo_gen/gconvfifo.rf/grf.rf/rstblk/ngwrdrst.grst.g7serrst.gnsckt_wrst.rst_wr_reg2_inst/dest_clk
    SLICE_X25Y50         FDPE                                         r  top_i/axi_interconnect_0/s00_couplers/auto_ds/inst/gen_downsizer.gen_simple_downsizer.axi_downsizer_inst/USE_READ.read_addr_inst/cmd_queue/inst/fifo_gen_inst/inst_fifo_gen/gconvfifo.rf/grf.rf/rstblk/ngwrdrst.grst.g7serrst.gnsckt_wrst.rst_wr_reg2_inst/arststages_ff_reg[0]/C

Slack:                    inf
  Source:                 top_i/rst_zynq_ps_99M/U0/ACTIVE_LOW_PR_OUT_DFF[0].FDRE_PER_N_lopt_replica/C
                            (rising edge-triggered cell FDRE clocked by clk_pl_0  {rise@0.000ns fall@5.000ns period=10.000ns})
  Destination:            top_i/axi_interconnect_0/s00_couplers/auto_ds/inst/gen_downsizer.gen_simple_downsizer.axi_downsizer_inst/USE_READ.read_addr_inst/cmd_queue/inst/fifo_gen_inst/inst_fifo_gen/gconvfifo.rf/grf.rf/rstblk/ngwrdrst.grst.g7serrst.gnsckt_wrst.rst_wr_reg2_inst/arststages_ff_reg[1]/PRE
                            (removal check against rising-edge clock clk_pl_0  {rise@0.000ns fall@5.000ns period=10.000ns})
  Path Group:             (none)
  Path Type:              Removal (Min at Fast Process Corner)
  Data Path Delay:        1.507ns  (logic 0.055ns (3.651%)  route 1.452ns (96.349%))
  Logic Levels:           1  (BUFGCE=1)
  Clock Path Skew:        0.213ns (DCD - SCD - CPR)
    Destination Clock Delay (DCD):    1.515ns
    Source Clock Delay      (SCD):    1.302ns
    Clock Pessimism Removal (CPR):    -0.000ns
  Clock Uncertainty:      0.130ns  ((TSJ^2 + DJ^2)^1/2) / 2 + PE
    Total System Jitter     (TSJ):    0.071ns
    Discrete Jitter          (DJ):    0.250ns
    Phase Error              (PE):    0.000ns
  Clock Net Delay (Source):      1.182ns (routing 0.363ns, distribution 0.819ns)
  Clock Net Delay (Destination): 1.368ns (routing 0.408ns, distribution 0.960ns)
  Timing Exception:       False Path

    Location             Delay type                Incr(ns)  Path(ns)    Netlist Resource(s)
  -------------------------------------------------------------------    -------------------
                         (clock clk_pl_0 rise edge)
                                                      0.000     0.000 r  
    PS8_X0Y0             PS8                          0.000     0.000 r  top_i/zynq_ps/inst/PS8_i/PLCLK[0]
                         net (fo=1, routed)           0.103     0.103    top_i/zynq_ps/inst/pl_clk_unbuffered[0]
    BUFG_PS_X0Y53        BUFG_PS (Prop_BUFG_PS_I_O)
                                                      0.017     0.120 r  top_i/zynq_ps/inst/buffer_pl_clk_0.PL_CLK_0_BUFG/O
    X2Y3 (CLOCK_ROOT)    net (fo=114764, routed)      1.182     1.302    top_i/rst_zynq_ps_99M/U0/slowest_sync_clk
    SLICE_X76Y199        FDRE                                         r  top_i/rst_zynq_ps_99M/U0/ACTIVE_LOW_PR_OUT_DFF[0].FDRE_PER_N_lopt_replica/C
  -------------------------------------------------------------------    -------------------
    SLICE_X76Y199        FDRE (Prop_EFF_SLICEM_C_Q)
                                                      0.038     1.340 r  top_i/rst_zynq_ps_99M/U0/ACTIVE_LOW_PR_OUT_DFF[0].FDRE_PER_N_lopt_replica/Q
                         net (fo=1, routed)           0.479     1.819    top_i/rst_zynq_ps_99M/U0/Q_replN
    BUFGCE_X0Y72         BUFGCE (Prop_BUFCE_BUFGCE_I_O)
                                                      0.017     1.836 r  top_i/rst_zynq_ps_99M/U0/peripheral_aresetn[0]_BUFG_inst/O
                         net (fo=29351, routed)       0.973     2.809    top_i/axi_interconnect_0/s00_couplers/auto_ds/inst/gen_downsizer.gen_simple_downsizer.axi_downsizer_inst/USE_READ.read_addr_inst/cmd_queue/inst/fifo_gen_inst/inst_fifo_gen/gconvfifo.rf/grf.rf/rstblk/ngwrdrst.grst.g7serrst.gnsckt_wrst.rst_wr_reg2_inst/src_arst
    SLICE_X25Y50         FDPE                                         f  top_i/axi_interconnect_0/s00_couplers/auto_ds/inst/gen_downsizer.gen_simple_downsizer.axi_downsizer_inst/USE_READ.read_addr_inst/cmd_queue/inst/fifo_gen_inst/inst_fifo_gen/gconvfifo.rf/grf.rf/rstblk/ngwrdrst.grst.g7serrst.gnsckt_wrst.rst_wr_reg2_inst/arststages_ff_reg[1]/PRE  (IS_INVERTED)
  -------------------------------------------------------------------    -------------------

                         (clock clk_pl_0 rise edge)
                                                      0.000     0.000 r  
    PS8_X0Y0             PS8                          0.000     0.000 r  top_i/zynq_ps/inst/PS8_i/PLCLK[0]
                         net (fo=1, routed)           0.129     0.129    top_i/zynq_ps/inst/pl_clk_unbuffered[0]
    BUFG_PS_X0Y53        BUFG_PS (Prop_BUFG_PS_I_O)
                                                      0.018     0.147 r  top_i/zynq_ps/inst/buffer_pl_clk_0.PL_CLK_0_BUFG/O
    X2Y3 (CLOCK_ROOT)    net (fo=114764, routed)      1.368     1.515    top_i/axi_interconnect_0/s00_couplers/auto_ds/inst/gen_downsizer.gen_simple_downsizer.axi_downsizer_inst/USE_READ.read_addr_inst/cmd_queue/inst/fifo_gen_inst/inst_fifo_gen/gconvfifo.rf/grf.rf/rstblk/ngwrdrst.grst.g7serrst.gnsckt_wrst.rst_wr_reg2_inst/dest_clk
    SLICE_X25Y50         FDPE                                         r  top_i/axi_interconnect_0/s00_couplers/auto_ds/inst/gen_downsizer.gen_simple_downsizer.axi_downsizer_inst/USE_READ.read_addr_inst/cmd_queue/inst/fifo_gen_inst/inst_fifo_gen/gconvfifo.rf/grf.rf/rstblk/ngwrdrst.grst.g7serrst.gnsckt_wrst.rst_wr_reg2_inst/arststages_ff_reg[1]/C





